#
# A fatal error has been detected by the Java Runtime Environment:
#
#  EXCEPTION_ACCESS_VIOLATION (0xc0000005) at pc=0x00007ffd20e62db5, pid=1688, tid=4820
#
# JRE version: OpenJDK Runtime Environment Temurin-17.0.7+7 (17.0.7+7) (build 17.0.7+7)
# Java VM: OpenJDK 64-Bit Server VM Temurin-17.0.7+7 (17.0.7+7, mixed mode, sharing, tiered, compressed oops, compressed class ptrs, g1 gc, windows-amd64)
# Problematic frame:
# C  [librdi_filemgmt.dll+0x342db5]
#
# No core dump will be written. Minidumps are not enabled by default on client versions of Windows
#
# If you would like to submit a bug report, please visit:
#   https://github.com/adoptium/adoptium-support/issues
# The crash happened outside the Java Virtual Machine in native code.
# See problematic frame for where to report the bug.
#

---------------  S U M M A R Y ------------

Command Line: -Dsun.java2d.pmoffscreen=false -Dhttps.protocols=TLSv1,TLSv1.1,TLSv1.2 -Dsun.java2d.xrender=false -Dsun.java2d.d3d=false -Dsun.awt.nopixfmt=true -Dsun.java2d.dpiaware=true -Dsun.java2d.uiScale.enabled=false -Dswing.aatext=true -XX:-UsePerfData -Djdk.map.althashing.threshold=512 -XX:StringTableSize=4072 -XX:+UseStringDeduplication -XX:MaxGCPauseMillis=200 -XX:+ParallelRefProcEnabled --add-opens=java.desktop/javax.swing.plaf.synth=ALL-UNNAMED --add-opens=java.base/java.nio=ALL-UNNAMED --add-opens=java.desktop/sun.swing=ALL-UNNAMED --add-opens=java.desktop/javax.swing=ALL-UNNAMED --add-opens=java.desktop/javax.swing.tree=ALL-UNNAMED --add-opens=java.desktop/javax.swing.plaf.basic=ALL-UNNAMED --add-opens=java.desktop/javax.swing.plaf.synth=ALL-UNNAMED --add-opens=java.desktop/javax.swing.plaf.basic=ALL-UNNAMED --add-opens=java.desktop/javax.swing=ALL-UNNAMED --add-opens=java.desktop/javax.swing.tree=ALL-UNNAMED --add-opens=java.desktop/java.awt.event=ALL-UNNAMED --add-exports=java.desktop/javax.swing.plaf.synth=ALL-UNNAMED --add-exports=java.base/java.nio=ALL-UNNAMED --add-exports=java.desktop/sun.swing=ALL-UNNAMED --add-exports=java.desktop/javax.swing=ALL-UNNAMED --add-exports=java.desktop/javax.swing.tree=ALL-UNNAMED --add-exports=java.desktop/javax.swing.plaf.basic=ALL-UNNAMED --add-exports=java.desktop/sun.swing=ALL-UNNAMED --add-exports=java.desktop/sun.swing.table=ALL-UNNAMED --add-exports=java.desktop/sun.swing.plaf.synth=ALL-UNNAMED --add-exports=java.desktop/sun.awt.shell=ALL-UNNAMED --add-exports=java.base/sun.security.action=ALL-UNNAMED --add-exports=java.desktop/sun.font=ALL-UNNAMED -XX:NewSize=80m -XX:MaxNewSize=80m -Xms512m -Xmx4072m -Xss10m 

Host: AMD Ryzen 7 7800X3D 8-Core Processor           , 16 cores, 63G,  Windows 10 , 64 bit Build 19041 (10.0.19041.5915)
Time: Fri Sep  4 15:53:18 2026  Windows 10 , 64 bit Build 19041 (10.0.19041.5915) elapsed time: 15452.701413 seconds (0d 4h 17m 32s)

---------------  T H R E A D  ---------------

Current thread (0x000001c1554cedb0):  JavaThread "AWT-EventQueue-0" [_thread_in_native, id=4820, stack(0x0000003f21600000,0x0000003f22000000)]

Stack: [0x0000003f21600000,0x0000003f22000000],  sp=0x0000003f21ffe860,  free space=10234k
Native frames: (J=compiled Java code, j=interpreted, Vv=VM code, C=native code)
C  [librdi_filemgmt.dll+0x342db5]
C  [librdi_filemgmt.dll+0x341605]
C  [librdi_filemgmt.dll+0x35e57f]
C  0x000001c164a1d621

Java frames: (J=compiled Java code, j=interpreted, Vv=VM code)
j  ui.data.srcscan.srcscani.EditorAssist_createFoldInfoIter(JLjava/lang/String;)J+0
j  ui.j.a.a.ZN(Ljava/lang/String;)J+14
j  ui.j.a.c.a(Ljava/net/URI;)V+26
j  ui.j.a.a.ZK(Ljava/lang/String;)V+8
j  ui.views.W.a.a.ayx(Ljava/lang/String;)V+27
j  ui.views.W.a.a.ldn()V+43
j  ui.views.W.a.h.aPQ()V+20
J 24720 c2 ui.frmwork.z.run()V (15 bytes) @ 0x000001c165b551c8 [0x000001c165b54e60+0x0000000000000368]
J 14555 c2 java.awt.EventQueue.dispatchEvent(Ljava/awt/AWTEvent;)V java.desktop@17.0.7 (80 bytes) @ 0x000001c165bf5a4c [0x000001c165bf5440+0x000000000000060c]
J 23319 c2 ui.frmwork.a.d.dispatchEvent(Ljava/awt/AWTEvent;)V (42 bytes) @ 0x000001c16676a48c [0x000001c1667696a0+0x0000000000000dec]
J 22233 c2 java.awt.EventDispatchThread.pumpOneEventForFilters(I)V java.desktop@17.0.7 (113 bytes) @ 0x000001c165f357c4 [0x000001c165f34d40+0x0000000000000a84]
J 22501% c2 java.awt.EventDispatchThread.pumpEventsForFilter(ILjava/awt/Conditional;Ljava/awt/EventFilter;)V java.desktop@17.0.7 (47 bytes) @ 0x000001c166575a0c [0x000001c1665758e0+0x000000000000012c]
j  java.awt.EventDispatchThread.pumpEventsForHierarchy(ILjava/awt/Conditional;Ljava/awt/Component;)V+11 java.desktop@17.0.7
j  java.awt.EventDispatchThread.pumpEvents(ILjava/awt/Conditional;)V+4 java.desktop@17.0.7
j  java.awt.EventDispatchThread.pumpEvents(Ljava/awt/Conditional;)V+3 java.desktop@17.0.7
j  java.awt.EventDispatchThread.run()V+9 java.desktop@17.0.7
v  ~StubRoutines::call_stub

siginfo: EXCEPTION_ACCESS_VIOLATION (0xc0000005), reading address 0xffffffffffffffff


Register to memory mapping:

RIP=0x00007ffd20e62db5 librdi_filemgmt.dll
RAX=0x0 is NULL
RBX=0x000001c181d93740 points into unknown readable memory: 0x73656c706d617800 | 00 78 61 6d 70 6c 65 73
RCX=0x0000003f21ffe8a8 is pointing into the stack for thread: 0x000001c1554cedb0
RDX=0x73656c706d617800 is an unknown value
RSP=0x0000003f21ffe860 is pointing into the stack for thread: 0x000001c1554cedb0
RBP=0x0000003f21ffe9b0 is pointing into the stack for thread: 0x000001c1554cedb0
RSI=0x0 is NULL
RDI=0x000001c1176c6040 points into unknown readable memory: 0x00007ffd2104c890 | 90 c8 04 21 fd 7f 00 00
R8 =0x0 is NULL
R9 =0x0000000000000001 is an unknown value
R10=0x0000000000008000 is an unknown value
R11=0x0000003f21ffc790 is pointing into the stack for thread: 0x000001c1554cedb0
R12=0x0000003f21ffeb48 is pointing into the stack for thread: 0x000001c1554cedb0
R13=0x000001c1027a83b0 points into unknown readable memory: 0x000001c11aa93f50 | 50 3f a9 1a c1 01 00 00
R14=0x0 is NULL
R15=0x000001c1997ebad0 points into unknown readable memory: 0x005c003f003f005c | 5c 00 3f 00 3f 00 5c 00


Registers:
RAX=0x0000000000000000, RBX=0x000001c181d93740, RCX=0x0000003f21ffe8a8, RDX=0x73656c706d617800
RSP=0x0000003f21ffe860, RBP=0x0000003f21ffe9b0, RSI=0x0000000000000000, RDI=0x000001c1176c6040
R8 =0x0000000000000000, R9 =0x0000000000000001, R10=0x0000000000008000, R11=0x0000003f21ffc790
R12=0x0000003f21ffeb48, R13=0x000001c1027a83b0, R14=0x0000000000000000, R15=0x000001c1997ebad0
RIP=0x00007ffd20e62db5, EFLAGS=0x0000000000010257

Top of Stack: (sp=0x0000003f21ffe860)
0x0000003f21ffe860:   0000000000000000 000001c181d93738
0x0000003f21ffe870:   000001c181d93738 0000003f21ffe9b0
0x0000003f21ffe880:   fffffffffffffffe 000001c1aa790000
0x0000003f21ffe890:   000001c1997ebad0 0000000000000000
0x0000003f21ffe8a0:   000000000000000f 000001c1aa790000
0x0000003f21ffe8b0:   000001c1997ebad0 0000000000000000
0x0000003f21ffe8c0:   000000000000000f 0000c35a8475cd16
0x0000003f21ffe8d0:   000000000000003c 000001c1027a83b0
0x0000003f21ffe8e0:   0000003f21ffe9b0 00007ffd20e61605
0x0000003f21ffe8f0:   000000000000003f 00007ffd20c6a624
0x0000003f21ffe900:   000000000000003c 000001c1176c6040
0x0000003f21ffe910:   000000072a1f7ce8 00007ffd00000000
0x0000003f21ffe920:   0000bd1ec8499fcd 0000bd1ec84990cd
0x0000003f21ffe930:   000001c1997ebad0 000001c1027a83b0
0x0000003f21ffe940:   0000003f21ffeb48 0000000000000001
0x0000003f21ffe950:   000001c1554cf058 0000003f21ffeb28 

Instructions: (pc=0x00007ffd20e62db5)
0x00007ffd20e62cb5:   c2 48 8b 4c 24 30 48 8b c1 48 81 fa 00 10 00 00
0x00007ffd20e62cc5:   72 1c 48 83 c2 27 48 8b 49 f8 48 2b c1 48 83 c0
0x00007ffd20e62cd5:   f8 48 83 f8 1f 76 07 ff 15 4e eb 19 00 cc e8 74
0x00007ffd20e62ce5:   b3 08 00 66 0f 6f 05 d0 33 1a 00 f3 0f 7f 44 24
0x00007ffd20e62cf5:   40 c6 44 24 30 00 48 8b cb e8 33 b2 08 00 85 c0
0x00007ffd20e62d05:   74 08 8b c8 e8 2e b2 08 00 90 48 8b c6 48 8b 4c
0x00007ffd20e62d15:   24 50 48 33 cc e8 81 b7 08 00 48 8b 9c 24 98 00
0x00007ffd20e62d25:   00 00 48 83 c4 60 5f 5e 5d c3 cc b8 02 00 00 00
0x00007ffd20e62d35:   c3 cc cc cc cc cc cc cc cc cc cc 48 8b c4 56 57
0x00007ffd20e62d45:   41 56 48 83 ec 70 48 c7 40 98 fe ff ff ff 48 89
0x00007ffd20e62d55:   58 18 48 89 68 20 48 8b 05 2e bf 3f 00 48 33 c4
0x00007ffd20e62d65:   48 89 44 24 68 48 8b ea 48 8b f9 48 8b 01 ff 50
0x00007ffd20e62d75:   08 8b f0 85 c0 0f 85 1b 01 00 00 48 8b 5f 08 48
0x00007ffd20e62d85:   83 c3 08 48 3b 5f 10 0f 84 09 01 00 00 45 33 f6
0x00007ffd20e62d95:   48 8b 13 4c 89 74 24 38 48 c7 44 24 40 0f 00 00
0x00007ffd20e62da5:   00 c6 44 24 28 00 49 c7 c0 ff ff ff ff 49 ff c0
0x00007ffd20e62db5:   42 80 3c 02 00 75 f6 48 8d 4c 24 28 e8 ea 24 ce
0x00007ffd20e62dc5:   ff 90 48 8d 54 24 28 48 8d 4c 24 48 ff 15 89 f6
0x00007ffd20e62dd5:   19 00 90 48 8b d5 48 8d 4c 24 48 ff 15 ba f3 19
0x00007ffd20e62de5:   00 84 c0 75 55 48 8d 4c 24 48 ff 15 93 f5 19 00
0x00007ffd20e62df5:   90 48 8b 54 24 40 48 83 fa 10 72 2e 48 ff c2 48
0x00007ffd20e62e05:   8b 4c 24 28 48 8b c1 48 81 fa 00 10 00 00 72 15
0x00007ffd20e62e15:   48 83 c2 27 48 8b 49 f8 48 2b c1 48 83 c0 f8 48
0x00007ffd20e62e25:   83 f8 1f 77 65 e8 2d b2 08 00 48 83 c3 08 48 3b
0x00007ffd20e62e35:   5f 10 0f 85 58 ff ff ff eb 5c 48 8b 07 48 8d 54
0x00007ffd20e62e45:   24 28 48 8b cf ff 50 08 8b f0 48 8d 4c 24 48 ff
0x00007ffd20e62e55:   15 2e f5 19 00 90 48 8b 54 24 40 48 83 fa 10 72
0x00007ffd20e62e65:   35 48 ff c2 48 8b 4c 24 28 48 8b c1 48 81 fa 00
0x00007ffd20e62e75:   10 00 00 72 1c 48 83 c2 27 48 8b 49 f8 48 2b c1
0x00007ffd20e62e85:   48 83 c0 f8 48 83 f8 1f 76 07 ff 15 9b e9 19 00
0x00007ffd20e62e95:   cc e8 c1 b1 08 00 8b c6 48 8b 4c 24 68 48 33 cc
0x00007ffd20e62ea5:   e8 f6 b5 08 00 4c 8d 5c 24 70 49 8b 5b 30 49 8b 


Stack slot to memory mapping:
stack at sp + 0 slots: 0x0 is NULL
stack at sp + 1 slots: 0x000001c181d93738 points into unknown readable memory: 0x00007ffd252a09d8 | d8 09 2a 25 fd 7f 00 00
stack at sp + 2 slots: 0x000001c181d93738 points into unknown readable memory: 0x00007ffd252a09d8 | d8 09 2a 25 fd 7f 00 00
stack at sp + 3 slots: 0x0000003f21ffe9b0 is pointing into the stack for thread: 0x000001c1554cedb0
stack at sp + 4 slots: 0xfffffffffffffffe is an unknown value
stack at sp + 5 slots: 0x000001c1aa790000 points into unknown readable memory: 0x0000000000000000 | 00 00 00 00 00 00 00 00
stack at sp + 6 slots: 0x000001c1997ebad0 points into unknown readable memory: 0x005c003f003f005c | 5c 00 3f 00 3f 00 5c 00
stack at sp + 7 slots: 0x0 is NULL


---------------  P R O C E S S  ---------------

Threads class SMR info:
_java_thread_list=0x000001c19578a240, length=76, elements={
0x000001c154d5fa90, 0x000001c1554af1e0, 0x000001c1554b02e0, 0x000001c1554c77c0,
0x000001c1554ce8e0, 0x000001c1554cbd90, 0x000001c1554cf280, 0x000001c1554d8f90,
0x000001c1554da4d0, 0x000001c1554dd010, 0x000001c1554cf750, 0x000001c1554cc260,
0x000001c1554cdf40, 0x000001c1554cc730, 0x000001c1554cda70, 0x000001c1554ce410,
0x000001c1554cedb0, 0x000001c1554cd5a0, 0x000001c10246aed0, 0x000001c10246ed60,
0x000001c10246def0, 0x000001c102470570, 0x000001c10246f700, 0x000001c10fafc8a0,
0x000001c10faf93b0, 0x000001c10faf7ba0, 0x000001c10dfd09c0, 0x000001c111f4e530,
0x000001c111f52d60, 0x000001c111f4e060, 0x000001c111f57590, 0x000001c111f53700,
0x000001c111f558b0, 0x000001c111f55d80, 0x000001c111f56720, 0x000001c111f56bf0,
0x000001c111f56250, 0x000001c111f570c0, 0x000001c111f57a60, 0x000001c111f57f30,
0x000001c111f506e0, 0x000001c111f5c760, 0x000001c111f5daa0, 0x000001c111f59270,
0x000001c111f5cc30, 0x000001c111f59c10, 0x000001c111f5b420, 0x000001c111f5d100,
0x000001c11e4f38d0, 0x000001c1a32fe6c0, 0x000001c1a32ff060, 0x000001c1a32f7810,
0x000001c1a32ff530, 0x000001c1a32ffed0, 0x000001c1a3304bd0, 0x000001c1a33063e0,
0x000001c1a3303d60, 0x000001c1404c3ee0, 0x000001c1404c78a0, 0x000001c1404c90b0,
0x000001c1404cb260, 0x000001c1404c56f0, 0x000001c1404c9a50, 0x000001c1404c5bc0,
0x000001c1404cddb0, 0x000001c1404cfa90, 0x000001c1404ce280, 0x000001c1404d2110,
0x000001c1404d0430, 0x000001c1404d4c60, 0x000001c11e4ef570, 0x000001c11e5037e0,
0x000001c11e5071a0, 0x000001c11e4eebd0, 0x000001c11e4f03e0, 0x000001c11e4f08b0
}

Java Threads: ( => current thread )
  0x000001c154d5fa90 JavaThread "main" [_thread_blocked, id=13056, stack(0x0000003f15c00000,0x0000003f15d00000)]
  0x000001c1554af1e0 JavaThread "Reference Handler" daemon [_thread_blocked, id=15268, stack(0x0000003f18200000,0x0000003f18c00000)]
  0x000001c1554b02e0 JavaThread "Finalizer" daemon [_thread_blocked, id=13868, stack(0x0000003f18c00000,0x0000003f19600000)]
  0x000001c1554c77c0 JavaThread "Signal Dispatcher" daemon [_thread_blocked, id=12512, stack(0x0000003f19600000,0x0000003f1a000000)]
  0x000001c1554ce8e0 JavaThread "Attach Listener" daemon [_thread_blocked, id=15332, stack(0x0000003f1a000000,0x0000003f1aa00000)]
  0x000001c1554cbd90 JavaThread "Service Thread" daemon [_thread_blocked, id=13160, stack(0x0000003f1aa00000,0x0000003f1b400000)]
  0x000001c1554cf280 JavaThread "Monitor Deflation Thread" daemon [_thread_blocked, id=14232, stack(0x0000003f1b400000,0x0000003f1be00000)]
  0x000001c1554d8f90 JavaThread "C2 CompilerThread0" daemon [_thread_blocked, id=14684, stack(0x0000003f1be00000,0x0000003f1bf00000)]
  0x000001c1554da4d0 JavaThread "C1 CompilerThread0" daemon [_thread_blocked, id=6592, stack(0x0000003f1bf00000,0x0000003f1c000000)]
  0x000001c1554dd010 JavaThread "Sweeper thread" daemon [_thread_blocked, id=15388, stack(0x0000003f1c000000,0x0000003f1ca00000)]
  0x000001c1554cf750 JavaThread "Common-Cleaner" daemon [_thread_blocked, id=8304, stack(0x0000003f1ce00000,0x0000003f1d800000)]
  0x000001c1554cc260 JavaThread "Notification Thread" daemon [_thread_blocked, id=18500, stack(0x0000003f1d800000,0x0000003f1e200000)]
  0x000001c1554cdf40 JavaThread "Java2D Disposer" daemon [_thread_blocked, id=3988, stack(0x0000003f1e300000,0x0000003f1ed00000)]
  0x000001c1554cc730 JavaThread "AWT-Shutdown" [_thread_blocked, id=11452, stack(0x0000003f1ed00000,0x0000003f1f700000)]
  0x000001c1554cda70 JavaThread "AWT-Windows" daemon [_thread_in_native, id=18712, stack(0x0000003f1f700000,0x0000003f20100000)]
  0x000001c1554ce410 JavaThread "TimerQueue" daemon [_thread_blocked, id=12816, stack(0x0000003f20100000,0x0000003f20b00000)]
=>0x000001c1554cedb0 JavaThread "AWT-EventQueue-0" [_thread_in_native, id=4820, stack(0x0000003f21600000,0x0000003f22000000)]
  0x000001c1554cd5a0 JavaThread "Thread-1" [_thread_in_native, id=17248, stack(0x0000003f15f00000,0x0000003f17300000)]
  0x000001c10246aed0 JavaThread "Process Messages Thread" [_thread_blocked, id=15244, stack(0x0000003f23b00000,0x0000003f24500000)]
  0x000001c10246ed60 JavaThread "Batik CleanerThread" daemon [_thread_blocked, id=308, stack(0x0000003f24500000,0x0000003f24f00000)]
  0x000001c10246def0 JavaThread "SyntheticaCleanerThread" daemon [_thread_blocked, id=18080, stack(0x0000003f25900000,0x0000003f26300000)]
  0x000001c102470570 JavaThread "Timer-0" [_thread_blocked, id=7716, stack(0x0000003f26d00000,0x0000003f27700000)]
  0x000001c10246f700 JavaThread "Monitor File Timestamp Swing Worker Thread" [_thread_blocked, id=8600, stack(0x0000003f27700000,0x0000003f28100000)]
  0x000001c10fafc8a0 JavaThread "Monitor HEventQueue Thread" [_thread_blocked, id=15156, stack(0x0000003f28100000,0x0000003f28b00000)]
  0x000001c10faf93b0 JavaThread "SyntheticaAnimation 50" daemon [_thread_blocked, id=7912, stack(0x0000003f28b00000,0x0000003f29500000)]
  0x000001c10faf7ba0 JavaThread "SyntheticaAnimation 25" daemon [_thread_blocked, id=17676, stack(0x0000003f29500000,0x0000003f29f00000)]
  0x000001c10dfd09c0 JavaThread "SyntheticaAnimation 70" daemon [_thread_blocked, id=15172, stack(0x0000003f29f00000,0x0000003f2a900000)]
  0x000001c111f4e530 JavaThread "Refresh Filesets Swing Worker Thread" [_thread_blocked, id=5596, stack(0x0000003f26300000,0x0000003f26d00000)]
  0x000001c111f52d60 JavaThread "hw_ila_monitor" [_thread_blocked, id=17744, stack(0x0000003f2a900000,0x0000003f2b300000)]
  0x000001c111f4e060 JavaThread "pool-1-thread-1" [_thread_blocked, id=14280, stack(0x0000003f2c700000,0x0000003f2d100000)]
  0x000001c111f57590 JavaThread "Timer-1" [_thread_blocked, id=6380, stack(0x0000003f2d100000,0x0000003f2db00000)]
  0x000001c111f53700 JavaThread "pool-2-thread-1" [_thread_blocked, id=1044, stack(0x0000003f2db00000,0x0000003f2e500000)]
  0x000001c111f558b0 JavaThread "Timer-2" [_thread_blocked, id=18220, stack(0x0000003f2e500000,0x0000003f2ef00000)]
  0x000001c111f55d80 JavaThread "pool-3-thread-1" [_thread_blocked, id=11980, stack(0x0000003f2ef00000,0x0000003f2f900000)]
  0x000001c111f56720 JavaThread "Timer-3" [_thread_blocked, id=11000, stack(0x0000003f2f900000,0x0000003f30300000)]
  0x000001c111f56bf0 JavaThread "pool-4-thread-1" [_thread_blocked, id=14380, stack(0x0000003f30300000,0x0000003f30d00000)]
  0x000001c111f56250 JavaThread "Timer-4" [_thread_blocked, id=7436, stack(0x0000003f30d00000,0x0000003f31700000)]
  0x000001c111f570c0 JavaThread "pool-5-thread-1" [_thread_blocked, id=14816, stack(0x0000003f31700000,0x0000003f32100000)]
  0x000001c111f57a60 JavaThread "Timer-5" [_thread_blocked, id=19152, stack(0x0000003f32100000,0x0000003f32b00000)]
  0x000001c111f57f30 JavaThread "pool-6-thread-1" [_thread_blocked, id=9244, stack(0x0000003f32b00000,0x0000003f33500000)]
  0x000001c111f506e0 JavaThread "Timer-6" [_thread_blocked, id=1516, stack(0x0000003f33500000,0x0000003f33f00000)]
  0x000001c111f5c760 JavaThread "pool-7-thread-1" [_thread_blocked, id=11424, stack(0x0000003f33f00000,0x0000003f34900000)]
  0x000001c111f5daa0 JavaThread "Timer-7" [_thread_blocked, id=14972, stack(0x0000003f34900000,0x0000003f35300000)]
  0x000001c111f59270 JavaThread "pool-8-thread-1" [_thread_blocked, id=10040, stack(0x0000003f35300000,0x0000003f35d00000)]
  0x000001c111f5cc30 JavaThread "Timer-8" [_thread_blocked, id=4848, stack(0x0000003f35d00000,0x0000003f36700000)]
  0x000001c111f59c10 JavaThread "pool-9-thread-1" [_thread_blocked, id=14764, stack(0x0000003f36700000,0x0000003f37100000)]
  0x000001c111f5b420 JavaThread "Timer-9" [_thread_blocked, id=4260, stack(0x0000003f37100000,0x0000003f37b00000)]
  0x000001c111f5d100 JavaThread "Update Runs Swing Worker Thread" [_thread_blocked, id=2332, stack(0x0000003f38500000,0x0000003f38f00000)]
  0x000001c11e4f38d0 JavaThread "SyntheticaAnimation 50" daemon [_thread_blocked, id=18756, stack(0x0000003f22000000,0x0000003f22a00000)]
  0x000001c1a32fe6c0 JavaThread "pool-10-thread-1" [_thread_blocked, id=17080, stack(0x0000003f2b300000,0x0000003f2bd00000)]
  0x000001c1a32ff060 JavaThread "Timer-10" [_thread_blocked, id=13192, stack(0x0000003f2bd00000,0x0000003f2c700000)]
  0x000001c1a32f7810 JavaThread "pool-11-thread-1" [_thread_blocked, id=14712, stack(0x0000003f37b00000,0x0000003f38500000)]
  0x000001c1a32ff530 JavaThread "Timer-11" [_thread_blocked, id=16400, stack(0x0000003f38f00000,0x0000003f39900000)]
  0x000001c1a32ffed0 JavaThread "pool-12-thread-1" [_thread_blocked, id=1612, stack(0x0000003f39900000,0x0000003f3a300000)]
  0x000001c1a3304bd0 JavaThread "Timer-12" [_thread_blocked, id=3644, stack(0x0000003f3a300000,0x0000003f3ad00000)]
  0x000001c1a33063e0 JavaThread "pool-13-thread-1" [_thread_blocked, id=14696, stack(0x0000003f3ad00000,0x0000003f3b700000)]
  0x000001c1a3303d60 JavaThread "Timer-13" [_thread_blocked, id=8944, stack(0x0000003f3b700000,0x0000003f3c100000)]
  0x000001c1404c3ee0 JavaThread "Timer-14" [_thread_blocked, id=18556, stack(0x0000003f24f00000,0x0000003f25900000)]
  0x000001c1404c78a0 JavaThread "Monitor File Timestamp Swing Worker Thread" [_thread_blocked, id=14120, stack(0x0000003f3c100000,0x0000003f3cb00000)]
  0x000001c1404c90b0 JavaThread "Image Animator 3" daemon [_thread_blocked, id=14928, stack(0x0000003f3e900000,0x0000003f3f300000)]
  0x000001c1404cb260 JavaThread "Timer-16" [_thread_blocked, id=11464, stack(0x0000003f3df00000,0x0000003f3e900000)]
  0x000001c1404c56f0 JavaThread "Monitor File Timestamp Swing Worker Thread" [_thread_blocked, id=14716, stack(0x0000003f3f300000,0x0000003f3fd00000)]
  0x000001c1404c9a50 JavaThread "Timer-19" [_thread_blocked, id=1040, stack(0x0000003f3fd00000,0x0000003f40700000)]
  0x000001c1404c5bc0 JavaThread "Monitor File Timestamp Swing Worker Thread" [_thread_blocked, id=16288, stack(0x0000003f40700000,0x0000003f41100000)]
  0x000001c1404cddb0 JavaThread "Timer-20" [_thread_blocked, id=3248, stack(0x0000003f41100000,0x0000003f41b00000)]
  0x000001c1404cfa90 JavaThread "Monitor File Timestamp Swing Worker Thread" [_thread_blocked, id=8352, stack(0x0000003f42500000,0x0000003f42f00000)]
  0x000001c1404ce280 JavaThread "Timer-21" [_thread_blocked, id=7876, stack(0x0000003f42f00000,0x0000003f43900000)]
  0x000001c1404d2110 JavaThread "Monitor File Timestamp Swing Worker Thread" [_thread_blocked, id=11600, stack(0x0000003f43900000,0x0000003f44300000)]
  0x000001c1404d0430 JavaThread "Thread-15612" [_thread_in_native, id=6276, stack(0x0000003f15a00000,0x0000003f15b00000)]
  0x000001c1404d4c60 JavaThread "Thread-15613" [_thread_in_native, id=4852, stack(0x0000003f15900000,0x0000003f15a00000)]
  0x000001c11e4ef570 JavaThread "Timer-24" [_thread_blocked, id=19232, stack(0x0000003f44300000,0x0000003f44d00000)]
  0x000001c11e5037e0 JavaThread "pool-18-thread-1" [_thread_blocked, id=9456, stack(0x0000003f3d500000,0x0000003f3df00000)]
  0x000001c11e5071a0 JavaThread "Timer-25" [_thread_blocked, id=11536, stack(0x0000003f41b00000,0x0000003f42500000)]
  0x000001c11e4eebd0 JavaThread "Timer-26" [_thread_blocked, id=7200, stack(0x0000003f3cb00000,0x0000003f3d500000)]
  0x000001c11e4f03e0 JavaThread "Monitor File Timestamp Swing Worker Thread" [_thread_blocked, id=11460, stack(0x0000003f45700000,0x0000003f46100000)]
  0x000001c11e4f08b0 JavaThread "Code Inspector Thread" [_thread_in_native, id=2000, stack(0x0000003f46100000,0x0000003f46b00000)]

Other Threads:
  0x000001c14cee7e40 VMThread "VM Thread" [stack: 0x0000003f18100000,0x0000003f18200000] [id=3472]
  0x000001c155256960 WatcherThread [stack: 0x0000003f1e200000,0x0000003f1e300000] [id=1856]
  0x000001c1534af6b0 GCTaskThread "GC Thread#0" [stack: 0x0000003f17500000,0x0000003f17600000] [id=9340]
  0x000001c1534b3730 GCTaskThread "GC Thread#1" [stack: 0x0000003f1cd00000,0x0000003f1ce00000] [id=7868]
  0x000001c1534ab8e0 GCTaskThread "GC Thread#2" [stack: 0x0000003f20b00000,0x0000003f20c00000] [id=15768]
  0x000001c1534b39e0 GCTaskThread "GC Thread#3" [stack: 0x0000003f20c00000,0x0000003f20d00000] [id=3220]
  0x000001c1534b3c90 GCTaskThread "GC Thread#4" [stack: 0x0000003f20d00000,0x0000003f20e00000] [id=7956]
  0x000001c1534abe40 GCTaskThread "GC Thread#5" [stack: 0x0000003f20e00000,0x0000003f20f00000] [id=8248]
  0x000001c1534b3f40 GCTaskThread "GC Thread#6" [stack: 0x0000003f20f00000,0x0000003f21000000] [id=9740]
  0x000001c1534ac0f0 GCTaskThread "GC Thread#7" [stack: 0x0000003f21000000,0x0000003f21100000] [id=10432]
  0x000001c1534b41f0 GCTaskThread "GC Thread#8" [stack: 0x0000003f21100000,0x0000003f21200000] [id=10892]
  0x000001c1534b44a0 GCTaskThread "GC Thread#9" [stack: 0x0000003f21200000,0x0000003f21300000] [id=15200]
  0x000001c1534ac650 GCTaskThread "GC Thread#10" [stack: 0x0000003f21300000,0x0000003f21400000] [id=7968]
  0x000001c1534b4750 GCTaskThread "GC Thread#11" [stack: 0x0000003f21400000,0x0000003f21500000] [id=3496]
  0x000001c1534b4a00 GCTaskThread "GC Thread#12" [stack: 0x0000003f21500000,0x0000003f21600000] [id=13472]
  0x000001c153dfe9d0 ConcurrentGCThread "G1 Main Marker" [stack: 0x0000003f17c00000,0x0000003f17d00000] [id=9768]
  0x000001c1534b29c0 ConcurrentGCThread "G1 Conc#0" [stack: 0x0000003f17d00000,0x0000003f17e00000] [id=1012]
  0x000001c1534b9d50 ConcurrentGCThread "G1 Conc#1" [stack: 0x0000003f23100000,0x0000003f23200000] [id=11172]
  0x000001c1534b5a20 ConcurrentGCThread "G1 Conc#2" [stack: 0x0000003f23200000,0x0000003f23300000] [id=4596]
  0x000001c153a82d70 ConcurrentGCThread "G1 Refine#0" [stack: 0x0000003f17e00000,0x0000003f17f00000] [id=9804]
  0x000001c17efc6430 ConcurrentGCThread "G1 Refine#1" [stack: 0x0000003f22f00000,0x0000003f23000000] [id=428]
  0x000001c1539445c0 ConcurrentGCThread "G1 Service" [stack: 0x0000003f17f00000,0x0000003f18000000] [id=18628]
  0x000001c1534afc10 ConcurrentGCThread "StringDedupProcessor" [stack: 0x0000003f18000000,0x0000003f18100000] [id=19380]

Threads with active compile tasks:

VM state: not at safepoint (normal execution)

VM Mutex/Monitor currently owned by a thread: None

Heap address: 0x0000000701800000, size: 4072 MB, Compressed Oops mode: Zero based, Oop shift amount: 3

CDS archive(s) mapped at: [0x0000000800000000-0x0000000800bc0000-0x0000000800bc0000), size 12320768, SharedBaseAddress: 0x0000000800000000, ArchiveRelocationMode: 0.
Compressed class space mapped at: 0x0000000801000000-0x0000000841000000, reserved size: 1073741824
Narrow klass base: 0x0000000800000000, Narrow klass shift: 0, Narrow klass range: 0x100000000

GC Precious Log:
 CPUs: 16 total, 16 available
 Memory: 64662M
 Large Page Support: Disabled
 NUMA Support: Disabled
 Compressed Oops: Enabled (Zero based)
 Heap Region Size: 2M
 Heap Min Capacity: 512M
 Heap Initial Capacity: 512M
 Heap Max Capacity: 4072M
 Pre-touch: Disabled
 Parallel Workers: 13
 Concurrent Workers: 3
 Concurrent Refinement Workers: 13
 Periodic GC: Disabled
 String Deduplication is enabled

Heap:
 garbage-first heap   total 524288K, used 104600K [0x0000000701800000, 0x0000000800000000)
  region size 2048K, 4 young (8192K), 2 survivors (4096K)
 Metaspace       used 91282K, committed 91840K, reserved 1179648K
  class space    used 12302K, committed 12544K, reserved 1048576K

Heap Regions: E=young(eden), S=young(survivor), O=old, HS=humongous(starts), HC=humongous(continues), CS=collection set, F=free, OA=open archive, CA=closed archive, TAMS=top-at-mark-start (previous, next)
|   0|0x0000000701800000, 0x0000000701a00000, 0x0000000701a00000|100%|HS|  |TAMS 0x0000000701a00000, 0x0000000701800000| Untracked 
|   1|0x0000000701a00000, 0x0000000701bffff0, 0x0000000701c00000| 99%| O|  |TAMS 0x0000000701bffff0, 0x0000000701a00000| Untracked 
|   2|0x0000000701c00000, 0x0000000701dfff28, 0x0000000701e00000| 99%| O|  |TAMS 0x0000000701dfff28, 0x0000000701c00000| Untracked 
|   3|0x0000000701e00000, 0x0000000702000000, 0x0000000702000000|100%| O|  |TAMS 0x0000000702000000, 0x0000000701e00000| Untracked 
|   4|0x0000000702000000, 0x00000007021ffff0, 0x0000000702200000| 99%| O|  |TAMS 0x0000000702000000, 0x0000000702000000| Untracked 
|   5|0x0000000702200000, 0x0000000702400000, 0x0000000702400000|100%| O|  |TAMS 0x0000000702400000, 0x0000000702200000| Untracked 
|   6|0x0000000702400000, 0x00000007025fffd8, 0x0000000702600000| 99%| O|  |TAMS 0x00000007025fffd8, 0x0000000702400000| Untracked 
|   7|0x0000000702600000, 0x00000007027ffff8, 0x0000000702800000| 99%| O|  |TAMS 0x00000007027ffff8, 0x0000000702600000| Untracked 
|   8|0x0000000702800000, 0x00000007029fffc8, 0x0000000702a00000| 99%| O|  |TAMS 0x00000007029fffc8, 0x0000000702800000| Untracked 
|   9|0x0000000702a00000, 0x0000000702c00000, 0x0000000702c00000|100%| O|  |TAMS 0x0000000702c00000, 0x0000000702a00000| Untracked 
|  10|0x0000000702c00000, 0x0000000702dffff8, 0x0000000702e00000| 99%| O|  |TAMS 0x0000000702dffff8, 0x0000000702c00000| Untracked 
|  11|0x0000000702e00000, 0x0000000702ffff48, 0x0000000703000000| 99%| O|  |TAMS 0x0000000702ffff48, 0x0000000702e00000| Untracked 
|  12|0x0000000703000000, 0x0000000703200000, 0x0000000703200000|100%| O|  |TAMS 0x0000000703200000, 0x0000000703000000| Untracked 
|  13|0x0000000703200000, 0x00000007033f0c70, 0x0000000703400000| 97%| O|  |TAMS 0x0000000703200000, 0x0000000703200000| Untracked 
|  14|0x0000000703400000, 0x00000007035fff98, 0x0000000703600000| 99%| O|  |TAMS 0x00000007035fff98, 0x0000000703400000| Untracked 
|  15|0x0000000703600000, 0x00000007037fd5d8, 0x0000000703800000| 99%| O|  |TAMS 0x00000007037fd5d8, 0x0000000703600000| Untracked 
|  16|0x0000000703800000, 0x00000007039fffc0, 0x0000000703a00000| 99%| O|  |TAMS 0x00000007039fffc0, 0x0000000703800000| Untracked 
|  17|0x0000000703a00000, 0x0000000703bffff8, 0x0000000703c00000| 99%| O|  |TAMS 0x0000000703bffff8, 0x0000000703a00000| Untracked 
|  18|0x0000000703c00000, 0x0000000703e00000, 0x0000000703e00000|100%| O|  |TAMS 0x0000000703c00000, 0x0000000703c00000| Untracked 
|  19|0x0000000703e00000, 0x0000000703ffffd8, 0x0000000704000000| 99%| O|  |TAMS 0x0000000703e00000, 0x0000000703e00000| Untracked 
|  20|0x0000000704000000, 0x00000007041ffff8, 0x0000000704200000| 99%| O|  |TAMS 0x0000000704000000, 0x0000000704000000| Untracked 
|  21|0x0000000704200000, 0x00000007043fffe8, 0x0000000704400000| 99%| O|  |TAMS 0x0000000704200000, 0x0000000704200000| Untracked 
|  22|0x0000000704400000, 0x00000007045ffff8, 0x0000000704600000| 99%| O|  |TAMS 0x0000000704400000, 0x0000000704400000| Untracked 
|  23|0x0000000704600000, 0x00000007047ffff0, 0x0000000704800000| 99%| O|  |TAMS 0x0000000704600000, 0x0000000704600000| Untracked 
|  24|0x0000000704800000, 0x0000000704a00000, 0x0000000704a00000|100%|HS|  |TAMS 0x0000000704a00000, 0x0000000704800000| Untracked 
|  25|0x0000000704a00000, 0x0000000704c00000, 0x0000000704c00000|100%|HC|  |TAMS 0x0000000704c00000, 0x0000000704a00000| Untracked 
|  26|0x0000000704c00000, 0x0000000704e00000, 0x0000000704e00000|100%|HC|  |TAMS 0x0000000704e00000, 0x0000000704c00000| Untracked 
|  27|0x0000000704e00000, 0x0000000705000000, 0x0000000705000000|100%|HC|  |TAMS 0x0000000705000000, 0x0000000704e00000| Untracked 
|  28|0x0000000705000000, 0x0000000705200000, 0x0000000705200000|100%|HC|  |TAMS 0x0000000705200000, 0x0000000705000000| Untracked 
|  29|0x0000000705200000, 0x0000000705400000, 0x0000000705400000|100%|HC|  |TAMS 0x0000000705400000, 0x0000000705200000| Untracked 
|  30|0x0000000705400000, 0x0000000705600000, 0x0000000705600000|100%|HC|  |TAMS 0x0000000705600000, 0x0000000705400000| Untracked 
|  31|0x0000000705600000, 0x00000007057ffff8, 0x0000000705800000| 99%| O|  |TAMS 0x0000000705600000, 0x0000000705600000| Untracked 
|  32|0x0000000705800000, 0x00000007059fffc0, 0x0000000705a00000| 99%| O|  |TAMS 0x00000007059fffc0, 0x0000000705800000| Untracked 
|  33|0x0000000705a00000, 0x0000000705bf7b50, 0x0000000705c00000| 98%| O|  |TAMS 0x0000000705a00000, 0x0000000705a00000| Untracked 
|  34|0x0000000705c00000, 0x0000000705e00000, 0x0000000705e00000|100%| O|  |TAMS 0x0000000705e00000, 0x0000000705c00000| Untracked 
|  35|0x0000000705e00000, 0x0000000705ffff00, 0x0000000706000000| 99%| O|  |TAMS 0x0000000705e00000, 0x0000000705e00000| Untracked 
|  36|0x0000000706000000, 0x00000007061fffe8, 0x0000000706200000| 99%| O|  |TAMS 0x0000000706000000, 0x0000000706000000| Untracked 
|  37|0x0000000706200000, 0x00000007063ffff8, 0x0000000706400000| 99%| O|  |TAMS 0x0000000706200000, 0x0000000706200000| Untracked 
|  38|0x0000000706400000, 0x00000007065107b8, 0x0000000706600000| 53%| O|  |TAMS 0x0000000706400000, 0x0000000706400000| Untracked 
|  39|0x0000000706600000, 0x0000000706674508, 0x0000000706800000| 22%| O|  |TAMS 0x0000000706600000, 0x0000000706600000| Untracked 
|  40|0x0000000706800000, 0x0000000706977060, 0x0000000706a00000| 73%| O|  |TAMS 0x0000000706800000, 0x0000000706800000| Untracked 
|  41|0x0000000706a00000, 0x0000000706adc078, 0x0000000706c00000| 42%| O|  |TAMS 0x0000000706a00000, 0x0000000706a00000| Untracked 
|  42|0x0000000706c00000, 0x0000000706e00000, 0x0000000706e00000|100%|HS|  |TAMS 0x0000000706e00000, 0x0000000706c00000| Untracked 
|  43|0x0000000706e00000, 0x0000000706e2b200, 0x0000000707000000|  8%| O|  |TAMS 0x0000000706e00000, 0x0000000706e00000| Untracked 
|  44|0x0000000707000000, 0x0000000707000000, 0x0000000707200000|  0%| F|  |TAMS 0x0000000707000000, 0x0000000707000000| Untracked 
|  45|0x0000000707200000, 0x0000000707200000, 0x0000000707400000|  0%| F|  |TAMS 0x0000000707200000, 0x0000000707200000| Untracked 
|  46|0x0000000707400000, 0x0000000707400000, 0x0000000707600000|  0%| F|  |TAMS 0x0000000707400000, 0x0000000707400000| Untracked 
|  47|0x0000000707600000, 0x0000000707600000, 0x0000000707800000|  0%| F|  |TAMS 0x0000000707600000, 0x0000000707600000| Untracked 
|  48|0x0000000707800000, 0x0000000707a00000, 0x0000000707a00000|100%|HS|  |TAMS 0x0000000707a00000, 0x0000000707800000| Untracked 
|  49|0x0000000707a00000, 0x0000000707c00000, 0x0000000707c00000|100%|HC|  |TAMS 0x0000000707c00000, 0x0000000707a00000| Untracked 
|  50|0x0000000707c00000, 0x0000000707e00000, 0x0000000707e00000|100%|HC|  |TAMS 0x0000000707e00000, 0x0000000707c00000| Untracked 
|  51|0x0000000707e00000, 0x0000000708000000, 0x0000000708000000|100%|HC|  |TAMS 0x0000000708000000, 0x0000000707e00000| Untracked 
|  52|0x0000000708000000, 0x0000000708200000, 0x0000000708200000|100%|HC|  |TAMS 0x0000000708200000, 0x0000000708000000| Untracked 
|  53|0x0000000708200000, 0x0000000708400000, 0x0000000708400000|100%|HC|  |TAMS 0x0000000708400000, 0x0000000708200000| Untracked 
|  54|0x0000000708400000, 0x0000000708600000, 0x0000000708600000|100%|HC|  |TAMS 0x0000000708600000, 0x0000000708400000| Untracked 
|  55|0x0000000708600000, 0x0000000708645d40, 0x0000000708800000| 13%| O|  |TAMS 0x0000000708600000, 0x0000000708600000| Untracked 
|  56|0x0000000708800000, 0x0000000708800000, 0x0000000708a00000|  0%| F|  |TAMS 0x0000000708800000, 0x0000000708800000| Untracked 
|  57|0x0000000708a00000, 0x0000000708a00000, 0x0000000708c00000|  0%| F|  |TAMS 0x0000000708a00000, 0x0000000708a00000| Untracked 
|  58|0x0000000708c00000, 0x0000000708c00000, 0x0000000708e00000|  0%| F|  |TAMS 0x0000000708c00000, 0x0000000708c00000| Untracked 
|  59|0x0000000708e00000, 0x0000000708e00000, 0x0000000709000000|  0%| F|  |TAMS 0x0000000708e00000, 0x0000000708e00000| Untracked 
|  60|0x0000000709000000, 0x0000000709000000, 0x0000000709200000|  0%| F|  |TAMS 0x0000000709000000, 0x0000000709000000| Untracked 
|  61|0x0000000709200000, 0x0000000709200000, 0x0000000709400000|  0%| F|  |TAMS 0x0000000709200000, 0x0000000709200000| Untracked 
|  62|0x0000000709400000, 0x0000000709400000, 0x0000000709600000|  0%| F|  |TAMS 0x0000000709400000, 0x0000000709400000| Untracked 
|  63|0x0000000709600000, 0x0000000709600000, 0x0000000709800000|  0%| F|  |TAMS 0x0000000709600000, 0x0000000709600000| Untracked 
|  64|0x0000000709800000, 0x0000000709800000, 0x0000000709a00000|  0%| F|  |TAMS 0x0000000709800000, 0x0000000709800000| Untracked 
|  65|0x0000000709a00000, 0x0000000709a00000, 0x0000000709c00000|  0%| F|  |TAMS 0x0000000709a00000, 0x0000000709a00000| Untracked 
|  66|0x0000000709c00000, 0x0000000709c00000, 0x0000000709e00000|  0%| F|  |TAMS 0x0000000709c00000, 0x0000000709c00000| Untracked 
|  67|0x0000000709e00000, 0x0000000709e00000, 0x000000070a000000|  0%| F|  |TAMS 0x0000000709e00000, 0x0000000709e00000| Untracked 
|  68|0x000000070a000000, 0x000000070a000000, 0x000000070a200000|  0%| F|  |TAMS 0x000000070a000000, 0x000000070a000000| Untracked 
|  69|0x000000070a200000, 0x000000070a200000, 0x000000070a400000|  0%| F|  |TAMS 0x000000070a200000, 0x000000070a200000| Untracked 
|  70|0x000000070a400000, 0x000000070a400000, 0x000000070a600000|  0%| F|  |TAMS 0x000000070a400000, 0x000000070a400000| Untracked 
|  71|0x000000070a600000, 0x000000070a600000, 0x000000070a800000|  0%| F|  |TAMS 0x000000070a600000, 0x000000070a600000| Untracked 
|  72|0x000000070a800000, 0x000000070a800000, 0x000000070aa00000|  0%| F|  |TAMS 0x000000070a800000, 0x000000070a800000| Untracked 
|  73|0x000000070aa00000, 0x000000070aa00000, 0x000000070ac00000|  0%| F|  |TAMS 0x000000070aa00000, 0x000000070aa00000| Untracked 
|  74|0x000000070ac00000, 0x000000070ac00000, 0x000000070ae00000|  0%| F|  |TAMS 0x000000070ac00000, 0x000000070ac00000| Untracked 
|  75|0x000000070ae00000, 0x000000070ae00000, 0x000000070b000000|  0%| F|  |TAMS 0x000000070ae00000, 0x000000070ae00000| Untracked 
|  76|0x000000070b000000, 0x000000070b000000, 0x000000070b200000|  0%| F|  |TAMS 0x000000070b000000, 0x000000070b000000| Untracked 
|  77|0x000000070b200000, 0x000000070b325788, 0x000000070b400000| 57%| O|  |TAMS 0x000000070b200000, 0x000000070b200000| Untracked 
|  78|0x000000070b400000, 0x000000070b400000, 0x000000070b600000|  0%| F|  |TAMS 0x000000070b400000, 0x000000070b400000| Untracked 
|  79|0x000000070b600000, 0x000000070b600000, 0x000000070b800000|  0%| F|  |TAMS 0x000000070b600000, 0x000000070b600000| Untracked 
|  80|0x000000070b800000, 0x000000070b800000, 0x000000070ba00000|  0%| F|  |TAMS 0x000000070b800000, 0x000000070b800000| Untracked 
|  81|0x000000070ba00000, 0x000000070ba00000, 0x000000070bc00000|  0%| F|  |TAMS 0x000000070ba00000, 0x000000070ba00000| Untracked 
|  82|0x000000070bc00000, 0x000000070bc00000, 0x000000070be00000|  0%| F|  |TAMS 0x000000070bc00000, 0x000000070bc00000| Untracked 
|  83|0x000000070be00000, 0x000000070be00000, 0x000000070c000000|  0%| F|  |TAMS 0x000000070be00000, 0x000000070be00000| Untracked 
|  84|0x000000070c000000, 0x000000070c000000, 0x000000070c200000|  0%| F|  |TAMS 0x000000070c000000, 0x000000070c000000| Untracked 
|  85|0x000000070c200000, 0x000000070c200000, 0x000000070c400000|  0%| F|  |TAMS 0x000000070c200000, 0x000000070c200000| Untracked 
|  86|0x000000070c400000, 0x000000070c400000, 0x000000070c600000|  0%| F|  |TAMS 0x000000070c400000, 0x000000070c400000| Untracked 
|  87|0x000000070c600000, 0x000000070c600000, 0x000000070c800000|  0%| F|  |TAMS 0x000000070c600000, 0x000000070c600000| Untracked 
|  88|0x000000070c800000, 0x000000070c800000, 0x000000070ca00000|  0%| F|  |TAMS 0x000000070c800000, 0x000000070c800000| Untracked 
|  89|0x000000070ca00000, 0x000000070ca00000, 0x000000070cc00000|  0%| F|  |TAMS 0x000000070ca00000, 0x000000070ca00000| Untracked 
|  90|0x000000070cc00000, 0x000000070cc00000, 0x000000070ce00000|  0%| F|  |TAMS 0x000000070cc00000, 0x000000070cc00000| Untracked 
|  91|0x000000070ce00000, 0x000000070ce00000, 0x000000070d000000|  0%| F|  |TAMS 0x000000070ce00000, 0x000000070ce00000| Untracked 
|  92|0x000000070d000000, 0x000000070d000000, 0x000000070d200000|  0%| F|  |TAMS 0x000000070d000000, 0x000000070d000000| Untracked 
|  93|0x000000070d200000, 0x000000070d200000, 0x000000070d400000|  0%| F|  |TAMS 0x000000070d200000, 0x000000070d200000| Untracked 
|  94|0x000000070d400000, 0x000000070d400000, 0x000000070d600000|  0%| F|  |TAMS 0x000000070d400000, 0x000000070d400000| Untracked 
|  95|0x000000070d600000, 0x000000070d600000, 0x000000070d800000|  0%| F|  |TAMS 0x000000070d600000, 0x000000070d600000| Untracked 
|  96|0x000000070d800000, 0x000000070d800000, 0x000000070da00000|  0%| F|  |TAMS 0x000000070d800000, 0x000000070d800000| Untracked 
|  97|0x000000070da00000, 0x000000070da00000, 0x000000070dc00000|  0%| F|  |TAMS 0x000000070da00000, 0x000000070da00000| Untracked 
|  98|0x000000070dc00000, 0x000000070dc00000, 0x000000070de00000|  0%| F|  |TAMS 0x000000070dc00000, 0x000000070dc00000| Untracked 
|  99|0x000000070de00000, 0x000000070de00000, 0x000000070e000000|  0%| F|  |TAMS 0x000000070de00000, 0x000000070de00000| Untracked 
| 100|0x000000070e000000, 0x000000070e000000, 0x000000070e200000|  0%| F|  |TAMS 0x000000070e000000, 0x000000070e000000| Untracked 
| 101|0x000000070e200000, 0x000000070e200000, 0x000000070e400000|  0%| F|  |TAMS 0x000000070e200000, 0x000000070e200000| Untracked 
| 102|0x000000070e400000, 0x000000070e400000, 0x000000070e600000|  0%| F|  |TAMS 0x000000070e400000, 0x000000070e400000| Untracked 
| 103|0x000000070e600000, 0x000000070e600000, 0x000000070e800000|  0%| F|  |TAMS 0x000000070e600000, 0x000000070e600000| Untracked 
| 104|0x000000070e800000, 0x000000070e800000, 0x000000070ea00000|  0%| F|  |TAMS 0x000000070e800000, 0x000000070e800000| Untracked 
| 105|0x000000070ea00000, 0x000000070ea00000, 0x000000070ec00000|  0%| F|  |TAMS 0x000000070ea00000, 0x000000070ea00000| Untracked 
| 106|0x000000070ec00000, 0x000000070ec00000, 0x000000070ee00000|  0%| F|  |TAMS 0x000000070ec00000, 0x000000070ec00000| Untracked 
| 107|0x000000070ee00000, 0x000000070ee00000, 0x000000070f000000|  0%| F|  |TAMS 0x000000070ee00000, 0x000000070ee00000| Untracked 
| 108|0x000000070f000000, 0x000000070f000000, 0x000000070f200000|  0%| F|  |TAMS 0x000000070f000000, 0x000000070f000000| Untracked 
| 109|0x000000070f200000, 0x000000070f200000, 0x000000070f400000|  0%| F|  |TAMS 0x000000070f200000, 0x000000070f200000| Untracked 
| 110|0x000000070f400000, 0x000000070f400000, 0x000000070f600000|  0%| F|  |TAMS 0x000000070f400000, 0x000000070f400000| Untracked 
| 111|0x000000070f600000, 0x000000070f600000, 0x000000070f800000|  0%| F|  |TAMS 0x000000070f600000, 0x000000070f600000| Untracked 
| 112|0x000000070f800000, 0x000000070f800000, 0x000000070fa00000|  0%| F|  |TAMS 0x000000070f800000, 0x000000070f800000| Untracked 
| 113|0x000000070fa00000, 0x000000070fa00000, 0x000000070fc00000|  0%| F|  |TAMS 0x000000070fa00000, 0x000000070fa00000| Untracked 
| 114|0x000000070fc00000, 0x000000070fc00000, 0x000000070fe00000|  0%| F|  |TAMS 0x000000070fc00000, 0x000000070fc00000| Untracked 
| 115|0x000000070fe00000, 0x000000070fe00000, 0x0000000710000000|  0%| F|  |TAMS 0x000000070fe00000, 0x000000070fe00000| Untracked 
| 116|0x0000000710000000, 0x0000000710000000, 0x0000000710200000|  0%| F|  |TAMS 0x0000000710000000, 0x0000000710000000| Untracked 
| 117|0x0000000710200000, 0x0000000710200000, 0x0000000710400000|  0%| F|  |TAMS 0x0000000710200000, 0x0000000710200000| Untracked 
| 118|0x0000000710400000, 0x0000000710400000, 0x0000000710600000|  0%| F|  |TAMS 0x0000000710400000, 0x0000000710400000| Untracked 
| 119|0x0000000710600000, 0x0000000710600000, 0x0000000710800000|  0%| F|  |TAMS 0x0000000710600000, 0x0000000710600000| Untracked 
| 120|0x0000000710800000, 0x0000000710800000, 0x0000000710a00000|  0%| F|  |TAMS 0x0000000710800000, 0x0000000710800000| Untracked 
| 121|0x0000000710a00000, 0x0000000710a00000, 0x0000000710c00000|  0%| F|  |TAMS 0x0000000710a00000, 0x0000000710a00000| Untracked 
| 122|0x0000000710c00000, 0x0000000710c00000, 0x0000000710e00000|  0%| F|  |TAMS 0x0000000710c00000, 0x0000000710c00000| Untracked 
| 123|0x0000000710e00000, 0x0000000710e00000, 0x0000000711000000|  0%| F|  |TAMS 0x0000000710e00000, 0x0000000710e00000| Untracked 
| 124|0x0000000711000000, 0x0000000711000000, 0x0000000711200000|  0%| F|  |TAMS 0x0000000711000000, 0x0000000711000000| Untracked 
| 125|0x0000000711200000, 0x0000000711200000, 0x0000000711400000|  0%| F|  |TAMS 0x0000000711200000, 0x0000000711200000| Untracked 
| 126|0x0000000711400000, 0x0000000711400000, 0x0000000711600000|  0%| F|  |TAMS 0x0000000711400000, 0x0000000711400000| Untracked 
| 127|0x0000000711600000, 0x0000000711600000, 0x0000000711800000|  0%| F|  |TAMS 0x0000000711600000, 0x0000000711600000| Untracked 
| 128|0x0000000711800000, 0x0000000711800000, 0x0000000711a00000|  0%| F|  |TAMS 0x0000000711800000, 0x0000000711800000| Untracked 
| 129|0x0000000711a00000, 0x0000000711a00000, 0x0000000711c00000|  0%| F|  |TAMS 0x0000000711a00000, 0x0000000711a00000| Untracked 
| 130|0x0000000711c00000, 0x0000000711c00000, 0x0000000711e00000|  0%| F|  |TAMS 0x0000000711c00000, 0x0000000711c00000| Untracked 
| 131|0x0000000711e00000, 0x0000000711e00000, 0x0000000712000000|  0%| F|  |TAMS 0x0000000711e00000, 0x0000000711e00000| Untracked 
| 132|0x0000000712000000, 0x0000000712000000, 0x0000000712200000|  0%| F|  |TAMS 0x0000000712000000, 0x0000000712000000| Untracked 
| 133|0x0000000712200000, 0x0000000712200000, 0x0000000712400000|  0%| F|  |TAMS 0x0000000712200000, 0x0000000712200000| Untracked 
| 134|0x0000000712400000, 0x0000000712400000, 0x0000000712600000|  0%| F|  |TAMS 0x0000000712400000, 0x0000000712400000| Untracked 
| 135|0x0000000712600000, 0x0000000712600000, 0x0000000712800000|  0%| F|  |TAMS 0x0000000712600000, 0x0000000712600000| Untracked 
| 136|0x0000000712800000, 0x0000000712800000, 0x0000000712a00000|  0%| F|  |TAMS 0x0000000712800000, 0x0000000712800000| Untracked 
| 137|0x0000000712a00000, 0x0000000712a00000, 0x0000000712c00000|  0%| F|  |TAMS 0x0000000712a00000, 0x0000000712a00000| Untracked 
| 138|0x0000000712c00000, 0x0000000712c00000, 0x0000000712e00000|  0%| F|  |TAMS 0x0000000712c00000, 0x0000000712c00000| Untracked 
| 139|0x0000000712e00000, 0x0000000712e00000, 0x0000000713000000|  0%| F|  |TAMS 0x0000000712e00000, 0x0000000712e00000| Untracked 
| 140|0x0000000713000000, 0x0000000713000000, 0x0000000713200000|  0%| F|  |TAMS 0x0000000713000000, 0x0000000713000000| Untracked 
| 141|0x0000000713200000, 0x0000000713200000, 0x0000000713400000|  0%| F|  |TAMS 0x0000000713200000, 0x0000000713200000| Untracked 
| 142|0x0000000713400000, 0x0000000713400000, 0x0000000713600000|  0%| F|  |TAMS 0x0000000713400000, 0x0000000713400000| Untracked 
| 143|0x0000000713600000, 0x0000000713600000, 0x0000000713800000|  0%| F|  |TAMS 0x0000000713600000, 0x0000000713600000| Untracked 
| 144|0x0000000713800000, 0x0000000713800000, 0x0000000713a00000|  0%| F|  |TAMS 0x0000000713800000, 0x0000000713800000| Untracked 
| 145|0x0000000713a00000, 0x0000000713a00000, 0x0000000713c00000|  0%| F|  |TAMS 0x0000000713a00000, 0x0000000713a00000| Untracked 
| 146|0x0000000713c00000, 0x0000000713c00000, 0x0000000713e00000|  0%| F|  |TAMS 0x0000000713c00000, 0x0000000713c00000| Untracked 
| 147|0x0000000713e00000, 0x0000000713e00000, 0x0000000714000000|  0%| F|  |TAMS 0x0000000713e00000, 0x0000000713e00000| Untracked 
| 148|0x0000000714000000, 0x0000000714000000, 0x0000000714200000|  0%| F|  |TAMS 0x0000000714000000, 0x0000000714000000| Untracked 
| 149|0x0000000714200000, 0x0000000714200000, 0x0000000714400000|  0%| F|  |TAMS 0x0000000714200000, 0x0000000714200000| Untracked 
| 150|0x0000000714400000, 0x0000000714400000, 0x0000000714600000|  0%| F|  |TAMS 0x0000000714400000, 0x0000000714400000| Untracked 
| 151|0x0000000714600000, 0x0000000714600000, 0x0000000714800000|  0%| F|  |TAMS 0x0000000714600000, 0x0000000714600000| Untracked 
| 152|0x0000000714800000, 0x0000000714800000, 0x0000000714a00000|  0%| F|  |TAMS 0x0000000714800000, 0x0000000714800000| Untracked 
| 153|0x0000000714a00000, 0x0000000714a00000, 0x0000000714c00000|  0%| F|  |TAMS 0x0000000714a00000, 0x0000000714a00000| Untracked 
| 154|0x0000000714c00000, 0x0000000714c00000, 0x0000000714e00000|  0%| F|  |TAMS 0x0000000714c00000, 0x0000000714c00000| Untracked 
| 155|0x0000000714e00000, 0x0000000714e00000, 0x0000000715000000|  0%| F|  |TAMS 0x0000000714e00000, 0x0000000714e00000| Untracked 
| 156|0x0000000715000000, 0x0000000715000000, 0x0000000715200000|  0%| F|  |TAMS 0x0000000715000000, 0x0000000715000000| Untracked 
| 157|0x0000000715200000, 0x0000000715200000, 0x0000000715400000|  0%| F|  |TAMS 0x0000000715200000, 0x0000000715200000| Untracked 
| 158|0x0000000715400000, 0x0000000715400000, 0x0000000715600000|  0%| F|  |TAMS 0x0000000715400000, 0x0000000715400000| Untracked 
| 159|0x0000000715600000, 0x0000000715600000, 0x0000000715800000|  0%| F|  |TAMS 0x0000000715600000, 0x0000000715600000| Untracked 
| 160|0x0000000715800000, 0x0000000715800000, 0x0000000715a00000|  0%| F|  |TAMS 0x0000000715800000, 0x0000000715800000| Untracked 
| 161|0x0000000715a00000, 0x0000000715a00000, 0x0000000715c00000|  0%| F|  |TAMS 0x0000000715a00000, 0x0000000715a00000| Untracked 
| 162|0x0000000715c00000, 0x0000000715c00000, 0x0000000715e00000|  0%| F|  |TAMS 0x0000000715c00000, 0x0000000715c00000| Untracked 
| 163|0x0000000715e00000, 0x0000000715e00000, 0x0000000716000000|  0%| F|  |TAMS 0x0000000715e00000, 0x0000000715e00000| Untracked 
| 164|0x0000000716000000, 0x0000000716000000, 0x0000000716200000|  0%| F|  |TAMS 0x0000000716000000, 0x0000000716000000| Untracked 
| 165|0x0000000716200000, 0x0000000716200000, 0x0000000716400000|  0%| F|  |TAMS 0x0000000716200000, 0x0000000716200000| Untracked 
| 166|0x0000000716400000, 0x0000000716400000, 0x0000000716600000|  0%| F|  |TAMS 0x0000000716400000, 0x0000000716400000| Untracked 
| 167|0x0000000716600000, 0x0000000716600000, 0x0000000716800000|  0%| F|  |TAMS 0x0000000716600000, 0x0000000716600000| Untracked 
| 168|0x0000000716800000, 0x0000000716800000, 0x0000000716a00000|  0%| F|  |TAMS 0x0000000716800000, 0x0000000716800000| Untracked 
| 169|0x0000000716a00000, 0x0000000716a27700, 0x0000000716c00000|  7%| O|  |TAMS 0x0000000716a00000, 0x0000000716a00000| Untracked 
| 170|0x0000000716c00000, 0x0000000716c00000, 0x0000000716e00000|  0%| F|  |TAMS 0x0000000716c00000, 0x0000000716c00000| Untracked 
| 171|0x0000000716e00000, 0x0000000716e00000, 0x0000000717000000|  0%| F|  |TAMS 0x0000000716e00000, 0x0000000716e00000| Untracked 
| 172|0x0000000717000000, 0x0000000717000000, 0x0000000717200000|  0%| F|  |TAMS 0x0000000717000000, 0x0000000717000000| Untracked 
| 173|0x0000000717200000, 0x0000000717200000, 0x0000000717400000|  0%| F|  |TAMS 0x0000000717200000, 0x0000000717200000| Untracked 
| 174|0x0000000717400000, 0x0000000717400000, 0x0000000717600000|  0%| F|  |TAMS 0x0000000717400000, 0x0000000717400000| Untracked 
| 175|0x0000000717600000, 0x0000000717600000, 0x0000000717800000|  0%| F|  |TAMS 0x0000000717600000, 0x0000000717600000| Untracked 
| 176|0x0000000717800000, 0x0000000717800000, 0x0000000717a00000|  0%| F|  |TAMS 0x0000000717800000, 0x0000000717800000| Untracked 
| 177|0x0000000717a00000, 0x0000000717a00000, 0x0000000717c00000|  0%| F|  |TAMS 0x0000000717a00000, 0x0000000717a00000| Untracked 
| 178|0x0000000717c00000, 0x0000000717c00000, 0x0000000717e00000|  0%| F|  |TAMS 0x0000000717c00000, 0x0000000717c00000| Untracked 
| 179|0x0000000717e00000, 0x0000000717e00000, 0x0000000718000000|  0%| F|  |TAMS 0x0000000717e00000, 0x0000000717e00000| Untracked 
| 180|0x0000000718000000, 0x0000000718000000, 0x0000000718200000|  0%| F|  |TAMS 0x0000000718000000, 0x0000000718000000| Untracked 
| 181|0x0000000718200000, 0x0000000718200000, 0x0000000718400000|  0%| F|  |TAMS 0x0000000718200000, 0x0000000718200000| Untracked 
| 182|0x0000000718400000, 0x0000000718400000, 0x0000000718600000|  0%| F|  |TAMS 0x0000000718400000, 0x0000000718400000| Untracked 
| 183|0x0000000718600000, 0x0000000718600000, 0x0000000718800000|  0%| F|  |TAMS 0x0000000718600000, 0x0000000718600000| Untracked 
| 184|0x0000000718800000, 0x0000000718800000, 0x0000000718a00000|  0%| F|  |TAMS 0x0000000718800000, 0x0000000718800000| Untracked 
| 185|0x0000000718a00000, 0x0000000718a00000, 0x0000000718c00000|  0%| F|  |TAMS 0x0000000718a00000, 0x0000000718a00000| Untracked 
| 186|0x0000000718c00000, 0x0000000718c00000, 0x0000000718e00000|  0%| F|  |TAMS 0x0000000718c00000, 0x0000000718c00000| Untracked 
| 187|0x0000000718e00000, 0x0000000718e00000, 0x0000000719000000|  0%| F|  |TAMS 0x0000000718e00000, 0x0000000718e00000| Untracked 
| 188|0x0000000719000000, 0x0000000719000000, 0x0000000719200000|  0%| F|  |TAMS 0x0000000719000000, 0x0000000719000000| Untracked 
| 189|0x0000000719200000, 0x0000000719200000, 0x0000000719400000|  0%| F|  |TAMS 0x0000000719200000, 0x0000000719200000| Untracked 
| 190|0x0000000719400000, 0x0000000719400000, 0x0000000719600000|  0%| F|  |TAMS 0x0000000719400000, 0x0000000719400000| Untracked 
| 191|0x0000000719600000, 0x0000000719600000, 0x0000000719800000|  0%| F|  |TAMS 0x0000000719600000, 0x0000000719600000| Untracked 
| 192|0x0000000719800000, 0x0000000719800000, 0x0000000719a00000|  0%| F|  |TAMS 0x0000000719800000, 0x0000000719800000| Untracked 
| 193|0x0000000719a00000, 0x0000000719a00000, 0x0000000719c00000|  0%| F|  |TAMS 0x0000000719a00000, 0x0000000719a00000| Untracked 
| 194|0x0000000719c00000, 0x0000000719c00000, 0x0000000719e00000|  0%| F|  |TAMS 0x0000000719c00000, 0x0000000719c00000| Untracked 
| 195|0x0000000719e00000, 0x0000000719e00000, 0x000000071a000000|  0%| F|  |TAMS 0x0000000719e00000, 0x0000000719e00000| Untracked 
| 196|0x000000071a000000, 0x000000071a000000, 0x000000071a200000|  0%| F|  |TAMS 0x000000071a000000, 0x000000071a000000| Untracked 
| 197|0x000000071a200000, 0x000000071a200000, 0x000000071a400000|  0%| F|  |TAMS 0x000000071a200000, 0x000000071a200000| Untracked 
| 198|0x000000071a400000, 0x000000071a400000, 0x000000071a600000|  0%| F|  |TAMS 0x000000071a400000, 0x000000071a400000| Untracked 
| 199|0x000000071a600000, 0x000000071a600000, 0x000000071a800000|  0%| F|  |TAMS 0x000000071a600000, 0x000000071a600000| Untracked 
| 200|0x000000071a800000, 0x000000071a800000, 0x000000071aa00000|  0%| F|  |TAMS 0x000000071a800000, 0x000000071a800000| Untracked 
| 201|0x000000071aa00000, 0x000000071aa00000, 0x000000071ac00000|  0%| F|  |TAMS 0x000000071aa00000, 0x000000071aa00000| Untracked 
| 202|0x000000071ac00000, 0x000000071ac00000, 0x000000071ae00000|  0%| F|  |TAMS 0x000000071ac00000, 0x000000071ac00000| Untracked 
| 203|0x000000071ae00000, 0x000000071ae00000, 0x000000071b000000|  0%| F|  |TAMS 0x000000071ae00000, 0x000000071ae00000| Untracked 
| 204|0x000000071b000000, 0x000000071b000000, 0x000000071b200000|  0%| F|  |TAMS 0x000000071b000000, 0x000000071b000000| Untracked 
| 205|0x000000071b200000, 0x000000071b200000, 0x000000071b400000|  0%| F|  |TAMS 0x000000071b200000, 0x000000071b200000| Untracked 
| 206|0x000000071b400000, 0x000000071b400000, 0x000000071b600000|  0%| F|  |TAMS 0x000000071b400000, 0x000000071b400000| Untracked 
| 207|0x000000071b600000, 0x000000071b600000, 0x000000071b800000|  0%| F|  |TAMS 0x000000071b600000, 0x000000071b600000| Untracked 
| 208|0x000000071b800000, 0x000000071b800000, 0x000000071ba00000|  0%| F|  |TAMS 0x000000071b800000, 0x000000071b800000| Untracked 
| 209|0x000000071ba00000, 0x000000071ba00000, 0x000000071bc00000|  0%| F|  |TAMS 0x000000071ba00000, 0x000000071ba00000| Untracked 
| 210|0x000000071bc00000, 0x000000071bc00000, 0x000000071be00000|  0%| F|  |TAMS 0x000000071bc00000, 0x000000071bc00000| Untracked 
| 211|0x000000071be00000, 0x000000071be00000, 0x000000071c000000|  0%| F|  |TAMS 0x000000071be00000, 0x000000071be00000| Untracked 
| 212|0x000000071c000000, 0x000000071c044670, 0x000000071c200000| 13%| S|CS|TAMS 0x000000071c000000, 0x000000071c000000| Complete 
| 213|0x000000071c200000, 0x000000071c200000, 0x000000071c400000|  0%| F|  |TAMS 0x000000071c200000, 0x000000071c200000| Untracked 
| 214|0x000000071c400000, 0x000000071c600000, 0x000000071c600000|100%| S|CS|TAMS 0x000000071c400000, 0x000000071c400000| Complete 
| 215|0x000000071c600000, 0x000000071c600000, 0x000000071c800000|  0%| F|  |TAMS 0x000000071c600000, 0x000000071c600000| Untracked 
| 216|0x000000071c800000, 0x000000071c800000, 0x000000071ca00000|  0%| F|  |TAMS 0x000000071c800000, 0x000000071c800000| Untracked 
| 217|0x000000071ca00000, 0x000000071ca00000, 0x000000071cc00000|  0%| F|  |TAMS 0x000000071ca00000, 0x000000071ca00000| Untracked 
| 218|0x000000071cc00000, 0x000000071cc00000, 0x000000071ce00000|  0%| F|  |TAMS 0x000000071cc00000, 0x000000071cc00000| Untracked 
| 219|0x000000071ce00000, 0x000000071ce00000, 0x000000071d000000|  0%| F|  |TAMS 0x000000071ce00000, 0x000000071ce00000| Untracked 
| 220|0x000000071d000000, 0x000000071d000000, 0x000000071d200000|  0%| F|  |TAMS 0x000000071d000000, 0x000000071d000000| Untracked 
| 221|0x000000071d200000, 0x000000071d200000, 0x000000071d400000|  0%| F|  |TAMS 0x000000071d200000, 0x000000071d200000| Untracked 
| 222|0x000000071d400000, 0x000000071d400000, 0x000000071d600000|  0%| F|  |TAMS 0x000000071d400000, 0x000000071d400000| Untracked 
| 223|0x000000071d600000, 0x000000071d600000, 0x000000071d800000|  0%| F|  |TAMS 0x000000071d600000, 0x000000071d600000| Untracked 
| 224|0x000000071d800000, 0x000000071d800000, 0x000000071da00000|  0%| F|  |TAMS 0x000000071d800000, 0x000000071d800000| Untracked 
| 225|0x000000071da00000, 0x000000071da00000, 0x000000071dc00000|  0%| F|  |TAMS 0x000000071da00000, 0x000000071da00000| Untracked 
| 226|0x000000071dc00000, 0x000000071dc00000, 0x000000071de00000|  0%| F|  |TAMS 0x000000071dc00000, 0x000000071dc00000| Untracked 
| 227|0x000000071de00000, 0x000000071de2ba48, 0x000000071e000000|  8%| O|  |TAMS 0x000000071de00000, 0x000000071de00000| Untracked 
| 228|0x000000071e000000, 0x000000071e000000, 0x000000071e200000|  0%| F|  |TAMS 0x000000071e000000, 0x000000071e000000| Untracked 
| 229|0x000000071e200000, 0x000000071e200000, 0x000000071e400000|  0%| F|  |TAMS 0x000000071e200000, 0x000000071e200000| Untracked 
| 230|0x000000071e400000, 0x000000071e400000, 0x000000071e600000|  0%| F|  |TAMS 0x000000071e400000, 0x000000071e400000| Untracked 
| 231|0x000000071e600000, 0x000000071e600000, 0x000000071e800000|  0%| F|  |TAMS 0x000000071e600000, 0x000000071e600000| Untracked 
| 232|0x000000071e800000, 0x000000071e83ad18, 0x000000071ea00000| 11%| O|  |TAMS 0x000000071e800000, 0x000000071e800000| Untracked 
| 233|0x000000071ea00000, 0x000000071ea00000, 0x000000071ec00000|  0%| F|  |TAMS 0x000000071ea00000, 0x000000071ea00000| Untracked 
| 234|0x000000071ec00000, 0x000000071ec00000, 0x000000071ee00000|  0%| F|  |TAMS 0x000000071ec00000, 0x000000071ec00000| Untracked 
| 235|0x000000071ee00000, 0x000000071ee00000, 0x000000071f000000|  0%| F|  |TAMS 0x000000071ee00000, 0x000000071ee00000| Untracked 
| 236|0x000000071f000000, 0x000000071f000000, 0x000000071f200000|  0%| F|  |TAMS 0x000000071f000000, 0x000000071f000000| Untracked 
| 237|0x000000071f200000, 0x000000071f200000, 0x000000071f400000|  0%| F|  |TAMS 0x000000071f200000, 0x000000071f200000| Untracked 
| 238|0x000000071f400000, 0x000000071f400000, 0x000000071f600000|  0%| F|  |TAMS 0x000000071f400000, 0x000000071f400000| Untracked 
| 239|0x000000071f600000, 0x000000071f600000, 0x000000071f800000|  0%| F|  |TAMS 0x000000071f600000, 0x000000071f600000| Untracked 
| 240|0x000000071f800000, 0x000000071f800000, 0x000000071fa00000|  0%| F|  |TAMS 0x000000071f800000, 0x000000071f800000| Untracked 
| 241|0x000000071fa00000, 0x000000071fa00000, 0x000000071fc00000|  0%| F|  |TAMS 0x000000071fa00000, 0x000000071fa00000| Untracked 
| 242|0x000000071fc00000, 0x000000071fc00000, 0x000000071fe00000|  0%| F|  |TAMS 0x000000071fc00000, 0x000000071fc00000| Untracked 
| 243|0x000000071fe00000, 0x000000071fe00000, 0x0000000720000000|  0%| F|  |TAMS 0x000000071fe00000, 0x000000071fe00000| Untracked 
| 244|0x0000000720000000, 0x0000000720000000, 0x0000000720200000|  0%| F|  |TAMS 0x0000000720000000, 0x0000000720000000| Untracked 
| 245|0x0000000720200000, 0x0000000720200000, 0x0000000720400000|  0%| F|  |TAMS 0x0000000720200000, 0x0000000720200000| Untracked 
| 246|0x0000000720400000, 0x0000000720400000, 0x0000000720600000|  0%| F|  |TAMS 0x0000000720400000, 0x0000000720400000| Untracked 
| 247|0x0000000720600000, 0x0000000720600000, 0x0000000720800000|  0%| F|  |TAMS 0x0000000720600000, 0x0000000720600000| Untracked 
| 248|0x0000000720800000, 0x0000000720800000, 0x0000000720a00000|  0%| F|  |TAMS 0x0000000720800000, 0x0000000720800000| Untracked 
| 249|0x0000000720a00000, 0x0000000720a00000, 0x0000000720c00000|  0%| F|  |TAMS 0x0000000720a00000, 0x0000000720a00000| Untracked 
| 250|0x0000000720c00000, 0x0000000720c00000, 0x0000000720e00000|  0%| F|  |TAMS 0x0000000720c00000, 0x0000000720c00000| Untracked 
| 251|0x0000000720e00000, 0x0000000720e00000, 0x0000000721000000|  0%| F|  |TAMS 0x0000000720e00000, 0x0000000720e00000| Untracked 
| 252|0x0000000721000000, 0x0000000721000000, 0x0000000721200000|  0%| F|  |TAMS 0x0000000721000000, 0x0000000721000000| Untracked 
| 253|0x0000000721200000, 0x0000000721200000, 0x0000000721400000|  0%| F|  |TAMS 0x0000000721200000, 0x0000000721200000| Untracked 
| 254|0x0000000721400000, 0x000000072158f480, 0x0000000721600000| 77%| E|  |TAMS 0x0000000721400000, 0x0000000721400000| Complete 
| 324|0x000000072a000000, 0x000000072a200000, 0x000000072a200000|100%| E|CS|TAMS 0x000000072a000000, 0x000000072a000000| Complete 

Card table byte_map: [0x000001c16d970000,0x000001c16e170000] _byte_map_base: 0x000001c16a164000

Marking Bits (Prev, Next): (CMBitMap*) 0x000001c1551fad80, (CMBitMap*) 0x000001c1551fad40
 Prev Bits: [0x000001c172910000, 0x000001c1768b0000)
 Next Bits: [0x000001c16e970000, 0x000001c172910000)

Polling page: 0x000001c14cc80000

Metaspace:

Usage:
  Non-class:     77.13 MB used.
      Class:     12.01 MB used.
       Both:     89.14 MB used.

Virtual space:
  Non-class space:      128.00 MB reserved,      77.44 MB ( 60%) committed,  2 nodes.
      Class space:        1.00 GB reserved,      12.25 MB (  1%) committed,  1 nodes.
             Both:        1.12 GB reserved,      89.69 MB (  8%) committed. 

Chunk freelists:
   Non-Class:  2.49 MB
       Class:  3.77 MB
        Both:  6.26 MB

MaxMetaspaceSize: unlimited
CompressedClassSpaceSize: 1.00 GB
Initial GC threshold: 21.00 MB
Current GC threshold: 149.06 MB
CDS: on
MetaspaceReclaimPolicy: balanced
 - commit_granule_bytes: 65536.
 - commit_granule_words: 8192.
 - virtual_space_node_default_size: 8388608.
 - enlarge_chunks_in_place: 1.
 - new_chunks_are_fully_committed: 0.
 - uncommit_free_chunks: 1.
 - use_allocation_guard: 0.
 - handle_deallocations: 1.


Internal statistics:

num_allocs_failed_limit: 6.
num_arena_births: 1470.
num_arena_deaths: 624.
num_vsnodes_births: 3.
num_vsnodes_deaths: 0.
num_space_committed: 1429.
num_space_uncommitted: 0.
num_chunks_returned_to_freelist: 732.
num_chunks_taken_from_freelist: 4088.
num_chunk_merges: 309.
num_chunk_splits: 2883.
num_chunks_enlarged: 2080.
num_inconsistent_stats: 0.

CodeHeap 'non-profiled nmethods': size=119168Kb used=26172Kb max_used=26172Kb free=92996Kb
 bounds [0x000001c165160000, 0x000001c166af0000, 0x000001c16c5c0000]
CodeHeap 'profiled nmethods': size=119104Kb used=40671Kb max_used=41598Kb free=78432Kb
 bounds [0x000001c15d5c0000, 0x000001c15fea0000, 0x000001c164a10000]
CodeHeap 'non-nmethods': size=7488Kb used=1800Kb max_used=3535Kb free=5688Kb
 bounds [0x000001c164a10000, 0x000001c164d90000, 0x000001c165160000]
 total_blobs=20826 nmethods=19575 adapters=1152
 compilation: enabled
              stopped_count=0, restarted_count=0
 full_count=0

Compilation events (20 events):
Event: 15441.073 Thread 0x000001c1554d8f90 27042       4       sun.util.PreHashedMap::get (67 bytes)
Event: 15441.073 Thread 0x000001c1554da4d0 27043       3       sun.awt.datatransfer.DataTransferer$ReencodingInputStream::read (182 bytes)
Event: 15441.074 Thread 0x000001c1554da4d0 nmethod 27043 0x000001c15e0ba790 code [0x000001c15e0baa20, 0x000001c15e0bb4c8]
Event: 15441.078 Thread 0x000001c1554d8f90 nmethod 27042 0x000001c166ae8910 code [0x000001c166ae8ac0, 0x000001c166ae9278]
Event: 15441.078 Thread 0x000001c1554d8f90 27044       4       javax.swing.JToggleButton$ToggleButtonModel::setSelected (91 bytes)
Event: 15441.081 Thread 0x000001c1554d8f90 nmethod 27044 0x000001c166ae9610 code [0x000001c166ae97e0, 0x000001c166ae9e30]
Event: 15443.076 Thread 0x000001c1554d8f90 27045       4       javax.swing.text.DefaultCaret::getCaretWidth (58 bytes)
Event: 15443.077 Thread 0x000001c1554d8f90 nmethod 27045 0x000001c166aea110 code [0x000001c166aea320, 0x000001c166aea828]
Event: 15443.592 Thread 0x000001c1554d8f90 27046       4       sun.java2d.marlin.Renderer::endRendering (405 bytes)
Event: 15443.597 Thread 0x000001c1554d8f90 nmethod 27046 0x000001c166aeac10 code [0x000001c166aeade0, 0x000001c166aeb488]
Event: 15443.597 Thread 0x000001c1554d8f90 27047       4       sun.java2d.marlin.Renderer::dispose (363 bytes)
Event: 15443.612 Thread 0x000001c1554d8f90 nmethod 27047 0x000001c166aeba10 code [0x000001c166aebc00, 0x000001c166aed3f8]
Event: 15451.713 Thread 0x000001c1554d8f90 27048       4       com.jidesoft.action.CommandBar$DefaultCommandBarLayout::invalidateLayout (24 bytes)
Event: 15451.713 Thread 0x000001c1554da4d0 27049       3       ui.resource.utils.HResourceUtils::hasResourceOrName (123 bytes)
Event: 15451.715 Thread 0x000001c1554da4d0 nmethod 27049 0x000001c15f951710 code [0x000001c15f951d20, 0x000001c15f9551e8]
Event: 15451.715 Thread 0x000001c1554d8f90 nmethod 27048 0x000001c166aee090 code [0x000001c166aee200, 0x000001c166aee6f8]
Event: 15452.180 Thread 0x000001c1554d8f90 27050       4       ui.views.W.a.ad::foG (52 bytes)
Event: 15452.181 Thread 0x000001c1554d8f90 nmethod 27050 0x000001c166aee810 code [0x000001c166aee9a0, 0x000001c166aeeb18]
Event: 15452.686 Thread 0x000001c1554da4d0 27051       1       com.jidesoft.editor.CodeEditor::setContentVisible (6 bytes)
Event: 15452.686 Thread 0x000001c1554da4d0 nmethod 27051 0x000001c166aeed10 code [0x000001c166aeeea0, 0x000001c166aeef78]

GC Heap History (20 events):
Event: 15091.728 GC heap before
{Heap before GC invocations=247 (full 15):
 garbage-first heap   total 524288K, used 181952K [0x0000000701800000, 0x0000000800000000)
  region size 2048K, 40 young (81920K), 1 survivors (2048K)
 Metaspace       used 91198K, committed 91776K, reserved 1179648K
  class space    used 12295K, committed 12544K, reserved 1048576K
}
Event: 15091.728 GC heap after
{Heap after GC invocations=248 (full 15):
 garbage-first heap   total 524288K, used 101895K [0x0000000701800000, 0x0000000800000000)
  region size 2048K, 1 young (2048K), 1 survivors (2048K)
 Metaspace       used 91198K, committed 91776K, reserved 1179648K
  class space    used 12295K, committed 12544K, reserved 1048576K
}
Event: 15092.155 GC heap before
{Heap before GC invocations=248 (full 15):
 garbage-first heap   total 524288K, used 181767K [0x0000000701800000, 0x0000000800000000)
  region size 2048K, 40 young (81920K), 1 survivors (2048K)
 Metaspace       used 91212K, committed 91776K, reserved 1179648K
  class space    used 12295K, committed 12544K, reserved 1048576K
}
Event: 15092.156 GC heap after
{Heap after GC invocations=249 (full 15):
 garbage-first heap   total 524288K, used 101874K [0x0000000701800000, 0x0000000800000000)
  region size 2048K, 1 young (2048K), 1 survivors (2048K)
 Metaspace       used 91212K, committed 91776K, reserved 1179648K
  class space    used 12295K, committed 12544K, reserved 1048576K
}
Event: 15093.623 GC heap before
{Heap before GC invocations=249 (full 15):
 garbage-first heap   total 524288K, used 181746K [0x0000000701800000, 0x0000000800000000)
  region size 2048K, 40 young (81920K), 1 survivors (2048K)
 Metaspace       used 91212K, committed 91776K, reserved 1179648K
  class space    used 12295K, committed 12544K, reserved 1048576K
}
Event: 15093.624 GC heap after
{Heap after GC invocations=250 (full 15):
 garbage-first heap   total 524288K, used 101855K [0x0000000701800000, 0x0000000800000000)
  region size 2048K, 1 young (2048K), 1 survivors (2048K)
 Metaspace       used 91212K, committed 91776K, reserved 1179648K
  class space    used 12295K, committed 12544K, reserved 1048576K
}
Event: 15094.897 GC heap before
{Heap before GC invocations=250 (full 15):
 garbage-first heap   total 524288K, used 181727K [0x0000000701800000, 0x0000000800000000)
  region size 2048K, 40 young (81920K), 1 survivors (2048K)
 Metaspace       used 91222K, committed 91776K, reserved 1179648K
  class space    used 12296K, committed 12544K, reserved 1048576K
}
Event: 15094.898 GC heap after
{Heap after GC invocations=251 (full 15):
 garbage-first heap   total 524288K, used 101937K [0x0000000701800000, 0x0000000800000000)
  region size 2048K, 1 young (2048K), 1 survivors (2048K)
 Metaspace       used 91222K, committed 91776K, reserved 1179648K
  class space    used 12296K, committed 12544K, reserved 1048576K
}
Event: 15098.254 GC heap before
{Heap before GC invocations=251 (full 15):
 garbage-first heap   total 524288K, used 181809K [0x0000000701800000, 0x0000000800000000)
  region size 2048K, 40 young (81920K), 1 survivors (2048K)
 Metaspace       used 91234K, committed 91776K, reserved 1179648K
  class space    used 12296K, committed 12544K, reserved 1048576K
}
Event: 15098.255 GC heap after
{Heap after GC invocations=252 (full 15):
 garbage-first heap   total 524288K, used 101950K [0x0000000701800000, 0x0000000800000000)
  region size 2048K, 1 young (2048K), 1 survivors (2048K)
 Metaspace       used 91234K, committed 91776K, reserved 1179648K
  class space    used 12296K, committed 12544K, reserved 1048576K
}
Event: 15104.692 GC heap before
{Heap before GC invocations=252 (full 15):
 garbage-first heap   total 524288K, used 181822K [0x0000000701800000, 0x0000000800000000)
  region size 2048K, 40 young (81920K), 1 survivors (2048K)
 Metaspace       used 91234K, committed 91776K, reserved 1179648K
  class space    used 12296K, committed 12544K, reserved 1048576K
}
Event: 15104.693 GC heap after
{Heap after GC invocations=253 (full 15):
 garbage-first heap   total 524288K, used 101927K [0x0000000701800000, 0x0000000800000000)
  region size 2048K, 1 young (2048K), 1 survivors (2048K)
 Metaspace       used 91234K, committed 91776K, reserved 1179648K
  class space    used 12296K, committed 12544K, reserved 1048576K
}
Event: 15251.138 GC heap before
{Heap before GC invocations=253 (full 15):
 garbage-first heap   total 524288K, used 181799K [0x0000000701800000, 0x0000000800000000)
  region size 2048K, 40 young (81920K), 1 survivors (2048K)
 Metaspace       used 91234K, committed 91776K, reserved 1179648K
  class space    used 12296K, committed 12544K, reserved 1048576K
}
Event: 15251.139 GC heap after
{Heap after GC invocations=254 (full 15):
 garbage-first heap   total 524288K, used 102223K [0x0000000701800000, 0x0000000800000000)
  region size 2048K, 1 young (2048K), 1 survivors (2048K)
 Metaspace       used 91234K, committed 91776K, reserved 1179648K
  class space    used 12296K, committed 12544K, reserved 1048576K
}
Event: 15378.614 GC heap before
{Heap before GC invocations=254 (full 15):
 garbage-first heap   total 524288K, used 182095K [0x0000000701800000, 0x0000000800000000)
  region size 2048K, 40 young (81920K), 1 survivors (2048K)
 Metaspace       used 91237K, committed 91776K, reserved 1179648K
  class space    used 12296K, committed 12544K, reserved 1048576K
}
Event: 15378.616 GC heap after
{Heap after GC invocations=255 (full 15):
 garbage-first heap   total 524288K, used 102261K [0x0000000701800000, 0x0000000800000000)
  region size 2048K, 1 young (2048K), 1 survivors (2048K)
 Metaspace       used 91237K, committed 91776K, reserved 1179648K
  class space    used 12296K, committed 12544K, reserved 1048576K
}
Event: 15407.091 GC heap before
{Heap before GC invocations=255 (full 15):
 garbage-first heap   total 524288K, used 182133K [0x0000000701800000, 0x0000000800000000)
  region size 2048K, 40 young (81920K), 1 survivors (2048K)
 Metaspace       used 91240K, committed 91776K, reserved 1179648K
  class space    used 12296K, committed 12544K, reserved 1048576K
}
Event: 15407.092 GC heap after
{Heap after GC invocations=256 (full 15):
 garbage-first heap   total 524288K, used 102135K [0x0000000701800000, 0x0000000800000000)
  region size 2048K, 1 young (2048K), 1 survivors (2048K)
 Metaspace       used 91240K, committed 91776K, reserved 1179648K
  class space    used 12296K, committed 12544K, reserved 1048576K
}
Event: 15452.173 GC heap before
{Heap before GC invocations=256 (full 15):
 garbage-first heap   total 524288K, used 182007K [0x0000000701800000, 0x0000000800000000)
  region size 2048K, 40 young (81920K), 1 survivors (2048K)
 Metaspace       used 91282K, committed 91840K, reserved 1179648K
  class space    used 12302K, committed 12544K, reserved 1048576K
}
Event: 15452.174 GC heap after
{Heap after GC invocations=257 (full 15):
 garbage-first heap   total 524288K, used 102552K [0x0000000701800000, 0x0000000800000000)
  region size 2048K, 2 young (4096K), 2 survivors (4096K)
 Metaspace       used 91282K, committed 91840K, reserved 1179648K
  class space    used 12302K, committed 12544K, reserved 1048576K
}

Dll operation events (20 events):
Event: 2.669 Loaded shared library F:\xilinx_2023_2\Vivado\2023.2\lib\win64.o\librdi_vivadotasks.dll
Event: 2.669 Loaded shared library F:\xilinx_2023_2\Vivado\2023.2\lib\win64.o\librdi_board.dll
Event: 2.669 Loaded shared library F:\xilinx_2023_2\Vivado\2023.2\lib\win64.o\librdi_boarddep.dll
Event: 2.669 Loaded shared library F:\xilinx_2023_2\Vivado\2023.2\lib\win64.o\librdi_boardcommontasks.dll
Event: 2.670 Loaded shared library F:\xilinx_2023_2\Vivado\2023.2\lib\win64.o\librdi_ptgen.dll
Event: 2.670 Loaded shared library F:\xilinx_2023_2\Vivado\2023.2\lib\win64.o\librdi_ip.dll
Event: 2.670 Loaded shared library F:\xilinx_2023_2\Vivado\2023.2\lib\win64.o\librdi_mig.dll
Event: 2.671 Loaded shared library F:\xilinx_2023_2\Vivado\2023.2\lib\win64.o\librdi_implflow.dll
Event: 2.671 Loaded shared library F:\xilinx_2023_2\Vivado\2023.2\lib\win64.o\librdi_xhubtasks.dll
Event: 2.699 Loaded shared library F:\xilinx_2023_2\Vivado\2023.2\lib\win64.o\librdi_iptasks.dll
Event: 2.699 Loaded shared library F:\xilinx_2023_2\Vivado\2023.2\lib\win64.o\librdi_synth.dll
Event: 3.165 Loaded shared library F:\xilinx_2023_2\Vivado\2023.2\tps\win64\jre17.0.7_7\bin\verify.dll
Event: 3.281 Loaded shared library F:\xilinx_2023_2\Vivado\2023.2\tps\win64\jre17.0.7_7\bin\javajpeg.dll
Event: 3.295 Loaded shared library F:\xilinx_2023_2\Vivado\2023.2\tps\win64\jre17.0.7_7\bin\lcms.dll
Event: 3.497 Loaded shared library F:\xilinx_2023_2\Vivado\2023.2\tps\win64\jre17.0.7_7\bin\freetype.dll
Event: 3.510 Loaded shared library F:\xilinx_2023_2\Vivado\2023.2\tps\win64\jre17.0.7_7\bin\fontmanager.dll
Event: 6.813 Loaded shared library F:\xilinx_2023_2\Vivado\2023.2\lib\win64.o\librdi_xhub.dll
Event: 11.465 Loaded shared library F:\xilinx_2023_2\Vivado\2023.2\tps\win64\jre17.0.7_7\bin\management.dll
Event: 11.477 Loaded shared library F:\xilinx_2023_2\Vivado\2023.2\tps\win64\jre17.0.7_7\bin\management_ext.dll
Event: 13443.370 Loaded shared library F:\xilinx_2023_2\Vivado\2023.2\lib\win64.o\nlview.dll

Deoptimization events (20 events):
Event: 15091.995 Thread 0x000001c1554cedb0 DEOPT PACKING pc=0x000001c16616ed78 sp=0x0000003f21ffe500
Event: 15091.995 Thread 0x000001c1554cedb0 DEOPT UNPACKING pc=0x000001c164a6a1a3 sp=0x0000003f21ffe3f0 mode 2
Event: 15091.995 Thread 0x000001c1554cedb0 Uncommon trap: trap_request=0xffffffc6 fr.pc=0x000001c16616ed78 relative=0x0000000000000c98
Event: 15091.995 Thread 0x000001c1554cedb0 Uncommon trap: reason=bimorphic_or_optimized_type_check action=maybe_recompile pc=0x000001c16616ed78 method=javax.swing.text.CompositeView.viewToModel(FFLjava/awt/Shape;[Ljavax/swing/text/Position$Bias;)I @ 95 c2
Event: 15091.995 Thread 0x000001c1554cedb0 DEOPT PACKING pc=0x000001c16616ed78 sp=0x0000003f21ffe500
Event: 15091.995 Thread 0x000001c1554cedb0 DEOPT UNPACKING pc=0x000001c164a6a1a3 sp=0x0000003f21ffe3f0 mode 2
Event: 15091.999 Thread 0x000001c1554cedb0 Uncommon trap: trap_request=0xffffffc6 fr.pc=0x000001c16616ed78 relative=0x0000000000000c98
Event: 15091.999 Thread 0x000001c1554cedb0 Uncommon trap: reason=bimorphic_or_optimized_type_check action=maybe_recompile pc=0x000001c16616ed78 method=javax.swing.text.CompositeView.viewToModel(FFLjava/awt/Shape;[Ljavax/swing/text/Position$Bias;)I @ 95 c2
Event: 15091.999 Thread 0x000001c1554cedb0 DEOPT PACKING pc=0x000001c16616ed78 sp=0x0000003f21ffe500
Event: 15091.999 Thread 0x000001c1554cedb0 DEOPT UNPACKING pc=0x000001c164a6a1a3 sp=0x0000003f21ffe3f0 mode 2
Event: 15092.001 Thread 0x000001c1554cedb0 Uncommon trap: trap_request=0xffffffc6 fr.pc=0x000001c16616ed78 relative=0x0000000000000c98
Event: 15092.001 Thread 0x000001c1554cedb0 Uncommon trap: reason=bimorphic_or_optimized_type_check action=maybe_recompile pc=0x000001c16616ed78 method=javax.swing.text.CompositeView.viewToModel(FFLjava/awt/Shape;[Ljavax/swing/text/Position$Bias;)I @ 95 c2
Event: 15092.001 Thread 0x000001c1554cedb0 DEOPT PACKING pc=0x000001c16616ed78 sp=0x0000003f21ffe500
Event: 15092.001 Thread 0x000001c1554cedb0 DEOPT UNPACKING pc=0x000001c164a6a1a3 sp=0x0000003f21ffe3f0 mode 2
Event: 15381.792 Thread 0x000001c1554cedb0 Uncommon trap: trap_request=0x00000272 fr.pc=0x000001c16659ef84 relative=0x0000000000000ce4
Event: 15381.792 Thread 0x000001c1554cedb0 Uncommon trap: reason=unloaded action=reinterpret pc=0x000001c16659ef84 method=javax.swing.text.DefaultCaret.guessBiasForOffset(ILjavax/swing/text/Position$Bias;Z)Ljavax/swing/text/Position$Bias; @ 51 c2
Event: 15381.792 Thread 0x000001c1554cedb0 DEOPT PACKING pc=0x000001c16659ef84 sp=0x0000003f21ffe0e0
Event: 15381.792 Thread 0x000001c1554cedb0 DEOPT UNPACKING pc=0x000001c164a6a1a3 sp=0x0000003f21ffdff8 mode 2
Event: 15406.909 Thread 0x000001c1554cedb0 DEOPT PACKING pc=0x000001c15f5c58db sp=0x0000003f21ffece0
Event: 15406.909 Thread 0x000001c1554cedb0 DEOPT UNPACKING pc=0x000001c164a6ace3 sp=0x0000003f21ffe180 mode 0

Classes unloaded (20 events):
Event: 5803.227 Thread 0x000001c14cee7e40 Unloading class 0x0000000801012c00 'java/lang/invoke/LambdaForm$MH+0x0000000801012c00'
Event: 5803.227 Thread 0x000001c14cee7e40 Unloading class 0x0000000801012400 'java/lang/invoke/LambdaForm$MH+0x0000000801012400'
Event: 5803.227 Thread 0x000001c14cee7e40 Unloading class 0x0000000801012000 'java/lang/invoke/LambdaForm$MH+0x0000000801012000'
Event: 5803.227 Thread 0x000001c14cee7e40 Unloading class 0x0000000801011c00 'java/lang/invoke/LambdaForm$MH+0x0000000801011c00'
Event: 5803.227 Thread 0x000001c14cee7e40 Unloading class 0x0000000801011800 'java/lang/invoke/LambdaForm$MH+0x0000000801011800'
Event: 5803.227 Thread 0x000001c14cee7e40 Unloading class 0x0000000801011400 'java/lang/invoke/LambdaForm$MH+0x0000000801011400'
Event: 5803.227 Thread 0x000001c14cee7e40 Unloading class 0x0000000801011000 'java/lang/invoke/LambdaForm$MH+0x0000000801011000'
Event: 5803.227 Thread 0x000001c14cee7e40 Unloading class 0x0000000801010c00 'java/lang/invoke/LambdaForm$MH+0x0000000801010c00'
Event: 5803.227 Thread 0x000001c14cee7e40 Unloading class 0x0000000801010800 'java/lang/invoke/LambdaForm$MH+0x0000000801010800'
Event: 5803.227 Thread 0x000001c14cee7e40 Unloading class 0x0000000801010000 'java/lang/invoke/LambdaForm$MH+0x0000000801010000'
Event: 5803.227 Thread 0x000001c14cee7e40 Unloading class 0x000000080100f800 'java/lang/invoke/LambdaForm$MH+0x000000080100f800'
Event: 5803.227 Thread 0x000001c14cee7e40 Unloading class 0x000000080100f400 'java/lang/invoke/LambdaForm$MH+0x000000080100f400'
Event: 5803.227 Thread 0x000001c14cee7e40 Unloading class 0x000000080100ec00 'java/lang/invoke/LambdaForm$MH+0x000000080100ec00'
Event: 5803.227 Thread 0x000001c14cee7e40 Unloading class 0x000000080100e800 'java/lang/invoke/LambdaForm$MH+0x000000080100e800'
Event: 5803.227 Thread 0x000001c14cee7e40 Unloading class 0x000000080100e000 'java/lang/invoke/LambdaForm$MH+0x000000080100e000'
Event: 5803.227 Thread 0x000001c14cee7e40 Unloading class 0x000000080100d400 'java/lang/invoke/LambdaForm$MH+0x000000080100d400'
Event: 5803.227 Thread 0x000001c14cee7e40 Unloading class 0x000000080100d000 'java/lang/invoke/LambdaForm$MH+0x000000080100d000'
Event: 5803.227 Thread 0x000001c14cee7e40 Unloading class 0x000000080100cc00 'java/lang/invoke/LambdaForm$MH+0x000000080100cc00'
Event: 5803.227 Thread 0x000001c14cee7e40 Unloading class 0x000000080100c800 'java/lang/invoke/LambdaForm$MH+0x000000080100c800'
Event: 5803.227 Thread 0x000001c14cee7e40 Unloading class 0x000000080100c000 'java/lang/invoke/LambdaForm$MH+0x000000080100c000'

Classes redefined (0 events):
No events

Internal exceptions (20 events):
Event: 15358.868 Thread 0x000001c1554cedb0 Exception <a 'java/io/FileNotFoundException'{0x000000071e3e8ac8}> (0x000000071e3e8ac8) 
thrown [s\src\hotspot\share\prims\jni.cpp, line 516]
Event: 15363.868 Thread 0x000001c1554cedb0 Exception <a 'java/io/FileNotFoundException'{0x000000071dcfd980}> (0x000000071dcfd980) 
thrown [s\src\hotspot\share\prims\jni.cpp, line 516]
Event: 15368.869 Thread 0x000001c1554cedb0 Exception <a 'java/io/FileNotFoundException'{0x000000071d918828}> (0x000000071d918828) 
thrown [s\src\hotspot\share\prims\jni.cpp, line 516]
Event: 15373.869 Thread 0x000001c1554cedb0 Exception <a 'java/io/FileNotFoundException'{0x000000071d9d0830}> (0x000000071d9d0830) 
thrown [s\src\hotspot\share\prims\jni.cpp, line 516]
Event: 15378.869 Thread 0x000001c1554cedb0 Exception <a 'java/io/FileNotFoundException'{0x000000072112bef0}> (0x000000072112bef0) 
thrown [s\src\hotspot\share\prims\jni.cpp, line 516]
Event: 15383.870 Thread 0x000001c1554cedb0 Exception <a 'java/io/FileNotFoundException'{0x000000071fbadde0}> (0x000000071fbadde0) 
thrown [s\src\hotspot\share\prims\jni.cpp, line 516]
Event: 15388.870 Thread 0x000001c1554cedb0 Exception <a 'java/io/FileNotFoundException'{0x000000071f7208c0}> (0x000000071f7208c0) 
thrown [s\src\hotspot\share\prims\jni.cpp, line 516]
Event: 15393.871 Thread 0x000001c1554cedb0 Exception <a 'java/io/FileNotFoundException'{0x000000071f7f7768}> (0x000000071f7f7768) 
thrown [s\src\hotspot\share\prims\jni.cpp, line 516]
Event: 15398.871 Thread 0x000001c1554cedb0 Exception <a 'java/io/FileNotFoundException'{0x000000071f0ab650}> (0x000000071f0ab650) 
thrown [s\src\hotspot\share\prims\jni.cpp, line 516]
Event: 15403.871 Thread 0x000001c1554cedb0 Exception <a 'java/io/FileNotFoundException'{0x000000071e2e9e48}> (0x000000071e2e9e48) 
thrown [s\src\hotspot\share\prims\jni.cpp, line 516]
Event: 15408.871 Thread 0x000001c1554cedb0 Exception <a 'java/io/FileNotFoundException'{0x00000007211d2e30}> (0x00000007211d2e30) 
thrown [s\src\hotspot\share\prims\jni.cpp, line 516]
Event: 15413.871 Thread 0x000001c1554cedb0 Exception <a 'java/io/FileNotFoundException'{0x00000007206b8a58}> (0x00000007206b8a58) 
thrown [s\src\hotspot\share\prims\jni.cpp, line 516]
Event: 15418.871 Thread 0x000001c1554cedb0 Exception <a 'java/io/FileNotFoundException'{0x0000000720789c38}> (0x0000000720789c38) 
thrown [s\src\hotspot\share\prims\jni.cpp, line 516]
Event: 15423.872 Thread 0x000001c1554cedb0 Exception <a 'java/io/FileNotFoundException'{0x0000000720122ce0}> (0x0000000720122ce0) 
thrown [s\src\hotspot\share\prims\jni.cpp, line 516]
Event: 15428.873 Thread 0x000001c1554cedb0 Exception <a 'java/io/FileNotFoundException'{0x000000071ff14120}> (0x000000071ff14120) 
thrown [s\src\hotspot\share\prims\jni.cpp, line 516]
Event: 15433.873 Thread 0x000001c1554cedb0 Exception <a 'java/io/FileNotFoundException'{0x000000071f4df138}> (0x000000071f4df138) 
thrown [s\src\hotspot\share\prims\jni.cpp, line 516]
Event: 15438.874 Thread 0x000001c1554cedb0 Exception <a 'java/io/FileNotFoundException'{0x000000071db1a830}> (0x000000071db1a830) 
thrown [s\src\hotspot\share\prims\jni.cpp, line 516]
Event: 15443.874 Thread 0x000001c1554cedb0 Exception <a 'java/io/FileNotFoundException'{0x000000071ce4a660}> (0x000000071ce4a660) 
thrown [s\src\hotspot\share\prims\jni.cpp, line 516]
Event: 15448.874 Thread 0x000001c1554cedb0 Exception <a 'java/io/FileNotFoundException'{0x000000071cc9f368}> (0x000000071cc9f368) 
thrown [s\src\hotspot\share\prims\jni.cpp, line 516]
Event: 15452.128 Thread 0x000001c11e4eebd0 Exception <a 'java/lang/InterruptedException'{0x000000071c9bdb00}: sleep interrupted> (0x000000071c9bdb00) 
thrown [s\src\hotspot\share\prims\jvm.cpp, line 3070]

VM Operations (20 events):
Event: 15251.138 Executing VM operation: G1CollectForAllocation
Event: 15251.139 Executing VM operation: G1CollectForAllocation done
Event: 15376.221 Executing VM operation: Cleanup
Event: 15376.221 Executing VM operation: Cleanup done
Event: 15378.614 Executing VM operation: G1CollectForAllocation
Event: 15378.616 Executing VM operation: G1CollectForAllocation done
Event: 15379.616 Executing VM operation: Cleanup
Event: 15379.616 Executing VM operation: Cleanup done
Event: 15380.617 Executing VM operation: Cleanup
Event: 15380.617 Executing VM operation: Cleanup done
Event: 15382.619 Executing VM operation: Cleanup
Event: 15382.619 Executing VM operation: Cleanup done
Event: 15407.091 Executing VM operation: G1CollectForAllocation
Event: 15407.092 Executing VM operation: G1CollectForAllocation done
Event: 15432.106 Executing VM operation: Cleanup
Event: 15432.106 Executing VM operation: Cleanup done
Event: 15444.113 Executing VM operation: Cleanup
Event: 15444.113 Executing VM operation: Cleanup done
Event: 15452.173 Executing VM operation: G1CollectForAllocation
Event: 15452.174 Executing VM operation: G1CollectForAllocation done

Events (20 events):
Event: 15448.215 Thread 0x000001c11e505990 Thread added: 0x000001c11e505990
Event: 15448.218 Thread 0x000001c11e505990 Thread exited: 0x000001c11e505990
Event: 15449.216 Thread 0x000001c11e4ffe20 Thread added: 0x000001c11e4ffe20
Event: 15449.218 Thread 0x000001c11e4ffe20 Thread exited: 0x000001c11e4ffe20
Event: 15450.217 Thread 0x000001c11e505990 Thread added: 0x000001c11e505990
Event: 15450.219 Thread 0x000001c11e505990 Thread exited: 0x000001c11e505990
Event: 15451.218 Thread 0x000001c11e502970 Thread added: 0x000001c11e502970
Event: 15451.220 Thread 0x000001c11e502970 Thread exited: 0x000001c11e502970
Event: 15452.128 Thread 0x000001c11e4eebd0 Thread exited: 0x000001c11e4eebd0
Event: 15452.128 Thread 0x000001c11e4eebd0 Thread added: 0x000001c11e4eebd0
Event: 15452.128 Thread 0x000001c11e4f03e0 Thread added: 0x000001c11e4f03e0
Event: 15452.128 Thread 0x000001c11e4f08b0 Thread added: 0x000001c11e4f08b0
Event: 15452.180 Thread 0x000001c11e4f08b0 Thread exited: 0x000001c11e4f08b0
Event: 15452.218 Thread 0x000001c11e4f08b0 Thread added: 0x000001c11e4f08b0
Event: 15452.221 Thread 0x000001c11e4f08b0 Thread exited: 0x000001c11e4f08b0
Event: 15452.681 Thread 0x000001c11e4f20c0 Thread added: 0x000001c11e4f20c0
Event: 15452.682 Thread 0x000001c11e4f08b0 Thread added: 0x000001c11e4f08b0
Event: 15452.682 Thread 0x000001c11e4f2a60 Thread added: 0x000001c11e4f2a60
Event: 15452.688 Thread 0x000001c11e4f2a60 Thread exited: 0x000001c11e4f2a60
Event: 15452.691 Thread 0x000001c11e4f20c0 Thread exited: 0x000001c11e4f20c0


Dynamic libraries:
0x00007ff7113a0000 - 0x00007ff7113d1000 	F:\xilinx_2023_2\Vivado\2023.2\bin\unwrapped\win64.o\vivado.exe
0x00007ffdca290000 - 0x00007ffdca488000 	C:\Windows\SYSTEM32\ntdll.dll
0x00007ffdca030000 - 0x00007ffdca0f2000 	C:\Windows\System32\KERNEL32.DLL
0x00007ffdc79c0000 - 0x00007ffdc7cb6000 	C:\Windows\System32\KERNELBASE.dll
0x00007ffdc81b0000 - 0x00007ffdc82b0000 	C:\Windows\System32\ucrtbase.dll
0x00007ffdaf360000 - 0x00007ffdaf3e9000 	C:\Windows\SYSTEM32\MSVCP140.dll
0x00007ffdb5b70000 - 0x00007ffdb5b8e000 	C:\Windows\SYSTEM32\VCRUNTIME140.dll
0x00007ffdb07d0000 - 0x00007ffdb07dc000 	C:\Windows\SYSTEM32\VCRUNTIME140_1.dll
0x00007ffdb4100000 - 0x00007ffdb411c000 	F:\xilinx_2023_2\Vivado\2023.2\lib\win64.o\librdi_commonmain.dll
0x00007ffdb0170000 - 0x00007ffdb0191000 	F:\xilinx_2023_2\Vivado\2023.2\lib\win64.o\libboost_filesystem.dll
0x00007ffdca100000 - 0x00007ffdca1b1000 	C:\Windows\System32\ADVAPI32.dll
0x00007ffdc9120000 - 0x00007ffdc91be000 	C:\Windows\System32\msvcrt.dll
0x00007ffdc98c0000 - 0x00007ffdc995f000 	C:\Windows\System32\sechost.dll
0x00007ffdc95f0000 - 0x00007ffdc9710000 	C:\Windows\System32\RPCRT4.dll
0x00007ffdc8180000 - 0x00007ffdc81a7000 	C:\Windows\System32\bcrypt.dll
0x00007ffd53f20000 - 0x00007ffd54350000 	F:\xilinx_2023_2\Vivado\2023.2\lib\win64.o\python38.dll
0x00007ffdc9220000 - 0x00007ffdc927b000 	C:\Windows\System32\SHLWAPI.dll
0x00007ffdc9960000 - 0x00007ffdc99cb000 	C:\Windows\System32\WS2_32.dll
0x00007ffdbfca0000 - 0x00007ffdbfca9000 	F:\xilinx_2023_2\Vivado\2023.2\lib\win64.o\librdi_commonversion.dll
0x00007ffd7b540000 - 0x00007ffd7b6f6000 	F:\xilinx_2023_2\Vivado\2023.2\lib\win64.o\librdi_commonxillic.dll
0x00007ffdc9710000 - 0x00007ffdc98b1000 	C:\Windows\System32\USER32.dll
0x00007ffdc8150000 - 0x00007ffdc8172000 	C:\Windows\System32\win32u.dll
0x00007ffdc9280000 - 0x00007ffdc92ab000 	C:\Windows\System32\GDI32.dll
0x00007ffdc7fe0000 - 0x00007ffdc80f9000 	C:\Windows\System32\gdi32full.dll
0x00007ffdc7920000 - 0x00007ffdc79bd000 	C:\Windows\System32\msvcp_win.dll
0x0000000059e90000 - 0x0000000059fbc000 	F:\xilinx_2023_2\Vivado\2023.2\lib\win64.o\tcl85t.dll
0x00007ffdc13a0000 - 0x00007ffdc13aa000 	C:\Windows\SYSTEM32\VERSION.dll
0x00007ffd30c90000 - 0x00007ffd3233a000 	F:\xilinx_2023_2\Vivado\2023.2\lib\win64.o\librdi_common.dll
0x00007ffdc8380000 - 0x00007ffdc8af0000 	C:\Windows\System32\SHELL32.dll
0x00007ffdc7cc0000 - 0x00007ffdc7d33000 	C:\Windows\System32\WINTRUST.dll
0x00007ffda03d0000 - 0x00007ffda04e4000 	F:\xilinx_2023_2\Vivado\2023.2\lib\win64.o\libboost_regex.dll
0x00007ffd48400000 - 0x00007ffd4872d000 	F:\xilinx_2023_2\Vivado\2023.2\lib\win64.o\libXil_lmgr11.dll
0x00007ffdc94b0000 - 0x00007ffdc958a000 	C:\Windows\System32\COMDLG32.dll
0x00007ffdc9a50000 - 0x00007ffdc9da4000 	C:\Windows\System32\combase.dll
0x00007ffdc82d0000 - 0x00007ffdc837d000 	C:\Windows\System32\shcore.dll
0x00007ffdc93d0000 - 0x00007ffdc949d000 	C:\Windows\System32\OLEAUT32.dll
0x00007ffdc9db0000 - 0x00007ffdc9edb000 	C:\Windows\System32\ole32.dll
0x00007ffdc7dd0000 - 0x00007ffdc7f2d000 	C:\Windows\System32\CRYPT32.dll
0x00007ffdb1c50000 - 0x00007ffdb1c61000 	F:\xilinx_2023_2\Vivado\2023.2\lib\win64.o\libboost_date_time.dll
0x00007ffd48090000 - 0x00007ffd483fe000 	F:\xilinx_2023_2\Vivado\2023.2\lib\win64.o\libCOIN-all.dll
0x00007ffda42f0000 - 0x00007ffda4369000 	F:\xilinx_2023_2\Vivado\2023.2\lib\win64.o\libboost_program_options.dll
0x00007ffdb0990000 - 0x00007ffdb09ac000 	F:\xilinx_2023_2\Vivado\2023.2\lib\win64.o\libboost_thread.dll
0x00007ffdbf4f0000 - 0x00007ffdbf4fc000 	F:\xilinx_2023_2\Vivado\2023.2\lib\win64.o\libboost_xilinx.dll
0x00007ffda4010000 - 0x00007ffda4092000 	F:\xilinx_2023_2\Vivado\2023.2\lib\win64.o\libhdlpsolve.dll
0x00007ffda3c90000 - 0x00007ffda3d35000 	F:\xilinx_2023_2\Vivado\2023.2\lib\win64.o\libhdxml.dll
0x00007ffdadfc0000 - 0x00007ffdadfea000 	F:\xilinx_2023_2\Vivado\2023.2\lib\win64.o\libisl_sysinfo.dll
0x00007ffda82f0000 - 0x00007ffda8355000 	F:\xilinx_2023_2\Vivado\2023.2\lib\win64.o\liblmx6.0.dll
0x00007ffdb07f0000 - 0x00007ffdb080a000 	F:\xilinx_2023_2\Vivado\2023.2\lib\win64.o\pthreadVC2.dll
0x00007ffdb0150000 - 0x00007ffdb016c000 	F:\xilinx_2023_2\Vivado\2023.2\lib\win64.o\librdiconfig.dll
0x00007ffdadeb0000 - 0x00007ffdaded1000 	F:\xilinx_2023_2\Vivado\2023.2\lib\win64.o\librdizlib.dll
0x00007ffd33790000 - 0x00007ffd347b4600 	F:\xilinx_2023_2\Vivado\2023.2\lib\win64.o\libisl_iostreams.dll
0x00007ffdb8fa0000 - 0x00007ffdb8fb9000 	C:\Windows\SYSTEM32\NETAPI32.dll
0x00007ffdb5c80000 - 0x00007ffdb6156000 	C:\Windows\SYSTEM32\WININET.dll
0x00007ffdc19d0000 - 0x00007ffdc1ada000 	C:\Windows\SYSTEM32\WINHTTP.dll
0x00007ffdbaf00000 - 0x00007ffdbb0f2000 	C:\Windows\SYSTEM32\urlmon.dll
0x00007ffd54780000 - 0x00007ffd54789000 	C:\Windows\SYSTEM32\WSOCK32.dll
0x00007ffdadad0000 - 0x00007ffdadb00000 	C:\Windows\SYSTEM32\VCOMP140.DLL
0x00007ffdb9540000 - 0x00007ffdb95f0000 	C:\Windows\WinSxS\amd64_microsoft.windows.common-controls_6595b64144ccf1df_5.82.19041.6280_none_792d7c952443c49a\COMCTL32.dll
0x00007ffdc3d40000 - 0x00007ffdc3d5d000 	C:\Windows\SYSTEM32\dhcpcsvc.DLL
0x00007ffdc7810000 - 0x00007ffdc783e000 	C:\Windows\SYSTEM32\USERENV.dll
0x00007ffda4af0000 - 0x00007ffda4b08000 	F:\xilinx_2023_2\Vivado\2023.2\lib\win64.o\libboost_iostreams.dll
0x00007ffd309c0000 - 0x00007ffd30c81000 	F:\xilinx_2023_2\Vivado\2023.2\lib\win64.o\xerces-c_3_2.dll
0x00007ffdbac10000 - 0x00007ffdbaecf000 	C:\Windows\SYSTEM32\iertutil.dll
0x00007ffdbaed0000 - 0x00007ffdbaef8000 	C:\Windows\SYSTEM32\srvcli.dll
0x00007ffdc6d80000 - 0x00007ffdc6d8c000 	C:\Windows\SYSTEM32\netutils.dll
0x00007ffdc54d0000 - 0x00007ffdc5c75000 	C:\Windows\SYSTEM32\windows.storage.dll
0x00007ffdc7350000 - 0x00007ffdc737b000 	C:\Windows\SYSTEM32\Wldp.dll
0x00007ffda8180000 - 0x00007ffda81a4000 	F:\xilinx_2023_2\Vivado\2023.2\lib\win64.o\libisl_iosutils.dll
0x00007ffd2eaa0000 - 0x00007ffd309b7000 	F:\xilinx_2023_2\Vivado\2023.2\lib\win64.o\gurobi90.dll
0x00007ffdc9ee0000 - 0x00007ffdc9f3e000 	C:\Windows\System32\WLDAP32.dll
0x00007ffdc94a0000 - 0x00007ffdc94a8000 	C:\Windows\System32\Normaliz.dll
0x00007ffdc70b0000 - 0x00007ffdc711a000 	C:\Windows\SYSTEM32\MSWSOCK.DLL
0x00007ffdca000000 - 0x00007ffdca02f000 	C:\Windows\System32\IMM32.DLL
0x00007ffdc74e0000 - 0x00007ffdc74f2000 	C:\Windows\SYSTEM32\MSASN1.dll
0x00007ffdc72b0000 - 0x00007ffdc72c8000 	C:\Windows\SYSTEM32\CRYPTSP.dll
0x00007ffdc6960000 - 0x00007ffdc6998000 	C:\Windows\system32\rsaenh.dll
0x00007ffdc72a0000 - 0x00007ffdc72ac000 	C:\Windows\SYSTEM32\CRYPTBASE.dll
0x00007ffdc7d40000 - 0x00007ffdc7dc2000 	C:\Windows\System32\bcryptPrimitives.dll
0x00007ffdc82b0000 - 0x00007ffdc82cd000 	C:\Windows\System32\imagehlp.dll
0x00007ffdc6150000 - 0x00007ffdc6162000 	C:\Windows\SYSTEM32\kernel.appcore.dll
0x00007ffd2e550000 - 0x00007ffd2ea9d000 	F:\xilinx_2023_2\Vivado\2023.2\lib\win64.o\librdi_commontasks.dll
0x00007ffd2e220000 - 0x00007ffd2e54b800 	F:\xilinx_2023_2\Vivado\2023.2\lib\win64.o\librdi_sio.dll
0x00007ffdc6d40000 - 0x00007ffdc6d7b000 	C:\Windows\SYSTEM32\IPHLPAPI.DLL
0x00007ffd2d5d0000 - 0x00007ffd2e218000 	F:\xilinx_2023_2\Vivado\2023.2\tps\win64\jre17.0.7_7\bin\server\jvm.dll
0x00007ffdbcff0000 - 0x00007ffdbd017000 	C:\Windows\SYSTEM32\WINMM.dll
0x00007ffdc6170000 - 0x00007ffdc6193000 	C:\Windows\SYSTEM32\gpapi.dll
0x00007ffdc1360000 - 0x00007ffdc1391000 	C:\Windows\System32\cryptnet.dll
0x00007ffdc7850000 - 0x00007ffdc7874000 	C:\Windows\SYSTEM32\profapi.dll
0x00007ffdc3d80000 - 0x00007ffdc3d8b000 	C:\Windows\SYSTEM32\WINNSI.DLL
0x00007ffdc9ff0000 - 0x00007ffdc9ff8000 	C:\Windows\System32\NSI.dll
0x00007ffdc77d0000 - 0x00007ffdc7802000 	C:\Windows\SYSTEM32\SspiCli.dll
0x00007ffdc3d60000 - 0x00007ffdc3d77000 	C:\Windows\SYSTEM32\dhcpcsvc6.DLL
0x00007ffdb9480000 - 0x00007ffdb9519000 	C:\Windows\SYSTEM32\webio.dll
0x00007ffdc6d90000 - 0x00007ffdc6e5a000 	C:\Windows\SYSTEM32\DNSAPI.dll
0x00007ffdbd220000 - 0x00007ffdbd22a000 	C:\Windows\System32\rasadhlp.dll
0x00007ffdbc8e0000 - 0x00007ffdbc960000 	C:\Windows\System32\fwpuclnt.dll
0x00007ffda1690000 - 0x00007ffda16a7000 	C:\Windows\system32\napinsp.dll
0x00007ffda1670000 - 0x00007ffda168b000 	C:\Windows\system32\pnrpnsp.dll
0x00007ffda6a70000 - 0x00007ffda6a8d000 	C:\Windows\system32\wshbth.dll
0x00007ffdc3270000 - 0x00007ffdc328d000 	C:\Windows\system32\NLAapi.dll
0x00007ffda1650000 - 0x00007ffda1662000 	C:\Windows\System32\winrnr.dll
0x00007ffd2a800000 - 0x00007ffd2d5c6000 	F:\xilinx_2023_2\Vivado\2023.2\lib\win64.o\librdi_tcltasks.dll
0x00007ffd2a310000 - 0x00007ffd2a7f1000 	F:\xilinx_2023_2\Vivado\2023.2\lib\win64.o\librdi_bitstream.dll
0x00007ffda3be0000 - 0x00007ffda3c63000 	F:\xilinx_2023_2\Vivado\2023.2\lib\win64.o\librdi_boarddep.dll
0x00007ffd5bda0000 - 0x00007ffd5bfa0000 	F:\xilinx_2023_2\Vivado\2023.2\lib\win64.o\librdi_board.dll
0x00007ffd73f30000 - 0x00007ffd7405a000 	F:\xilinx_2023_2\Vivado\2023.2\lib\win64.o\librdi_chipscope.dll
0x00007ffd584b0000 - 0x00007ffd586b7000 	F:\xilinx_2023_2\Vivado\2023.2\lib\win64.o\librdi_chipscopeimpl.dll
0x00007ffd73990000 - 0x00007ffd73afe000 	F:\xilinx_2023_2\Vivado\2023.2\lib\win64.o\librdi_containers.dll
0x00007ffd28500000 - 0x00007ffd2a307000 	F:\xilinx_2023_2\Vivado\2023.2\lib\win64.o\librdi_designutils.dll
0x00007ffd23320000 - 0x00007ffd236bf000 	F:\xilinx_2023_2\Vivado\2023.2\lib\win64.o\librdi_dlyest.dll
0x00007ffd22be0000 - 0x00007ffd23316000 	F:\xilinx_2023_2\Vivado\2023.2\lib\win64.o\librdi_drc.dll
0x00007ffd9c090000 - 0x00007ffd9c144000 	F:\xilinx_2023_2\Vivado\2023.2\lib\win64.o\librdi_dsp.dll
0x00007ffda4160000 - 0x00007ffda41cb000 	F:\xilinx_2023_2\Vivado\2023.2\lib\win64.o\librdi_hdf.dll
0x00007ffd212e0000 - 0x00007ffd215c4000 	F:\xilinx_2023_2\Vivado\2023.2\lib\win64.o\librdi_hip_devdesign.dll
0x00007ffd25e00000 - 0x00007ffd284f5000 	F:\xilinx_2023_2\Vivado\2023.2\lib\win64.o\librdi_constraints.dll
0x00007ffd68ae0000 - 0x00007ffd68c28000 	F:\xilinx_2023_2\Vivado\2023.2\lib\win64.o\librdi_hip_perf_analysis.dll
0x00007ffd1dc20000 - 0x00007ffd1ead0000 	F:\xilinx_2023_2\Vivado\2023.2\lib\win64.o\librdi_ippcw.dll
0x00007ffd1f9d0000 - 0x00007ffd20b13000 	F:\xilinx_2023_2\Vivado\2023.2\lib\win64.o\librdi_implflow.dll
0x00007ffd1ead0000 - 0x00007ffd1f36a000 	F:\xilinx_2023_2\Vivado\2023.2\lib\win64.o\librdi_lopt.dll
0x00007ffd20b20000 - 0x00007ffd212df000 	F:\xilinx_2023_2\Vivado\2023.2\lib\win64.o\librdi_filemgmt.dll
0x00007ffd215d0000 - 0x00007ffd22bd3000 	F:\xilinx_2023_2\Vivado\2023.2\lib\win64.o\librdi_device.dll
0x00007ffda1510000 - 0x00007ffda158d000 	F:\xilinx_2023_2\Vivado\2023.2\lib\win64.o\librdi_memoryarray.dll
0x00007ffd1f370000 - 0x00007ffd1f9c6000 	F:\xilinx_2023_2\Vivado\2023.2\lib\win64.o\librdi_memdata.dll
0x00007ffd236c0000 - 0x00007ffd25df6000 	F:\xilinx_2023_2\Vivado\2023.2\lib\win64.o\librdi_coregen.dll
0x00007ffd1a9c0000 - 0x00007ffd1d401000 	F:\xilinx_2023_2\Vivado\2023.2\lib\win64.o\librdi_mig.dll
0x00007ffda1100000 - 0x00007ffda115c000 	F:\xilinx_2023_2\Vivado\2023.2\lib\win64.o\librdi_pfi.dll
0x00007ffda0350000 - 0x00007ffda03c2000 	F:\xilinx_2023_2\Vivado\2023.2\lib\win64.o\librdi_noc_frameworks.dll
0x00007ffd1d410000 - 0x00007ffd1dc14000 	F:\xilinx_2023_2\Vivado\2023.2\lib\win64.o\librdi_netlist.dll

dbghelp: loaded successfully - version: 4.0.5 - missing functions: none
symbol engine: initialized successfully - sym options: 0x614 - pdb path: .;F:\xilinx_2023_2\Vivado\2023.2\bin\unwrapped\win64.o;C:\Windows\SYSTEM32;F:\xilinx_2023_2\Vivado\2023.2\lib\win64.o;C:\Windows\WinSxS\amd64_microsoft.windows.common-controls_6595b64144ccf1df_5.82.19041.6280_none_792d7c952443c49a;F:\xilinx_2023_2\Vivado\2023.2\tps\win64\jre17.0.7_7\bin\server;F:\xilinx_2023_2\Vivado\2023.2\tps\win64\jre17.0.7_7\bin;C:\Windows\WinSxS\amd64_microsoft.windows.common-controls_6595b64144ccf1df_6.0.19041.6456_none_60b8a6cb71f64256

VM Arguments:
jvm_args: -Dsun.java2d.pmoffscreen=false -Dhttps.protocols=TLSv1,TLSv1.1,TLSv1.2 -Dsun.java2d.xrender=false -Dsun.java2d.d3d=false -Dsun.awt.nopixfmt=true -Dsun.java2d.dpiaware=true -Dsun.java2d.uiScale.enabled=false -Dswing.aatext=true -XX:-UsePerfData -Djdk.map.althashing.threshold=512 -XX:StringTableSize=4072 -XX:+UseStringDeduplication -XX:MaxGCPauseMillis=200 -XX:+ParallelRefProcEnabled --add-opens=java.desktop/javax.swing.plaf.synth=ALL-UNNAMED --add-opens=java.base/java.nio=ALL-UNNAMED --add-opens=java.desktop/sun.swing=ALL-UNNAMED --add-opens=java.desktop/javax.swing=ALL-UNNAMED --add-opens=java.desktop/javax.swing.tree=ALL-UNNAMED --add-opens=java.desktop/javax.swing.plaf.basic=ALL-UNNAMED --add-opens=java.desktop/javax.swing.plaf.synth=ALL-UNNAMED --add-opens=java.desktop/javax.swing.plaf.basic=ALL-UNNAMED --add-opens=java.desktop/javax.swing=ALL-UNNAMED --add-opens=java.desktop/javax.swing.tree=ALL-UNNAMED --add-opens=java.desktop/java.awt.event=ALL-UNNAMED --add-exports=java.desktop/javax.swing.plaf.synth=ALL-UNNAMED --add-exports=java.base/java.nio=ALL-UNNAMED --add-exports=java.desktop/sun.swing=ALL-UNNAMED --add-exports=java.desktop/javax.swing=ALL-UNNAMED --add-exports=java.desktop/javax.swing.tree=ALL-UNNAMED --add-exports=java.desktop/javax.swing.plaf.basic=ALL-UNNAMED --add-exports=java.desktop/sun.swing=ALL-UNNAMED --add-exports=java.desktop/sun.swing.table=ALL-UNNAMED --add-exports=java.desktop/sun.swing.plaf.synth=ALL-UNNAMED --add-exports=java.desktop/sun.awt.shell=ALL-UNNAMED --add-exports=java.base/sun.security.action=ALL-UNNAMED --add-exports=java.desktop/sun.font=ALL-UNNAMED -XX:NewSize=80m -XX:MaxNewSize=80m -Xms512m -Xmx4072m -Xss10m 
java_command: <unknown>
java_class_path (initial): F:/xilinx_2023_2/Vivado/2023.2\lib\classes\alloy.jar;F:/xilinx_2023_2/Vivado/2023.2\lib\classes\asm-9.3.jar;F:/xilinx_2023_2/Vivado/2023.2\lib\classes\asm-analysis-9.3.jar;F:/xilinx_2023_2/Vivado/2023.2\lib\classes\asm-commons-9.3.jar;F:/xilinx_2023_2/Vivado/2023.2\lib\classes\asm-tree-9.3.jar;F:/xilinx_2023_2/Vivado/2023.2\lib\classes\autoesl-models.jar;F:/xilinx_2023_2/Vivado/2023.2\lib\classes\batik-anim.jar;F:/xilinx_2023_2/Vivado/2023.2\lib\classes\batik-awt-util.jar;F:/xilinx_2023_2/Vivado/2023.2\lib\classes\batik-bridge.jar;F:/xilinx_2023_2/Vivado/2023.2\lib\classes\batik-codec.jar;F:/xilinx_2023_2/Vivado/2023.2\lib\classes\batik-constants.jar;F:/xilinx_2023_2/Vivado/2023.2\lib\classes\batik-css.jar;F:/xilinx_2023_2/Vivado/2023.2\lib\classes\batik-dom.jar;F:/xilinx_2023_2/Vivado/2023.2\lib\classes\batik-ext.jar;F:/xilinx_2023_2/Vivado/2023.2\lib\classes\batik-gui-util.jar;F:/xilinx_2023_2/Vivado/2023.2\lib\classes\batik-gvt.jar;F:/xilinx_2023_2/Vivado/2023.2\lib\classes\batik-i18n.jar;F:/xilinx_2023_2/Vivado/2023.2\lib\classes\batik-parser.jar;F:/xilinx_2023_2/Vivado/2023.2\lib\classes\batik-script.jar;F:/xilinx_2023_2/Vivado/2023.2\lib\classes\batik-svg-dom.jar;F:/xilinx_2023_2/Vivado/2023.2\lib\classes\batik-svggen.jar;F:/xilinx_2023_2/Vivado/2023.2\lib\classes\batik-swing.jar;F:/xilinx_2023_2/Vivado/2023.2\lib\classes\batik-transcoder.jar;F:/xilinx_2023_2/Vivado/2023.2\lib\classes\batik-util.jar;F:/xilinx_2023_2/Vivado/2023.2\lib\classes\batik-xml.jar;F:/xilinx_2023_2/Vivado/2023.2\lib\classes\com.fasterxml.jackson.core.jackson-annotations_2.12.1.v20210128-1726.jar;F:/xilinx_2023_2/Vivado/2023.2\lib\classes\com.fasterxml.jackson.core.jackson-core_2.12.1.v20210128-1726.jar;F:/xilinx_2023_2/Vivado/2023.2\lib\classes\com.fasterxml.jackson.core.jackson-databind_2.12.1.v20210128-1726.jar;F:/xilinx_2023_2/Vivado/2023.2\lib\classes\com.google.gson_2.8.9.v20220111-1409.jar;F:/xilinx_2023_2/Vivado/2023.2\lib\classes\com.google.guava_30.
Launcher Type: generic

[Global flags]
     intx CICompilerCount                          = 12                                        {product} {ergonomic}
     uint ConcGCThreads                            = 3                                         {product} {ergonomic}
     uint G1ConcRefinementThreads                  = 13                                        {product} {ergonomic}
   size_t G1HeapRegionSize                         = 2097152                                   {product} {ergonomic}
    uintx GCDrainStackTargetSize                   = 64                                        {product} {ergonomic}
   size_t InitialHeapSize                          = 536870912                                 {product} {command line}
   size_t MarkStackSize                            = 4194304                                   {product} {ergonomic}
    uintx MaxGCPauseMillis                         = 200                                       {product} {command line}
   size_t MaxHeapSize                              = 4269801472                                {product} {command line}
   size_t MaxNewSize                               = 83886080                                  {product} {command line}
   size_t MinHeapDeltaBytes                        = 2097152                                   {product} {ergonomic}
   size_t MinHeapSize                              = 536870912                                 {product} {command line}
   size_t NewSize                                  = 83886080                                  {product} {command line}
    uintx NonNMethodCodeHeapSize                   = 7602480                                {pd product} {ergonomic}
    uintx NonProfiledCodeHeapSize                  = 122027880                              {pd product} {ergonomic}
     bool ParallelRefProcEnabled                   = true                                      {product} {command line}
    uintx ProfiledCodeHeapSize                     = 122027880                              {pd product} {ergonomic}
    uintx ReservedCodeCacheSize                    = 251658240                              {pd product} {ergonomic}
     bool SegmentedCodeCache                       = true                                      {product} {ergonomic}
   size_t SoftMaxHeapSize                          = 4269801472                             {manageable} {ergonomic}
    uintx StringTableSize                          = 4072                                      {product} {command line}
     intx ThreadStackSize                          = 10240                                  {pd product} {command line}
     bool UseCompressedClassPointers               = true                           {product lp64_product} {ergonomic}
     bool UseCompressedOops                        = true                           {product lp64_product} {ergonomic}
     bool UseG1GC                                  = true                                      {product} {ergonomic}
     bool UseLargePagesIndividualAllocation        = false                                  {pd product} {ergonomic}
     bool UsePerfData                              = false                                     {product} {command line}
     bool UseStringDeduplication                   = true                                      {product} {command line}

Logging:
Log output configuration:
 #0: stdout all=warning uptime,level,tags
 #1: stderr all=off uptime,level,tags

Environment Variables:
PATH=F:/xilinx_2023_2/Vivado/2023.2\gnuwin\bin;F:/xilinx_2023_2/Vivado/2023.2\gnu\microblaze\nt\bin;F:/xilinx_2023_2/Vivado/2023.2/bin;F:/xilinx_2023_2/Vivado/2023.2/tps/win64/java-cef-95.0.4638.69/bin/lib/win64;F:/xilinx_2023_2/Vivado/2023.2/tps/win64/javafx-sdk-17.0.1/lib;F:/xilinx_2023_2/Vivado/2023.2/tps/win64/javafx-sdk-17.0.1/bin;F:/xilinx_2023_2/Vivado/2023.2/lib/win64.o;F:/xilinx_2023_2/Vivado/2023.2/tps/win64/jre17.0.7_7/bin/server;F:/xilinx_2023_2/Vivado/2023.2/tps/win64/jre17.0.7_7/bin;F:/xilinx_2023_2/Vitis/2023.2/bin;F:/xilinx_2023_2/Vivado/2023.2/ids_lite/ISE/bin/nt64;F:/xilinx_2023_2/Vivado/2023.2/ids_lite/ISE/lib/nt64;F:/xilinx_2023_2/Vitis_HLS/2023.2/bin;F:\VMWare\bin\;C:\Program Files\NVIDIA GPU Computing Toolkit\CUDA\v11.8\bin;C:\Program Files\NVIDIA GPU Computing Toolkit\CUDA\v11.8\libnvvp;C:\Windows\system32;C:\Windows;C:\Windows\System32\Wbem;C:\Windows\System32\WindowsPowerShell\v1.0\;C:\Windows\System32\OpenSSH\;C:\Program Files\NVIDIA Corporation\NVIDIA App\NvDLISR;C:\Program Files (x86)\NVIDIA Corporation\PhysX\Common;D:\App\Bandizip\;C:\Program Files\NVIDIA Corporation\Nsight Compute 2022.3.0\;C:\Users\920\AppData\Local\Microsoft\WindowsApps;D:\anaconda3;D:\anaconda3\Scripts;D:\anaconda3\Library\bin;;D:\App\PyCharm 2023.3.7\bin;F:/xilinx_2023_2/Vivado/2023.2\tps\mingw\6.2.0\win64.o\nt\bin;F:/xilinx_2023_2/Vivado/2023.2\tps\mingw\6.2.0\win64.o\nt\libexec\gcc\x86_64-w64-mingw32\6.2.0;F:/xilinx_2023_2/Vivado/2023.2\tps\win64\python-3.8.3;F:/xilinx_2023_2/Vivado/2023.2\tps\win64\python-3.8.3\bin;F:/xilinx_2023_2/Vivado/2023.2\tps\win64\python-3.8.3\lib;F:/xilinx_2023_2/Vivado/2023.2\tps\win64\python-3.8.3\lib\site-packages
USERNAME=920
OS=Windows_NT
PROCESSOR_IDENTIFIER=AMD64 Family 25 Model 97 Stepping 2, AuthenticAMD
TMP=C:\Users\920\AppData\Local\Temp
TEMP=C:\Users\920\AppData\Local\Temp



---------------  S Y S T E M  ---------------

OS:
 Windows 10 , 64 bit Build 19041 (10.0.19041.5915)
OS uptime: 4 days 0:48 hours

CPU: total 16 (initial active 16) (16 cores per cpu, 2 threads per core) family 25 model 97 stepping 2 microcode 0x0, cx8, cmov, fxsr, ht, mmx, 3dnowpref, sse, sse2, sse3, ssse3, sse4a, sse4.1, sse4.2, popcnt, lzcnt, tsc, tscinvbit, avx, avx2, aes, erms, clmul, bmi1, bmi2, adx, avx512f, avx512dq, avx512cd, avx512bw, avx512vl, sha, fma, vzeroupper, avx512_vpopcntdq, avx512_vpclmulqdq, avx512_vaes, avx512_vnni, clflush, clflushopt, avx512_vbmi2, avx512_vbmi

Memory: 4k page, system-wide physical 64662M (51525M free)
TotalPageFile size 68758M (AvailPageFile size 53102M)
current process WorkingSet (physical memory assigned to process): 2565M, peak: 2577M
current process commit charge ("private bytes"): 2835M, peak: 2871M

vm_info: OpenJDK 64-Bit Server VM (17.0.7+7) for windows-amd64 JRE (17.0.7+7), built on Apr 18 2023 22:10:42 by "temurin" with MS VC++ 16.7 (VS2019)

END.
