#
# A fatal error has been detected by the Java Runtime Environment:
#
#  EXCEPTION_ACCESS_VIOLATION (0xc0000005) at pc=0x00007ffd20e62db5, pid=9688, tid=13824
#
# JRE version: OpenJDK Runtime Environment Temurin-17.0.7+7 (17.0.7+7) (build 17.0.7+7)
# Java VM: OpenJDK 64-Bit Server VM Temurin-17.0.7+7 (17.0.7+7, mixed mode, sharing, tiered, compressed oops, compressed class ptrs, g1 gc, windows-amd64)
# Problematic frame:
# C  [librdi_filemgmt.dll+0x342db5]
#
# No core dump will be written. Minidumps are not enabled by default on client versions of Windows
#
# If you would like to submit a bug report, please visit:
#   https://github.com/adoptium/adoptium-support/issues
# The crash happened outside the Java Virtual Machine in native code.
# See problematic frame for where to report the bug.
#

---------------  S U M M A R Y ------------

Command Line: -Dsun.java2d.pmoffscreen=false -Dhttps.protocols=TLSv1,TLSv1.1,TLSv1.2 -Dsun.java2d.xrender=false -Dsun.java2d.d3d=false -Dsun.awt.nopixfmt=true -Dsun.java2d.dpiaware=true -Dsun.java2d.uiScale.enabled=false -Dswing.aatext=true -XX:-UsePerfData -Djdk.map.althashing.threshold=512 -XX:StringTableSize=4072 -XX:+UseStringDeduplication -XX:MaxGCPauseMillis=200 -XX:+ParallelRefProcEnabled --add-opens=java.desktop/javax.swing.plaf.synth=ALL-UNNAMED --add-opens=java.base/java.nio=ALL-UNNAMED --add-opens=java.desktop/sun.swing=ALL-UNNAMED --add-opens=java.desktop/javax.swing=ALL-UNNAMED --add-opens=java.desktop/javax.swing.tree=ALL-UNNAMED --add-opens=java.desktop/javax.swing.plaf.basic=ALL-UNNAMED --add-opens=java.desktop/javax.swing.plaf.synth=ALL-UNNAMED --add-opens=java.desktop/javax.swing.plaf.basic=ALL-UNNAMED --add-opens=java.desktop/javax.swing=ALL-UNNAMED --add-opens=java.desktop/javax.swing.tree=ALL-UNNAMED --add-opens=java.desktop/java.awt.event=ALL-UNNAMED --add-exports=java.desktop/javax.swing.plaf.synth=ALL-UNNAMED --add-exports=java.base/java.nio=ALL-UNNAMED --add-exports=java.desktop/sun.swing=ALL-UNNAMED --add-exports=java.desktop/javax.swing=ALL-UNNAMED --add-exports=java.desktop/javax.swing.tree=ALL-UNNAMED --add-exports=java.desktop/javax.swing.plaf.basic=ALL-UNNAMED --add-exports=java.desktop/sun.swing=ALL-UNNAMED --add-exports=java.desktop/sun.swing.table=ALL-UNNAMED --add-exports=java.desktop/sun.swing.plaf.synth=ALL-UNNAMED --add-exports=java.desktop/sun.awt.shell=ALL-UNNAMED --add-exports=java.base/sun.security.action=ALL-UNNAMED --add-exports=java.desktop/sun.font=ALL-UNNAMED -XX:NewSize=80m -XX:MaxNewSize=80m -Xms512m -Xmx4072m -Xss10m 

Host: AMD Ryzen 7 7800X3D 8-Core Processor           , 16 cores, 63G,  Windows 10 , 64 bit Build 19041 (10.0.19041.5915)
Time: Thu Sep 10 23:08:40 2026  Windows 10 , 64 bit Build 19041 (10.0.19041.5915) elapsed time: 7308.448530 seconds (0d 2h 1m 48s)

---------------  T H R E A D  ---------------

Current thread (0x000001ab2fad6580):  JavaThread "AWT-EventQueue-0" [_thread_in_native, id=13824, stack(0x000000a6c3600000,0x000000a6c4000000)]

Stack: [0x000000a6c3600000,0x000000a6c4000000],  sp=0x000000a6c3ffeb70,  free space=10234k
Native frames: (J=compiled Java code, j=interpreted, Vv=VM code, C=native code)
C  [librdi_filemgmt.dll+0x342db5]
C  [librdi_filemgmt.dll+0x341605]
C  [librdi_filemgmt.dll+0x35e57f]
C  0x000001ab1603d621

Java frames: (J=compiled Java code, j=interpreted, Vv=VM code)
j  ui.data.srcscan.srcscani.EditorAssist_createFoldInfoIter(JLjava/lang/String;)J+0
j  ui.j.a.a.ZN(Ljava/lang/String;)J+14
j  ui.j.a.c.a(Ljava/net/URI;)V+26
j  ui.j.a.a.ZK(Ljava/lang/String;)V+8
j  ui.views.W.a.a.ayx(Ljava/lang/String;)V+27
j  ui.views.W.a.a.ldn()V+43
j  ui.views.W.a.h.aPQ()V+20
J 25150 c2 ui.frmwork.z.run()V (15 bytes) @ 0x000001ab17a19090 [0x000001ab17a18a20+0x0000000000000670]
J 15148 c2 java.awt.EventQueue.dispatchEvent(Ljava/awt/AWTEvent;)V java.desktop@17.0.7 (80 bytes) @ 0x000001ab1736e9f8 [0x000001ab1736e3e0+0x0000000000000618]
J 22676 c2 ui.frmwork.a.d.dispatchEvent(Ljava/awt/AWTEvent;)V (42 bytes) @ 0x000001ab17be0440 [0x000001ab17bdfba0+0x00000000000008a0]
J 23325 c2 java.awt.EventDispatchThread.pumpOneEventForFilters(I)V java.desktop@17.0.7 (113 bytes) @ 0x000001ab17254580 [0x000001ab172540a0+0x00000000000004e0]
J 23508% c2 java.awt.EventDispatchThread.pumpEventsForFilter(ILjava/awt/Conditional;Ljava/awt/EventFilter;)V java.desktop@17.0.7 (47 bytes) @ 0x000001ab17d3ea20 [0x000001ab17d3e920+0x0000000000000100]
j  java.awt.EventDispatchThread.pumpEventsForHierarchy(ILjava/awt/Conditional;Ljava/awt/Component;)V+11 java.desktop@17.0.7
j  java.awt.EventDispatchThread.pumpEvents(ILjava/awt/Conditional;)V+4 java.desktop@17.0.7
j  java.awt.EventDispatchThread.pumpEvents(Ljava/awt/Conditional;)V+3 java.desktop@17.0.7
j  java.awt.EventDispatchThread.run()V+9 java.desktop@17.0.7
v  ~StubRoutines::call_stub

siginfo: EXCEPTION_ACCESS_VIOLATION (0xc0000005), reading address 0xffffffffffffffff


Register to memory mapping:

RIP=0x00007ffd20e62db5 librdi_filemgmt.dll
RAX=0x0000000000000001 is an unknown value
RBX=0x000001ab5e3306d0 points into unknown readable memory: 0x1fffffff0000008f | 8f 00 00 00 ff ff ff 1f
RCX=0x000001ab7a300000 points into unknown readable memory: 0x0000000000000000 | 00 00 00 00 00 00 00 00
RDX=0x1fffffff0000008f is an unknown value
RSP=0x000000a6c3ffeb70 is pointing into the stack for thread: 0x000001ab2fad6580
RBP=0x000000a6c3ffecc0 is pointing into the stack for thread: 0x000001ab2fad6580
RSI=0x0 is NULL
RDI=0x000001ab330a7400 points into unknown readable memory: 0x00007ffd2104c890 | 90 c8 04 21 fd 7f 00 00
R8 =0x0 is NULL
R9 =0x0000000000000001 is an unknown value
R10=0x0000000000008000 is an unknown value
R11=0x000000a6c3ffead0 is pointing into the stack for thread: 0x000001ab2fad6580
R12=0x000000a6c3ffee58 is pointing into the stack for thread: 0x000001ab2fad6580
R13=0x000001ab32856990 points into unknown readable memory: 0x000001ab35e00d00 | 00 0d e0 35 ab 01 00 00
R14=0x0 is NULL
R15=0x000001ac1cb63b60 points into unknown readable memory: 0x0055002f003a0043 | 43 00 3a 00 2f 00 55 00


Registers:
RAX=0x0000000000000001, RBX=0x000001ab5e3306d0, RCX=0x000001ab7a300000, RDX=0x1fffffff0000008f
RSP=0x000000a6c3ffeb70, RBP=0x000000a6c3ffecc0, RSI=0x0000000000000000, RDI=0x000001ab330a7400
R8 =0x0000000000000000, R9 =0x0000000000000001, R10=0x0000000000008000, R11=0x000000a6c3ffead0
R12=0x000000a6c3ffee58, R13=0x000001ab32856990, R14=0x0000000000000000, R15=0x000001ac1cb63b60
RIP=0x00007ffd20e62db5, EFLAGS=0x0000000000010257

Top of Stack: (sp=0x000000a6c3ffeb70)
0x000000a6c3ffeb70:   0000000000000000 000001ab00000000
0x000000a6c3ffeb80:   000001ab5e3306c8 000000a6c3ffecc0
0x000000a6c3ffeb90:   fffffffffffffffe 000001ab5d04a500
0x000000a6c3ffeba0:   000001ac1cb63b60 0000000000000000
0x000000a6c3ffebb0:   000000000000000f 000001ab5d04bb00
0x000000a6c3ffebc0:   000000a6c3ffee38 0000000000000000
0x000000a6c3ffebd0:   000000000000000f 00002e1477be940e
0x000000a6c3ffebe0:   0000000000000044 000001ab32856990
0x000000a6c3ffebf0:   000000a6c3ffecc0 00007ffd20e61605
0x000000a6c3ffec00:   0000000000000047 00007ffd20c6a624
0x000000a6c3ffec10:   0000000000000044 000001ab330a7400
0x000000a6c3ffec20:   00000007304224a0 00007ffd00000000
0x000000a6c3ffec30:   00009990fb264eae 00009990fb264fae
0x000000a6c3ffec40:   000001ac1cb63b60 000001ab32856990
0x000000a6c3ffec50:   000000a6c3ffee58 0000000000000001
0x000000a6c3ffec60:   000001ab2fad6828 000000a6c3ffee38 

Instructions: (pc=0x00007ffd20e62db5)
0x00007ffd20e62cb5:   c2 48 8b 4c 24 30 48 8b c1 48 81 fa 00 10 00 00
0x00007ffd20e62cc5:   72 1c 48 83 c2 27 48 8b 49 f8 48 2b c1 48 83 c0
0x00007ffd20e62cd5:   f8 48 83 f8 1f 76 07 ff 15 4e eb 19 00 cc e8 74
0x00007ffd20e62ce5:   b3 08 00 66 0f 6f 05 d0 33 1a 00 f3 0f 7f 44 24
0x00007ffd20e62cf5:   40 c6 44 24 30 00 48 8b cb e8 33 b2 08 00 85 c0
0x00007ffd20e62d05:   74 08 8b c8 e8 2e b2 08 00 90 48 8b c6 48 8b 4c
0x00007ffd20e62d15:   24 50 48 33 cc e8 81 b7 08 00 48 8b 9c 24 98 00
0x00007ffd20e62d25:   00 00 48 83 c4 60 5f 5e 5d c3 cc b8 02 00 00 00
0x00007ffd20e62d35:   c3 cc cc cc cc cc cc cc cc cc cc 48 8b c4 56 57
0x00007ffd20e62d45:   41 56 48 83 ec 70 48 c7 40 98 fe ff ff ff 48 89
0x00007ffd20e62d55:   58 18 48 89 68 20 48 8b 05 2e bf 3f 00 48 33 c4
0x00007ffd20e62d65:   48 89 44 24 68 48 8b ea 48 8b f9 48 8b 01 ff 50
0x00007ffd20e62d75:   08 8b f0 85 c0 0f 85 1b 01 00 00 48 8b 5f 08 48
0x00007ffd20e62d85:   83 c3 08 48 3b 5f 10 0f 84 09 01 00 00 45 33 f6
0x00007ffd20e62d95:   48 8b 13 4c 89 74 24 38 48 c7 44 24 40 0f 00 00
0x00007ffd20e62da5:   00 c6 44 24 28 00 49 c7 c0 ff ff ff ff 49 ff c0
0x00007ffd20e62db5:   42 80 3c 02 00 75 f6 48 8d 4c 24 28 e8 ea 24 ce
0x00007ffd20e62dc5:   ff 90 48 8d 54 24 28 48 8d 4c 24 48 ff 15 89 f6
0x00007ffd20e62dd5:   19 00 90 48 8b d5 48 8d 4c 24 48 ff 15 ba f3 19
0x00007ffd20e62de5:   00 84 c0 75 55 48 8d 4c 24 48 ff 15 93 f5 19 00
0x00007ffd20e62df5:   90 48 8b 54 24 40 48 83 fa 10 72 2e 48 ff c2 48
0x00007ffd20e62e05:   8b 4c 24 28 48 8b c1 48 81 fa 00 10 00 00 72 15
0x00007ffd20e62e15:   48 83 c2 27 48 8b 49 f8 48 2b c1 48 83 c0 f8 48
0x00007ffd20e62e25:   83 f8 1f 77 65 e8 2d b2 08 00 48 83 c3 08 48 3b
0x00007ffd20e62e35:   5f 10 0f 85 58 ff ff ff eb 5c 48 8b 07 48 8d 54
0x00007ffd20e62e45:   24 28 48 8b cf ff 50 08 8b f0 48 8d 4c 24 48 ff
0x00007ffd20e62e55:   15 2e f5 19 00 90 48 8b 54 24 40 48 83 fa 10 72
0x00007ffd20e62e65:   35 48 ff c2 48 8b 4c 24 28 48 8b c1 48 81 fa 00
0x00007ffd20e62e75:   10 00 00 72 1c 48 83 c2 27 48 8b 49 f8 48 2b c1
0x00007ffd20e62e85:   48 83 c0 f8 48 83 f8 1f 76 07 ff 15 9b e9 19 00
0x00007ffd20e62e95:   cc e8 c1 b1 08 00 8b c6 48 8b 4c 24 68 48 33 cc
0x00007ffd20e62ea5:   e8 f6 b5 08 00 4c 8d 5c 24 70 49 8b 5b 30 49 8b 


Stack slot to memory mapping:
stack at sp + 0 slots: 0x0 is NULL
stack at sp + 1 slots: 0x000001ab00000000 points into unknown readable memory: 0x0000000000000000 | 00 00 00 00 00 00 00 00
stack at sp + 2 slots: 0x000001ab5e3306c8 points into unknown readable memory: 0x000001ac16198af0 | f0 8a 19 16 ac 01 00 00
stack at sp + 3 slots: 0x000000a6c3ffecc0 is pointing into the stack for thread: 0x000001ab2fad6580
stack at sp + 4 slots: 0xfffffffffffffffe is an unknown value
stack at sp + 5 slots: 0x000001ab5d04a500 points into unknown readable memory: 0x5c414750465c3a44 | 44 3a 5c 46 50 47 41 5c
stack at sp + 6 slots: 0x000001ac1cb63b60 points into unknown readable memory: 0x0055002f003a0043 | 43 00 3a 00 2f 00 55 00
stack at sp + 7 slots: 0x0 is NULL


---------------  P R O C E S S  ---------------

Threads class SMR info:
_java_thread_list=0x000001ab41dc0f70, length=63, elements={
0x000001ab05583a50, 0x000001ab06b39630, 0x000001ab06b3b340, 0x000001ab06b4d4a0,
0x000001ab06b4f9e0, 0x000001ab06b56700, 0x000001ab06b57c00, 0x000001ab06b5ec60,
0x000001ab06b617f0, 0x000001ab06b62520, 0x000001ab06e77f00, 0x000001ab06e7a400,
0x000001ab2f557210, 0x000001ab2f23b110, 0x000001ab2f23b5e0, 0x000001ab320b7b90,
0x000001ab2fad6580, 0x000001ab327ad630, 0x000001ab327ad160, 0x000001ab327adfd0,
0x000001ab34825330, 0x000001ab416d6a50, 0x000001ab416d4d70, 0x000001ab3f936230,
0x000001ab3f9370a0, 0x000001ab42cb3a50, 0x000001ab42cb9a90, 0x000001ab54d4aca0,
0x000001ab54d48150, 0x000001ab54d47c80, 0x000001ab54d48620, 0x000001ab54d4dcc0,
0x000001ab54d49e30, 0x000001ab54d4b170, 0x000001ab54d472e0, 0x000001ab54d4f000,
0x000001ab54d50ce0, 0x000001ab54d524f0, 0x000001ab54d4f4d0, 0x000001ab54d511b0,
0x000001ab54d529c0, 0x000001ab54d51680, 0x000001ab54d4fe70, 0x000001ab54d52e90,
0x000001ab54d4f9a0, 0x000001ab54d51b50, 0x000001ab54d33a10, 0x000001ab54d35220,
0x000001ab881c3ac0, 0x000001ab881bf760, 0x000001ab881c7480, 0x000001abf5a97290,
0x000001abf5a98100, 0x000001abf5a97c30, 0x000001abf5a99910, 0x000001abf5a95a80,
0x000001abf5a98f70, 0x000001abf5a9ac50, 0x000001abf5a8fa40, 0x000001abf5a9e610,
0x000001abf5a99de0, 0x000001ac16ce3170, 0x000001ac16ce3680
}

Java Threads: ( => current thread )
  0x000001ab05583a50 JavaThread "main" [_thread_blocked, id=18484, stack(0x000000a6ba100000,0x000000a6ba200000)]
  0x000001ab06b39630 JavaThread "Reference Handler" daemon [_thread_blocked, id=18388, stack(0x000000a6ba900000,0x000000a6bb300000)]
  0x000001ab06b3b340 JavaThread "Finalizer" daemon [_thread_blocked, id=19584, stack(0x000000a6bb300000,0x000000a6bbd00000)]
  0x000001ab06b4d4a0 JavaThread "Signal Dispatcher" daemon [_thread_blocked, id=20768, stack(0x000000a6bbd00000,0x000000a6bc700000)]
  0x000001ab06b4f9e0 JavaThread "Attach Listener" daemon [_thread_blocked, id=7664, stack(0x000000a6bc700000,0x000000a6bd100000)]
  0x000001ab06b56700 JavaThread "Service Thread" daemon [_thread_blocked, id=4772, stack(0x000000a6bd100000,0x000000a6bdb00000)]
  0x000001ab06b57c00 JavaThread "Monitor Deflation Thread" daemon [_thread_blocked, id=20084, stack(0x000000a6bdb00000,0x000000a6be500000)]
  0x000001ab06b5ec60 JavaThread "C2 CompilerThread0" daemon [_thread_blocked, id=23852, stack(0x000000a6be500000,0x000000a6be600000)]
  0x000001ab06b617f0 JavaThread "C1 CompilerThread0" daemon [_thread_blocked, id=21804, stack(0x000000a6be600000,0x000000a6be700000)]
  0x000001ab06b62520 JavaThread "Sweeper thread" daemon [_thread_blocked, id=18036, stack(0x000000a6be700000,0x000000a6bf100000)]
  0x000001ab06e77f00 JavaThread "Common-Cleaner" daemon [_thread_blocked, id=316, stack(0x000000a6bf400000,0x000000a6bfe00000)]
  0x000001ab06e7a400 JavaThread "Notification Thread" daemon [_thread_blocked, id=22944, stack(0x000000a6bfe00000,0x000000a6c0800000)]
  0x000001ab2f557210 JavaThread "Java2D Disposer" daemon [_thread_blocked, id=20784, stack(0x000000a6c0a00000,0x000000a6c1400000)]
  0x000001ab2f23b110 JavaThread "AWT-Shutdown" [_thread_blocked, id=22024, stack(0x000000a6c1400000,0x000000a6c1e00000)]
  0x000001ab2f23b5e0 JavaThread "AWT-Windows" daemon [_thread_in_native, id=12912, stack(0x000000a6c1e00000,0x000000a6c2800000)]
  0x000001ab320b7b90 JavaThread "TimerQueue" daemon [_thread_blocked, id=20368, stack(0x000000a6c2c00000,0x000000a6c3600000)]
=>0x000001ab2fad6580 JavaThread "AWT-EventQueue-0" [_thread_in_native, id=13824, stack(0x000000a6c3600000,0x000000a6c4000000)]
  0x000001ab327ad630 JavaThread "Thread-1" [_thread_in_native, id=20424, stack(0x000000a6b8700000,0x000000a6b9b00000)]
  0x000001ab327ad160 JavaThread "Process Messages Thread" [_thread_blocked, id=24312, stack(0x000000a6c6200000,0x000000a6c6c00000)]
  0x000001ab327adfd0 JavaThread "Batik CleanerThread" daemon [_thread_blocked, id=23996, stack(0x000000a6c6c00000,0x000000a6c7600000)]
  0x000001ab34825330 JavaThread "SyntheticaCleanerThread" daemon [_thread_blocked, id=6404, stack(0x000000a6c8000000,0x000000a6c8a00000)]
  0x000001ab416d6a50 JavaThread "Timer-0" [_thread_blocked, id=4768, stack(0x000000a6c9400000,0x000000a6c9e00000)]
  0x000001ab416d4d70 JavaThread "Monitor File Timestamp Swing Worker Thread" [_thread_blocked, id=22136, stack(0x000000a6c9e00000,0x000000a6ca800000)]
  0x000001ab3f936230 JavaThread "Monitor HEventQueue Thread" [_thread_blocked, id=22036, stack(0x000000a6ca800000,0x000000a6cb200000)]
  0x000001ab3f9370a0 JavaThread "SyntheticaAnimation 50" daemon [_thread_blocked, id=22492, stack(0x000000a6cb200000,0x000000a6cbc00000)]
  0x000001ab42cb3a50 JavaThread "SyntheticaAnimation 25" daemon [_thread_blocked, id=15888, stack(0x000000a6cbc00000,0x000000a6cc600000)]
  0x000001ab42cb9a90 JavaThread "SyntheticaAnimation 70" daemon [_thread_blocked, id=24476, stack(0x000000a6cd000000,0x000000a6cda00000)]
  0x000001ab54d4aca0 JavaThread "Refresh Filesets Swing Worker Thread" [_thread_blocked, id=21984, stack(0x000000a6c7600000,0x000000a6c8000000)]
  0x000001ab54d48150 JavaThread "hw_ila_monitor" [_thread_blocked, id=6140, stack(0x000000a6c8a00000,0x000000a6c9400000)]
  0x000001ab54d47c80 JavaThread "pool-2-thread-1" [_thread_blocked, id=23128, stack(0x000000a6cee00000,0x000000a6cf800000)]
  0x000001ab54d48620 JavaThread "Timer-1" [_thread_blocked, id=17684, stack(0x000000a6cf800000,0x000000a6d0200000)]
  0x000001ab54d4dcc0 JavaThread "pool-3-thread-1" [_thread_blocked, id=3216, stack(0x000000a6d0200000,0x000000a6d0c00000)]
  0x000001ab54d49e30 JavaThread "Timer-2" [_thread_blocked, id=9840, stack(0x000000a6d0c00000,0x000000a6d1600000)]
  0x000001ab54d4b170 JavaThread "pool-4-thread-1" [_thread_blocked, id=12424, stack(0x000000a6d1600000,0x000000a6d2000000)]
  0x000001ab54d472e0 JavaThread "Timer-3" [_thread_blocked, id=22452, stack(0x000000a6d2000000,0x000000a6d2a00000)]
  0x000001ab54d4f000 JavaThread "pool-5-thread-1" [_thread_blocked, id=13020, stack(0x000000a6d2a00000,0x000000a6d3400000)]
  0x000001ab54d50ce0 JavaThread "Timer-4" [_thread_blocked, id=22192, stack(0x000000a6d3400000,0x000000a6d3e00000)]
  0x000001ab54d524f0 JavaThread "pool-6-thread-1" [_thread_blocked, id=2800, stack(0x000000a6d3e00000,0x000000a6d4800000)]
  0x000001ab54d4f4d0 JavaThread "Timer-5" [_thread_blocked, id=16956, stack(0x000000a6d4800000,0x000000a6d5200000)]
  0x000001ab54d511b0 JavaThread "pool-7-thread-1" [_thread_blocked, id=9248, stack(0x000000a6d5200000,0x000000a6d5c00000)]
  0x000001ab54d529c0 JavaThread "Timer-6" [_thread_blocked, id=19800, stack(0x000000a6d5c00000,0x000000a6d6600000)]
  0x000001ab54d51680 JavaThread "pool-8-thread-1" [_thread_blocked, id=23684, stack(0x000000a6d6600000,0x000000a6d7000000)]
  0x000001ab54d4fe70 JavaThread "Timer-7" [_thread_blocked, id=21228, stack(0x000000a6d7000000,0x000000a6d7a00000)]
  0x000001ab54d52e90 JavaThread "pool-9-thread-1" [_thread_blocked, id=22916, stack(0x000000a6d7a00000,0x000000a6d8400000)]
  0x000001ab54d4f9a0 JavaThread "Timer-8" [_thread_blocked, id=5828, stack(0x000000a6d8400000,0x000000a6d8e00000)]
  0x000001ab54d51b50 JavaThread "Update Runs Swing Worker Thread" [_thread_blocked, id=13924, stack(0x000000a6d9800000,0x000000a6da200000)]
  0x000001ab54d33a10 JavaThread "Thread-81" [_thread_in_native, id=1832, stack(0x000000a6c5a00000,0x000000a6c5b00000)]
  0x000001ab54d35220 JavaThread "SyntheticaAnimation 50" daemon [_thread_blocked, id=14472, stack(0x000000a6cc600000,0x000000a6cd000000)]
  0x000001ab881c3ac0 JavaThread "Timer-9" [_thread_blocked, id=21548, stack(0x000000a6cda00000,0x000000a6ce400000)]
  0x000001ab881bf760 JavaThread "Monitor File Timestamp Swing Worker Thread" [_thread_blocked, id=11460, stack(0x000000a6ce400000,0x000000a6cee00000)]
  0x000001ab881c7480 JavaThread "Image Animator 3" daemon [_thread_blocked, id=21680, stack(0x000000a6db800000,0x000000a6dc200000)]
  0x000001abf5a97290 JavaThread "pool-11-thread-1" [_thread_blocked, id=14236, stack(0x000000a6d8e00000,0x000000a6d9800000)]
  0x000001abf5a98100 JavaThread "Timer-13" [_thread_blocked, id=16248, stack(0x000000a6dcc00000,0x000000a6dd600000)]
  0x000001abf5a97c30 JavaThread "Timer-14" [_thread_blocked, id=8408, stack(0x000000a6dc200000,0x000000a6dcc00000)]
  0x000001abf5a99910 JavaThread "Monitor File Timestamp Swing Worker Thread" [_thread_blocked, id=22860, stack(0x000000a6dd600000,0x000000a6de000000)]
  0x000001abf5a95a80 JavaThread "Timer-15" [_thread_blocked, id=1924, stack(0x000000a6de000000,0x000000a6dea00000)]
  0x000001abf5a98f70 JavaThread "Monitor File Timestamp Swing Worker Thread" [_thread_blocked, id=3112, stack(0x000000a6dea00000,0x000000a6df400000)]
  0x000001abf5a9ac50 JavaThread "Timer-16" [_thread_blocked, id=23644, stack(0x000000a6dfe00000,0x000000a6e0800000)]
  0x000001abf5a8fa40 JavaThread "Timer-17" [_thread_blocked, id=23152, stack(0x000000a6da200000,0x000000a6dac00000)]
  0x000001abf5a9e610 JavaThread "Monitor File Timestamp Swing Worker Thread" [_thread_blocked, id=14452, stack(0x000000a6dad00000,0x000000a6db700000)]
  0x000001abf5a99de0 JavaThread "Code Inspector Thread" [_thread_in_native, id=8516, stack(0x000000a6df400000,0x000000a6dfe00000)]
  0x000001ac16ce3170 JavaThread "C2 CompilerThread1" daemon [_thread_blocked, id=7796, stack(0x000000a6db700000,0x000000a6db800000)]
  0x000001ac16ce3680 JavaThread "C2 CompilerThread2" daemon [_thread_blocked, id=24284, stack(0x000000a6e0800000,0x000000a6e0900000)]

Other Threads:
  0x000001ab06b35ac0 VMThread "VM Thread" [stack: 0x000000a6ba800000,0x000000a6ba900000] [id=22512]
  0x000001ab06881f80 WatcherThread [stack: 0x000000a6c0800000,0x000000a6c0900000] [id=21868]
  0x000001ab04bd8a80 GCTaskThread "GC Thread#0" [stack: 0x000000a6ba200000,0x000000a6ba300000] [id=4832]
  0x000001ab04bdc040 GCTaskThread "GC Thread#1" [stack: 0x000000a6c4000000,0x000000a6c4100000] [id=24276]
  0x000001ab04bdd5c0 GCTaskThread "GC Thread#2" [stack: 0x000000a6c4100000,0x000000a6c4200000] [id=24288]
  0x000001ab04bd8d30 GCTaskThread "GC Thread#3" [stack: 0x000000a6c4200000,0x000000a6c4300000] [id=23008]
  0x000001ab04bd9540 GCTaskThread "GC Thread#4" [stack: 0x000000a6c4300000,0x000000a6c4400000] [id=20300]
  0x000001ab04bdd870 GCTaskThread "GC Thread#5" [stack: 0x000000a6c4400000,0x000000a6c4500000] [id=8664]
  0x000001ab04bda000 GCTaskThread "GC Thread#6" [stack: 0x000000a6c4500000,0x000000a6c4600000] [id=22564]
  0x000001ab04bda2b0 GCTaskThread "GC Thread#7" [stack: 0x000000a6c4600000,0x000000a6c4700000] [id=22756]
  0x000001ab04bda560 GCTaskThread "GC Thread#8" [stack: 0x000000a6c4700000,0x000000a6c4800000] [id=24128]
  0x000001ab04bd6790 GCTaskThread "GC Thread#9" [stack: 0x000000a6c4800000,0x000000a6c4900000] [id=19344]
  0x000001ab04bda810 GCTaskThread "GC Thread#10" [stack: 0x000000a6c4900000,0x000000a6c4a00000] [id=18364]
  0x000001ab04bd6cf0 GCTaskThread "GC Thread#11" [stack: 0x000000a6c4a00000,0x000000a6c4b00000] [id=22600]
  0x000001ab04bdc850 GCTaskThread "GC Thread#12" [stack: 0x000000a6c4b00000,0x000000a6c4c00000] [id=19544]
  0x000001ab062e9180 ConcurrentGCThread "G1 Main Marker" [stack: 0x000000a6ba300000,0x000000a6ba400000] [id=23856]
  0x000001ab04bd77b0 ConcurrentGCThread "G1 Conc#0" [stack: 0x000000a6ba400000,0x000000a6ba500000] [id=3508]
  0x000001ab04bd5f80 ConcurrentGCThread "G1 Conc#1" [stack: 0x000000a6c5800000,0x000000a6c5900000] [id=22872]
  0x000001ab04bde080 ConcurrentGCThread "G1 Conc#2" [stack: 0x000000a6c5900000,0x000000a6c5a00000] [id=23252]
  0x000001ab054ddd10 ConcurrentGCThread "G1 Refine#0" [stack: 0x000000a6ba500000,0x000000a6ba600000] [id=2392]
  0x000001ab06a11020 ConcurrentGCThread "G1 Service" [stack: 0x000000a6ba600000,0x000000a6ba700000] [id=12016]
  0x000001ab04bdb830 ConcurrentGCThread "StringDedupProcessor" [stack: 0x000000a6ba700000,0x000000a6ba800000] [id=6408]

Threads with active compile tasks:

VM state: not at safepoint (normal execution)

VM Mutex/Monitor currently owned by a thread: None

Heap address: 0x0000000701800000, size: 4072 MB, Compressed Oops mode: Zero based, Oop shift amount: 3

CDS archive(s) mapped at: [0x0000000800000000-0x0000000800bc0000-0x0000000800bc0000), size 12320768, SharedBaseAddress: 0x0000000800000000, ArchiveRelocationMode: 0.
Compressed class space mapped at: 0x0000000801000000-0x0000000841000000, reserved size: 1073741824
Narrow klass base: 0x0000000800000000, Narrow klass shift: 0, Narrow klass range: 0x100000000

GC Precious Log:
 CPUs: 16 total, 16 available
 Memory: 64662M
 Large Page Support: Disabled
 NUMA Support: Disabled
 Compressed Oops: Enabled (Zero based)
 Heap Region Size: 2M
 Heap Min Capacity: 512M
 Heap Initial Capacity: 512M
 Heap Max Capacity: 4072M
 Pre-touch: Disabled
 Parallel Workers: 13
 Concurrent Workers: 3
 Concurrent Refinement Workers: 13
 Periodic GC: Disabled
 String Deduplication is enabled

Heap:
 garbage-first heap   total 839680K, used 352276K [0x0000000701800000, 0x0000000800000000)
  region size 2048K, 38 young (77824K), 2 survivors (4096K)
 Metaspace       used 107810K, committed 108416K, reserved 1179648K
  class space    used 15489K, committed 15808K, reserved 1048576K

Heap Regions: E=young(eden), S=young(survivor), O=old, HS=humongous(starts), HC=humongous(continues), CS=collection set, F=free, OA=open archive, CA=closed archive, TAMS=top-at-mark-start (previous, next)
|   0|0x0000000701800000, 0x0000000701a00000, 0x0000000701a00000|100%|HS|  |TAMS 0x0000000701a00000, 0x0000000701800000| Untracked 
|   1|0x0000000701a00000, 0x0000000701bffff8, 0x0000000701c00000| 99%| O|  |TAMS 0x0000000701bffff8, 0x0000000701a00000| Untracked 
|   2|0x0000000701c00000, 0x0000000701dfff70, 0x0000000701e00000| 99%| O|  |TAMS 0x0000000701dfff70, 0x0000000701c00000| Untracked 
|   3|0x0000000701e00000, 0x0000000701ffffc8, 0x0000000702000000| 99%| O|  |TAMS 0x0000000701ffffc8, 0x0000000701e00000| Untracked 
|   4|0x0000000702000000, 0x00000007021fffb0, 0x0000000702200000| 99%| O|  |TAMS 0x00000007021fffb0, 0x0000000702000000| Untracked 
|   5|0x0000000702200000, 0x0000000702400000, 0x0000000702400000|100%| O|  |TAMS 0x0000000702400000, 0x0000000702200000| Untracked 
|   6|0x0000000702400000, 0x00000007025ff878, 0x0000000702600000| 99%| O|  |TAMS 0x00000007025ff878, 0x0000000702400000| Untracked 
|   7|0x0000000702600000, 0x0000000702800000, 0x0000000702800000|100%| O|  |TAMS 0x0000000702800000, 0x0000000702600000| Untracked 
|   8|0x0000000702800000, 0x0000000702a00000, 0x0000000702a00000|100%| O|  |TAMS 0x0000000702a00000, 0x0000000702800000| Untracked 
|   9|0x0000000702a00000, 0x0000000702bffff0, 0x0000000702c00000| 99%| O|  |TAMS 0x0000000702bffff0, 0x0000000702a00000| Untracked 
|  10|0x0000000702c00000, 0x0000000702dff968, 0x0000000702e00000| 99%| O|  |TAMS 0x0000000702dff968, 0x0000000702c00000| Untracked 
|  11|0x0000000702e00000, 0x0000000702fffff8, 0x0000000703000000| 99%| O|  |TAMS 0x0000000702fffff8, 0x0000000702e00000| Untracked 
|  12|0x0000000703000000, 0x00000007031fffe0, 0x0000000703200000| 99%| O|  |TAMS 0x00000007031fffe0, 0x0000000703000000| Untracked 
|  13|0x0000000703200000, 0x0000000703400000, 0x0000000703400000|100%| O|  |TAMS 0x0000000703400000, 0x0000000703200000| Untracked 
|  14|0x0000000703400000, 0x00000007035ffef8, 0x0000000703600000| 99%| O|  |TAMS 0x00000007035ffef8, 0x0000000703400000| Untracked 
|  15|0x0000000703600000, 0x00000007037fffe8, 0x0000000703800000| 99%| O|  |TAMS 0x00000007037fffe8, 0x0000000703600000| Untracked 
|  16|0x0000000703800000, 0x00000007039fffe8, 0x0000000703a00000| 99%| O|  |TAMS 0x00000007039fffe8, 0x0000000703800000| Untracked 
|  17|0x0000000703a00000, 0x0000000703bffff8, 0x0000000703c00000| 99%| O|  |TAMS 0x0000000703bffff8, 0x0000000703a00000| Untracked 
|  18|0x0000000703c00000, 0x0000000703dfffb8, 0x0000000703e00000| 99%| O|  |TAMS 0x0000000703dfffb8, 0x0000000703c00000| Untracked 
|  19|0x0000000703e00000, 0x0000000703fffff8, 0x0000000704000000| 99%| O|  |TAMS 0x0000000703fffff8, 0x0000000703e00000| Untracked 
|  20|0x0000000704000000, 0x00000007041ffff8, 0x0000000704200000| 99%| O|  |TAMS 0x00000007041ffff8, 0x0000000704000000| Untracked 
|  21|0x0000000704200000, 0x00000007043ffff0, 0x0000000704400000| 99%| O|  |TAMS 0x00000007043ffff0, 0x0000000704200000| Untracked 
|  22|0x0000000704400000, 0x00000007045ffff8, 0x0000000704600000| 99%| O|  |TAMS 0x00000007045ffff8, 0x0000000704400000| Untracked 
|  23|0x0000000704600000, 0x00000007047fffe8, 0x0000000704800000| 99%| O|  |TAMS 0x00000007047fffe8, 0x0000000704600000| Untracked 
|  24|0x0000000704800000, 0x00000007049ffff8, 0x0000000704a00000| 99%| O|  |TAMS 0x0000000704800000, 0x0000000704800000| Untracked 
|  25|0x0000000704a00000, 0x0000000704bffff8, 0x0000000704c00000| 99%| O|  |TAMS 0x0000000704a00000, 0x0000000704a00000| Untracked 
|  26|0x0000000704c00000, 0x0000000704dffe18, 0x0000000704e00000| 99%| O|  |TAMS 0x0000000704dffe18, 0x0000000704c00000| Untracked 
|  27|0x0000000704e00000, 0x0000000704fff880, 0x0000000705000000| 99%| O|  |TAMS 0x0000000704fff880, 0x0000000704e00000| Untracked 
|  28|0x0000000705000000, 0x00000007051ffff8, 0x0000000705200000| 99%| O|  |TAMS 0x0000000705000000, 0x0000000705000000| Untracked 
|  29|0x0000000705200000, 0x00000007053ffff8, 0x0000000705400000| 99%| O|  |TAMS 0x0000000705200000, 0x0000000705200000| Untracked 
|  30|0x0000000705400000, 0x00000007055fad28, 0x0000000705600000| 98%| O|  |TAMS 0x0000000705400000, 0x0000000705400000| Untracked 
|  31|0x0000000705600000, 0x00000007057ffff0, 0x0000000705800000| 99%| O|  |TAMS 0x0000000705600000, 0x0000000705600000| Untracked 
|  32|0x0000000705800000, 0x00000007059fffc8, 0x0000000705a00000| 99%| O|  |TAMS 0x0000000705800000, 0x0000000705800000| Untracked 
|  33|0x0000000705a00000, 0x0000000705bffff0, 0x0000000705c00000| 99%| O|  |TAMS 0x0000000705a00000, 0x0000000705a00000| Untracked 
|  34|0x0000000705c00000, 0x0000000705dffff8, 0x0000000705e00000| 99%| O|  |TAMS 0x0000000705c00000, 0x0000000705c00000| Untracked 
|  35|0x0000000705e00000, 0x0000000705fffff8, 0x0000000706000000| 99%| O|  |TAMS 0x0000000705fffff8, 0x0000000705e00000| Untracked 
|  36|0x0000000706000000, 0x00000007061fffe8, 0x0000000706200000| 99%| O|  |TAMS 0x0000000706000000, 0x0000000706000000| Untracked 
|  37|0x0000000706200000, 0x00000007063ffff8, 0x0000000706400000| 99%| O|  |TAMS 0x0000000706200000, 0x0000000706200000| Untracked 
|  38|0x0000000706400000, 0x00000007065fffe8, 0x0000000706600000| 99%| O|  |TAMS 0x00000007065fffe8, 0x0000000706400000| Untracked 
|  39|0x0000000706600000, 0x00000007067ffff8, 0x0000000706800000| 99%| O|  |TAMS 0x00000007067ffff8, 0x0000000706600000| Untracked 
|  40|0x0000000706800000, 0x00000007069ffff0, 0x0000000706a00000| 99%| O|  |TAMS 0x00000007069ffff0, 0x0000000706800000| Untracked 
|  41|0x0000000706a00000, 0x0000000706bfae68, 0x0000000706c00000| 99%| O|  |TAMS 0x0000000706bfae68, 0x0000000706a00000| Untracked 
|  42|0x0000000706c00000, 0x0000000706dffff0, 0x0000000706e00000| 99%| O|  |TAMS 0x0000000706dffff0, 0x0000000706c00000| Untracked 
|  43|0x0000000706e00000, 0x0000000706fffff0, 0x0000000707000000| 99%| O|  |TAMS 0x0000000706fffff0, 0x0000000706e00000| Untracked 
|  44|0x0000000707000000, 0x00000007071ffff0, 0x0000000707200000| 99%| O|  |TAMS 0x00000007071ffff0, 0x0000000707000000| Untracked 
|  45|0x0000000707200000, 0x00000007073fffe8, 0x0000000707400000| 99%| O|  |TAMS 0x0000000707200000, 0x0000000707200000| Untracked 
|  46|0x0000000707400000, 0x00000007075fdd68, 0x0000000707600000| 99%| O|  |TAMS 0x00000007075fdd68, 0x0000000707400000| Untracked 
|  47|0x0000000707600000, 0x0000000707698a20, 0x0000000707800000| 29%| O|  |TAMS 0x0000000707600000, 0x0000000707600000| Untracked 
|  48|0x0000000707800000, 0x0000000707a00000, 0x0000000707a00000|100%| O|  |TAMS 0x0000000707a00000, 0x0000000707800000| Untracked 
|  49|0x0000000707a00000, 0x0000000707bfce58, 0x0000000707c00000| 99%| O|  |TAMS 0x0000000707a00000, 0x0000000707a00000| Untracked 
|  50|0x0000000707c00000, 0x0000000707cc7298, 0x0000000707e00000| 38%| O|  |TAMS 0x0000000707c00000, 0x0000000707c00000| Untracked 
|  51|0x0000000707e00000, 0x0000000707f11bb0, 0x0000000708000000| 53%| O|  |TAMS 0x0000000707e00000, 0x0000000707e00000| Untracked 
|  52|0x0000000708000000, 0x000000070816c468, 0x0000000708200000| 71%| O|  |TAMS 0x0000000708000000, 0x0000000708000000| Untracked 
|  53|0x0000000708200000, 0x000000070836e350, 0x0000000708400000| 71%| O|  |TAMS 0x0000000708200000, 0x0000000708200000| Untracked 
|  54|0x0000000708400000, 0x00000007085ffff8, 0x0000000708600000| 99%| O|  |TAMS 0x00000007085ffff8, 0x0000000708400000| Untracked 
|  55|0x0000000708600000, 0x00000007087fffd0, 0x0000000708800000| 99%| O|  |TAMS 0x0000000708600000, 0x0000000708600000| Untracked 
|  56|0x0000000708800000, 0x0000000708a00000, 0x0000000708a00000|100%| O|  |TAMS 0x0000000708a00000, 0x0000000708800000| Untracked 
|  57|0x0000000708a00000, 0x0000000708c00000, 0x0000000708c00000|100%| O|  |TAMS 0x0000000708c00000, 0x0000000708a00000| Untracked 
|  58|0x0000000708c00000, 0x0000000708e00000, 0x0000000708e00000|100%| O|  |TAMS 0x0000000708e00000, 0x0000000708c00000| Untracked 
|  59|0x0000000708e00000, 0x0000000709000000, 0x0000000709000000|100%| O|  |TAMS 0x0000000709000000, 0x0000000708e00000| Untracked 
|  60|0x0000000709000000, 0x00000007091ffff8, 0x0000000709200000| 99%| O|  |TAMS 0x00000007091ffff8, 0x0000000709000000| Untracked 
|  61|0x0000000709200000, 0x000000070939a4b8, 0x0000000709400000| 80%| O|  |TAMS 0x0000000709200000, 0x0000000709200000| Untracked 
|  62|0x0000000709400000, 0x0000000709600000, 0x0000000709600000|100%| O|  |TAMS 0x0000000709600000, 0x0000000709400000| Untracked 
|  63|0x0000000709600000, 0x0000000709800000, 0x0000000709800000|100%| O|  |TAMS 0x0000000709800000, 0x0000000709600000| Untracked 
|  64|0x0000000709800000, 0x0000000709a00000, 0x0000000709a00000|100%| O|  |TAMS 0x0000000709a00000, 0x0000000709800000| Untracked 
|  65|0x0000000709a00000, 0x0000000709c00000, 0x0000000709c00000|100%| O|  |TAMS 0x0000000709c00000, 0x0000000709a00000| Untracked 
|  66|0x0000000709c00000, 0x0000000709e00000, 0x0000000709e00000|100%| O|  |TAMS 0x0000000709e00000, 0x0000000709c00000| Untracked 
|  67|0x0000000709e00000, 0x000000070a000000, 0x000000070a000000|100%| O|  |TAMS 0x000000070a000000, 0x0000000709e00000| Untracked 
|  68|0x000000070a000000, 0x000000070a200000, 0x000000070a200000|100%| O|  |TAMS 0x000000070a200000, 0x000000070a000000| Untracked 
|  69|0x000000070a200000, 0x000000070a400000, 0x000000070a400000|100%| O|  |TAMS 0x000000070a400000, 0x000000070a200000| Untracked 
|  70|0x000000070a400000, 0x000000070a600000, 0x000000070a600000|100%| O|  |TAMS 0x000000070a600000, 0x000000070a400000| Untracked 
|  71|0x000000070a600000, 0x000000070a800000, 0x000000070a800000|100%| O|  |TAMS 0x000000070a800000, 0x000000070a600000| Untracked 
|  72|0x000000070a800000, 0x000000070aa00000, 0x000000070aa00000|100%| O|  |TAMS 0x000000070aa00000, 0x000000070a800000| Untracked 
|  73|0x000000070aa00000, 0x000000070ac00000, 0x000000070ac00000|100%| O|  |TAMS 0x000000070ac00000, 0x000000070aa00000| Untracked 
|  74|0x000000070ac00000, 0x000000070ae00000, 0x000000070ae00000|100%| O|  |TAMS 0x000000070ae00000, 0x000000070ac00000| Untracked 
|  75|0x000000070ae00000, 0x000000070b000000, 0x000000070b000000|100%| O|  |TAMS 0x000000070b000000, 0x000000070ae00000| Untracked 
|  76|0x000000070b000000, 0x000000070b200000, 0x000000070b200000|100%| O|  |TAMS 0x000000070b200000, 0x000000070b000000| Untracked 
|  77|0x000000070b200000, 0x000000070b400000, 0x000000070b400000|100%| O|  |TAMS 0x000000070b400000, 0x000000070b200000| Untracked 
|  78|0x000000070b400000, 0x000000070b600000, 0x000000070b600000|100%| O|  |TAMS 0x000000070b600000, 0x000000070b400000| Untracked 
|  79|0x000000070b600000, 0x000000070b800000, 0x000000070b800000|100%| O|  |TAMS 0x000000070b800000, 0x000000070b600000| Untracked 
|  80|0x000000070b800000, 0x000000070ba00000, 0x000000070ba00000|100%| O|  |TAMS 0x000000070ba00000, 0x000000070b800000| Untracked 
|  81|0x000000070ba00000, 0x000000070bc00000, 0x000000070bc00000|100%| O|  |TAMS 0x000000070bc00000, 0x000000070ba00000| Untracked 
|  82|0x000000070bc00000, 0x000000070be00000, 0x000000070be00000|100%| O|  |TAMS 0x000000070be00000, 0x000000070bc00000| Untracked 
|  83|0x000000070be00000, 0x000000070c000000, 0x000000070c000000|100%| O|  |TAMS 0x000000070c000000, 0x000000070be00000| Untracked 
|  84|0x000000070c000000, 0x000000070c200000, 0x000000070c200000|100%| O|  |TAMS 0x000000070c200000, 0x000000070c000000| Untracked 
|  85|0x000000070c200000, 0x000000070c400000, 0x000000070c400000|100%| O|  |TAMS 0x000000070c400000, 0x000000070c200000| Untracked 
|  86|0x000000070c400000, 0x000000070c600000, 0x000000070c600000|100%| O|  |TAMS 0x000000070c600000, 0x000000070c400000| Untracked 
|  87|0x000000070c600000, 0x000000070c800000, 0x000000070c800000|100%| O|  |TAMS 0x000000070c800000, 0x000000070c600000| Untracked 
|  88|0x000000070c800000, 0x000000070ca00000, 0x000000070ca00000|100%| O|  |TAMS 0x000000070ca00000, 0x000000070c800000| Untracked 
|  89|0x000000070ca00000, 0x000000070cc00000, 0x000000070cc00000|100%| O|  |TAMS 0x000000070cc00000, 0x000000070ca00000| Untracked 
|  90|0x000000070cc00000, 0x000000070ce00000, 0x000000070ce00000|100%| O|  |TAMS 0x000000070ce00000, 0x000000070cc00000| Untracked 
|  91|0x000000070ce00000, 0x000000070d000000, 0x000000070d000000|100%| O|  |TAMS 0x000000070d000000, 0x000000070ce00000| Untracked 
|  92|0x000000070d000000, 0x000000070d1ffff0, 0x000000070d200000| 99%| O|  |TAMS 0x000000070d1ffff0, 0x000000070d000000| Untracked 
|  93|0x000000070d200000, 0x000000070d3fffe8, 0x000000070d400000| 99%| O|  |TAMS 0x000000070d3fffe8, 0x000000070d200000| Untracked 
|  94|0x000000070d400000, 0x000000070d600000, 0x000000070d600000|100%| O|  |TAMS 0x000000070d600000, 0x000000070d400000| Untracked 
|  95|0x000000070d600000, 0x000000070d800000, 0x000000070d800000|100%| O|  |TAMS 0x000000070d800000, 0x000000070d600000| Untracked 
|  96|0x000000070d800000, 0x000000070da00000, 0x000000070da00000|100%| O|  |TAMS 0x000000070da00000, 0x000000070d800000| Untracked 
|  97|0x000000070da00000, 0x000000070dc00000, 0x000000070dc00000|100%| O|  |TAMS 0x000000070dc00000, 0x000000070da00000| Untracked 
|  98|0x000000070dc00000, 0x000000070ddfffd8, 0x000000070de00000| 99%| O|  |TAMS 0x000000070ddfffd8, 0x000000070dc00000| Untracked 
|  99|0x000000070de00000, 0x000000070de04da0, 0x000000070e000000|  0%| O|  |TAMS 0x000000070de00000, 0x000000070de00000| Untracked 
| 100|0x000000070e000000, 0x000000070e200000, 0x000000070e200000|100%| O|  |TAMS 0x000000070e200000, 0x000000070e000000| Untracked 
| 101|0x000000070e200000, 0x000000070e3fffe0, 0x000000070e400000| 99%| O|  |TAMS 0x000000070e3fffe0, 0x000000070e200000| Untracked 
| 102|0x000000070e400000, 0x000000070e52e4d0, 0x000000070e600000| 59%| O|  |TAMS 0x000000070e400000, 0x000000070e400000| Untracked 
| 103|0x000000070e600000, 0x000000070e800000, 0x000000070e800000|100%| O|  |TAMS 0x000000070e800000, 0x000000070e600000| Untracked 
| 104|0x000000070e800000, 0x000000070ea00000, 0x000000070ea00000|100%| O|  |TAMS 0x000000070ea00000, 0x000000070e800000| Untracked 
| 105|0x000000070ea00000, 0x000000070ec00000, 0x000000070ec00000|100%| O|  |TAMS 0x000000070ec00000, 0x000000070ea00000| Untracked 
| 106|0x000000070ec00000, 0x000000070ee00000, 0x000000070ee00000|100%| O|  |TAMS 0x000000070ee00000, 0x000000070ec00000| Untracked 
| 107|0x000000070ee00000, 0x000000070f000000, 0x000000070f000000|100%| O|  |TAMS 0x000000070f000000, 0x000000070ee00000| Untracked 
| 108|0x000000070f000000, 0x000000070f200000, 0x000000070f200000|100%| O|  |TAMS 0x000000070f200000, 0x000000070f000000| Untracked 
| 109|0x000000070f200000, 0x000000070f400000, 0x000000070f400000|100%| O|  |TAMS 0x000000070f400000, 0x000000070f200000| Untracked 
| 110|0x000000070f400000, 0x000000070f5c4000, 0x000000070f600000| 88%| O|  |TAMS 0x000000070f400000, 0x000000070f400000| Untracked 
| 111|0x000000070f600000, 0x000000070f780610, 0x000000070f800000| 75%| O|  |TAMS 0x000000070f600000, 0x000000070f600000| Untracked 
| 112|0x000000070f800000, 0x000000070fa00000, 0x000000070fa00000|100%| O|  |TAMS 0x000000070fa00000, 0x000000070f800000| Untracked 
| 113|0x000000070fa00000, 0x000000070fc00000, 0x000000070fc00000|100%| O|  |TAMS 0x000000070fc00000, 0x000000070fa00000| Untracked 
| 114|0x000000070fc00000, 0x000000070fe00000, 0x000000070fe00000|100%| O|  |TAMS 0x000000070fe00000, 0x000000070fc00000| Untracked 
| 115|0x000000070fe00000, 0x0000000710000000, 0x0000000710000000|100%| O|  |TAMS 0x0000000710000000, 0x000000070fe00000| Untracked 
| 116|0x0000000710000000, 0x0000000710200000, 0x0000000710200000|100%| O|  |TAMS 0x0000000710200000, 0x0000000710000000| Untracked 
| 117|0x0000000710200000, 0x0000000710400000, 0x0000000710400000|100%|HS|  |TAMS 0x0000000710400000, 0x0000000710200000| Untracked 
| 118|0x0000000710400000, 0x0000000710600000, 0x0000000710600000|100%|HS|  |TAMS 0x0000000710600000, 0x0000000710400000| Untracked 
| 119|0x0000000710600000, 0x0000000710600000, 0x0000000710800000|  0%| F|  |TAMS 0x0000000710600000, 0x0000000710600000| Untracked 
| 120|0x0000000710800000, 0x0000000710a00000, 0x0000000710a00000|100%| O|  |TAMS 0x0000000710a00000, 0x0000000710800000| Untracked 
| 121|0x0000000710a00000, 0x0000000710c00000, 0x0000000710c00000|100%| O|  |TAMS 0x0000000710c00000, 0x0000000710a00000| Untracked 
| 122|0x0000000710c00000, 0x0000000710c00000, 0x0000000710e00000|  0%| F|  |TAMS 0x0000000710c00000, 0x0000000710c00000| Untracked 
| 123|0x0000000710e00000, 0x0000000710ffffe8, 0x0000000711000000| 99%| O|  |TAMS 0x0000000710ffffe8, 0x0000000710e00000| Untracked 
| 124|0x0000000711000000, 0x0000000711000000, 0x0000000711200000|  0%| F|  |TAMS 0x0000000711000000, 0x0000000711000000| Untracked 
| 125|0x0000000711200000, 0x0000000711400000, 0x0000000711400000|100%| O|  |TAMS 0x0000000711400000, 0x0000000711200000| Untracked 
| 126|0x0000000711400000, 0x0000000711600000, 0x0000000711600000|100%| O|  |TAMS 0x0000000711600000, 0x0000000711400000| Untracked 
| 127|0x0000000711600000, 0x0000000711600000, 0x0000000711800000|  0%| F|  |TAMS 0x0000000711600000, 0x0000000711600000| Untracked 
| 128|0x0000000711800000, 0x0000000711800000, 0x0000000711a00000|  0%| F|  |TAMS 0x0000000711800000, 0x0000000711800000| Untracked 
| 129|0x0000000711a00000, 0x0000000711c00000, 0x0000000711c00000|100%| O|  |TAMS 0x0000000711c00000, 0x0000000711a00000| Untracked 
| 130|0x0000000711c00000, 0x0000000711e00000, 0x0000000711e00000|100%|HS|  |TAMS 0x0000000711e00000, 0x0000000711c00000| Untracked 
| 131|0x0000000711e00000, 0x0000000712000000, 0x0000000712000000|100%|HC|  |TAMS 0x0000000712000000, 0x0000000711e00000| Untracked 
| 132|0x0000000712000000, 0x0000000712200000, 0x0000000712200000|100%|HC|  |TAMS 0x0000000712200000, 0x0000000712000000| Untracked 
| 133|0x0000000712200000, 0x0000000712400000, 0x0000000712400000|100%|HC|  |TAMS 0x0000000712400000, 0x0000000712200000| Untracked 
| 134|0x0000000712400000, 0x0000000712400000, 0x0000000712600000|  0%| F|  |TAMS 0x0000000712400000, 0x0000000712400000| Untracked 
| 135|0x0000000712600000, 0x0000000712600000, 0x0000000712800000|  0%| F|  |TAMS 0x0000000712600000, 0x0000000712600000| Untracked 
| 136|0x0000000712800000, 0x0000000712800000, 0x0000000712a00000|  0%| F|  |TAMS 0x0000000712800000, 0x0000000712800000| Untracked 
| 137|0x0000000712a00000, 0x0000000712a00000, 0x0000000712c00000|  0%| F|  |TAMS 0x0000000712a00000, 0x0000000712a00000| Untracked 
| 138|0x0000000712c00000, 0x0000000712c00000, 0x0000000712e00000|  0%| F|  |TAMS 0x0000000712c00000, 0x0000000712c00000| Untracked 
| 139|0x0000000712e00000, 0x0000000712e00000, 0x0000000713000000|  0%| F|  |TAMS 0x0000000712e00000, 0x0000000712e00000| Untracked 
| 140|0x0000000713000000, 0x0000000713200000, 0x0000000713200000|100%|HS|  |TAMS 0x0000000713200000, 0x0000000713000000| Untracked 
| 141|0x0000000713200000, 0x0000000713400000, 0x0000000713400000|100%|HC|  |TAMS 0x0000000713400000, 0x0000000713200000| Untracked 
| 142|0x0000000713400000, 0x0000000713600000, 0x0000000713600000|100%|HC|  |TAMS 0x0000000713600000, 0x0000000713400000| Untracked 
| 143|0x0000000713600000, 0x0000000713800000, 0x0000000713800000|100%|HC|  |TAMS 0x0000000713800000, 0x0000000713600000| Untracked 
| 144|0x0000000713800000, 0x0000000713a00000, 0x0000000713a00000|100%|HS|  |TAMS 0x0000000713a00000, 0x0000000713800000| Untracked 
| 145|0x0000000713a00000, 0x0000000713c00000, 0x0000000713c00000|100%|HC|  |TAMS 0x0000000713c00000, 0x0000000713a00000| Untracked 
| 146|0x0000000713c00000, 0x0000000713e00000, 0x0000000713e00000|100%|HC|  |TAMS 0x0000000713e00000, 0x0000000713c00000| Untracked 
| 147|0x0000000713e00000, 0x0000000714000000, 0x0000000714000000|100%|HC|  |TAMS 0x0000000714000000, 0x0000000713e00000| Untracked 
| 148|0x0000000714000000, 0x0000000714000000, 0x0000000714200000|  0%| F|  |TAMS 0x0000000714000000, 0x0000000714000000| Untracked 
| 149|0x0000000714200000, 0x0000000714400000, 0x0000000714400000|100%|HS|  |TAMS 0x0000000714400000, 0x0000000714200000| Untracked 
| 150|0x0000000714400000, 0x0000000714600000, 0x0000000714600000|100%|HC|  |TAMS 0x0000000714600000, 0x0000000714400000| Untracked 
| 151|0x0000000714600000, 0x0000000714600000, 0x0000000714800000|  0%| F|  |TAMS 0x0000000714600000, 0x0000000714600000| Untracked 
| 152|0x0000000714800000, 0x0000000714800000, 0x0000000714a00000|  0%| F|  |TAMS 0x0000000714800000, 0x0000000714800000| Untracked 
| 153|0x0000000714a00000, 0x0000000714a00000, 0x0000000714c00000|  0%| F|  |TAMS 0x0000000714a00000, 0x0000000714a00000| Untracked 
| 154|0x0000000714c00000, 0x0000000714c00000, 0x0000000714e00000|  0%| F|  |TAMS 0x0000000714c00000, 0x0000000714c00000| Untracked 
| 155|0x0000000714e00000, 0x0000000714e00000, 0x0000000715000000|  0%| F|  |TAMS 0x0000000714e00000, 0x0000000714e00000| Untracked 
| 156|0x0000000715000000, 0x0000000715000000, 0x0000000715200000|  0%| F|  |TAMS 0x0000000715000000, 0x0000000715000000| Untracked 
| 157|0x0000000715200000, 0x0000000715200000, 0x0000000715400000|  0%| F|  |TAMS 0x0000000715200000, 0x0000000715200000| Untracked 
| 158|0x0000000715400000, 0x0000000715400000, 0x0000000715600000|  0%| F|  |TAMS 0x0000000715400000, 0x0000000715400000| Untracked 
| 159|0x0000000715600000, 0x0000000715600000, 0x0000000715800000|  0%| F|  |TAMS 0x0000000715600000, 0x0000000715600000| Untracked 
| 160|0x0000000715800000, 0x0000000715800000, 0x0000000715a00000|  0%| F|  |TAMS 0x0000000715800000, 0x0000000715800000| Untracked 
| 161|0x0000000715a00000, 0x0000000715a00000, 0x0000000715c00000|  0%| F|  |TAMS 0x0000000715a00000, 0x0000000715a00000| Untracked 
| 162|0x0000000715c00000, 0x0000000715c00000, 0x0000000715e00000|  0%| F|  |TAMS 0x0000000715c00000, 0x0000000715c00000| Untracked 
| 163|0x0000000715e00000, 0x0000000715e00000, 0x0000000716000000|  0%| F|  |TAMS 0x0000000715e00000, 0x0000000715e00000| Untracked 
| 164|0x0000000716000000, 0x0000000716000000, 0x0000000716200000|  0%| F|  |TAMS 0x0000000716000000, 0x0000000716000000| Untracked 
| 165|0x0000000716200000, 0x0000000716200000, 0x0000000716400000|  0%| F|  |TAMS 0x0000000716200000, 0x0000000716200000| Untracked 
| 166|0x0000000716400000, 0x0000000716400000, 0x0000000716600000|  0%| F|  |TAMS 0x0000000716400000, 0x0000000716400000| Untracked 
| 167|0x0000000716600000, 0x0000000716600000, 0x0000000716800000|  0%| F|  |TAMS 0x0000000716600000, 0x0000000716600000| Untracked 
| 168|0x0000000716800000, 0x0000000716800000, 0x0000000716a00000|  0%| F|  |TAMS 0x0000000716800000, 0x0000000716800000| Untracked 
| 169|0x0000000716a00000, 0x0000000716a00000, 0x0000000716c00000|  0%| F|  |TAMS 0x0000000716a00000, 0x0000000716a00000| Untracked 
| 170|0x0000000716c00000, 0x0000000716c00000, 0x0000000716e00000|  0%| F|  |TAMS 0x0000000716c00000, 0x0000000716c00000| Untracked 
| 171|0x0000000716e00000, 0x0000000716e00000, 0x0000000717000000|  0%| F|  |TAMS 0x0000000716e00000, 0x0000000716e00000| Untracked 
| 172|0x0000000717000000, 0x0000000717000000, 0x0000000717200000|  0%| F|  |TAMS 0x0000000717000000, 0x0000000717000000| Untracked 
| 173|0x0000000717200000, 0x0000000717200000, 0x0000000717400000|  0%| F|  |TAMS 0x0000000717200000, 0x0000000717200000| Untracked 
| 174|0x0000000717400000, 0x0000000717400000, 0x0000000717600000|  0%| F|  |TAMS 0x0000000717400000, 0x0000000717400000| Untracked 
| 175|0x0000000717600000, 0x0000000717600000, 0x0000000717800000|  0%| F|  |TAMS 0x0000000717600000, 0x0000000717600000| Untracked 
| 176|0x0000000717800000, 0x0000000717800000, 0x0000000717a00000|  0%| F|  |TAMS 0x0000000717800000, 0x0000000717800000| Untracked 
| 177|0x0000000717a00000, 0x0000000717a00000, 0x0000000717c00000|  0%| F|  |TAMS 0x0000000717a00000, 0x0000000717a00000| Untracked 
| 178|0x0000000717c00000, 0x0000000717c00000, 0x0000000717e00000|  0%| F|  |TAMS 0x0000000717c00000, 0x0000000717c00000| Untracked 
| 179|0x0000000717e00000, 0x0000000717e00000, 0x0000000718000000|  0%| F|  |TAMS 0x0000000717e00000, 0x0000000717e00000| Untracked 
| 180|0x0000000718000000, 0x0000000718000000, 0x0000000718200000|  0%| F|  |TAMS 0x0000000718000000, 0x0000000718000000| Untracked 
| 181|0x0000000718200000, 0x0000000718200000, 0x0000000718400000|  0%| F|  |TAMS 0x0000000718200000, 0x0000000718200000| Untracked 
| 182|0x0000000718400000, 0x000000071851a9d0, 0x0000000718600000| 55%| O|  |TAMS 0x0000000718400000, 0x0000000718400000| Untracked 
| 183|0x0000000718600000, 0x0000000718600000, 0x0000000718800000|  0%| F|  |TAMS 0x0000000718600000, 0x0000000718600000| Untracked 
| 184|0x0000000718800000, 0x0000000718800000, 0x0000000718a00000|  0%| F|  |TAMS 0x0000000718800000, 0x0000000718800000| Untracked 
| 185|0x0000000718a00000, 0x0000000718a00000, 0x0000000718c00000|  0%| F|  |TAMS 0x0000000718a00000, 0x0000000718a00000| Untracked 
| 186|0x0000000718c00000, 0x0000000718c00000, 0x0000000718e00000|  0%| F|  |TAMS 0x0000000718c00000, 0x0000000718c00000| Untracked 
| 187|0x0000000718e00000, 0x0000000718e00000, 0x0000000719000000|  0%| F|  |TAMS 0x0000000718e00000, 0x0000000718e00000| Untracked 
| 188|0x0000000719000000, 0x0000000719000000, 0x0000000719200000|  0%| F|  |TAMS 0x0000000719000000, 0x0000000719000000| Untracked 
| 189|0x0000000719200000, 0x0000000719200000, 0x0000000719400000|  0%| F|  |TAMS 0x0000000719200000, 0x0000000719200000| Untracked 
| 190|0x0000000719400000, 0x0000000719400000, 0x0000000719600000|  0%| F|  |TAMS 0x0000000719400000, 0x0000000719400000| Untracked 
| 191|0x0000000719600000, 0x0000000719600000, 0x0000000719800000|  0%| F|  |TAMS 0x0000000719600000, 0x0000000719600000| Untracked 
| 192|0x0000000719800000, 0x0000000719800000, 0x0000000719a00000|  0%| F|  |TAMS 0x0000000719800000, 0x0000000719800000| Untracked 
| 193|0x0000000719a00000, 0x0000000719a00000, 0x0000000719c00000|  0%| F|  |TAMS 0x0000000719a00000, 0x0000000719a00000| Untracked 
| 194|0x0000000719c00000, 0x0000000719c00000, 0x0000000719e00000|  0%| F|  |TAMS 0x0000000719c00000, 0x0000000719c00000| Untracked 
| 195|0x0000000719e00000, 0x0000000719e00000, 0x000000071a000000|  0%| F|  |TAMS 0x0000000719e00000, 0x0000000719e00000| Untracked 
| 196|0x000000071a000000, 0x000000071a000000, 0x000000071a200000|  0%| F|  |TAMS 0x000000071a000000, 0x000000071a000000| Untracked 
| 197|0x000000071a200000, 0x000000071a200000, 0x000000071a400000|  0%| F|  |TAMS 0x000000071a200000, 0x000000071a200000| Untracked 
| 198|0x000000071a400000, 0x000000071a400000, 0x000000071a600000|  0%| F|  |TAMS 0x000000071a400000, 0x000000071a400000| Untracked 
| 199|0x000000071a600000, 0x000000071a600000, 0x000000071a800000|  0%| F|  |TAMS 0x000000071a600000, 0x000000071a600000| Untracked 
| 200|0x000000071a800000, 0x000000071a800000, 0x000000071aa00000|  0%| F|  |TAMS 0x000000071a800000, 0x000000071a800000| Untracked 
| 201|0x000000071aa00000, 0x000000071aa00000, 0x000000071ac00000|  0%| F|  |TAMS 0x000000071aa00000, 0x000000071aa00000| Untracked 
| 202|0x000000071ac00000, 0x000000071ac00000, 0x000000071ae00000|  0%| F|  |TAMS 0x000000071ac00000, 0x000000071ac00000| Untracked 
| 203|0x000000071ae00000, 0x000000071ae00000, 0x000000071b000000|  0%| F|  |TAMS 0x000000071ae00000, 0x000000071ae00000| Untracked 
| 204|0x000000071b000000, 0x000000071b000000, 0x000000071b200000|  0%| F|  |TAMS 0x000000071b000000, 0x000000071b000000| Untracked 
| 205|0x000000071b200000, 0x000000071b200000, 0x000000071b400000|  0%| F|  |TAMS 0x000000071b200000, 0x000000071b200000| Untracked 
| 206|0x000000071b400000, 0x000000071b400000, 0x000000071b600000|  0%| F|  |TAMS 0x000000071b400000, 0x000000071b400000| Untracked 
| 207|0x000000071b600000, 0x000000071b600000, 0x000000071b800000|  0%| F|  |TAMS 0x000000071b600000, 0x000000071b600000| Untracked 
| 208|0x000000071b800000, 0x000000071b800000, 0x000000071ba00000|  0%| F|  |TAMS 0x000000071b800000, 0x000000071b800000| Untracked 
| 209|0x000000071ba00000, 0x000000071ba00000, 0x000000071bc00000|  0%| F|  |TAMS 0x000000071ba00000, 0x000000071ba00000| Untracked 
| 210|0x000000071bc00000, 0x000000071bc00000, 0x000000071be00000|  0%| F|  |TAMS 0x000000071bc00000, 0x000000071bc00000| Untracked 
| 211|0x000000071be00000, 0x000000071be00000, 0x000000071c000000|  0%| F|  |TAMS 0x000000071be00000, 0x000000071be00000| Untracked 
| 212|0x000000071c000000, 0x000000071c000000, 0x000000071c200000|  0%| F|  |TAMS 0x000000071c000000, 0x000000071c000000| Untracked 
| 213|0x000000071c200000, 0x000000071c200000, 0x000000071c400000|  0%| F|  |TAMS 0x000000071c200000, 0x000000071c200000| Untracked 
| 214|0x000000071c400000, 0x000000071c400000, 0x000000071c600000|  0%| F|  |TAMS 0x000000071c400000, 0x000000071c400000| Untracked 
| 215|0x000000071c600000, 0x000000071c600000, 0x000000071c800000|  0%| F|  |TAMS 0x000000071c600000, 0x000000071c600000| Untracked 
| 216|0x000000071c800000, 0x000000071c800000, 0x000000071ca00000|  0%| F|  |TAMS 0x000000071c800000, 0x000000071c800000| Untracked 
| 217|0x000000071ca00000, 0x000000071ca00000, 0x000000071cc00000|  0%| F|  |TAMS 0x000000071ca00000, 0x000000071ca00000| Untracked 
| 218|0x000000071cc00000, 0x000000071cc00000, 0x000000071ce00000|  0%| F|  |TAMS 0x000000071cc00000, 0x000000071cc00000| Untracked 
| 219|0x000000071ce00000, 0x000000071ce00000, 0x000000071d000000|  0%| F|  |TAMS 0x000000071ce00000, 0x000000071ce00000| Untracked 
| 220|0x000000071d000000, 0x000000071d000000, 0x000000071d200000|  0%| F|  |TAMS 0x000000071d000000, 0x000000071d000000| Untracked 
| 221|0x000000071d200000, 0x000000071d200000, 0x000000071d400000|  0%| F|  |TAMS 0x000000071d200000, 0x000000071d200000| Untracked 
| 222|0x000000071d400000, 0x000000071d400000, 0x000000071d600000|  0%| F|  |TAMS 0x000000071d400000, 0x000000071d400000| Untracked 
| 223|0x000000071d600000, 0x000000071d600000, 0x000000071d800000|  0%| F|  |TAMS 0x000000071d600000, 0x000000071d600000| Untracked 
| 224|0x000000071d800000, 0x000000071d800000, 0x000000071da00000|  0%| F|  |TAMS 0x000000071d800000, 0x000000071d800000| Untracked 
| 225|0x000000071da00000, 0x000000071da00000, 0x000000071dc00000|  0%| F|  |TAMS 0x000000071da00000, 0x000000071da00000| Untracked 
| 226|0x000000071dc00000, 0x000000071dc00000, 0x000000071de00000|  0%| F|  |TAMS 0x000000071dc00000, 0x000000071dc00000| Untracked 
| 227|0x000000071de00000, 0x000000071de00000, 0x000000071e000000|  0%| F|  |TAMS 0x000000071de00000, 0x000000071de00000| Untracked 
| 228|0x000000071e000000, 0x000000071e000000, 0x000000071e200000|  0%| F|  |TAMS 0x000000071e000000, 0x000000071e000000| Untracked 
| 229|0x000000071e200000, 0x000000071e200000, 0x000000071e400000|  0%| F|  |TAMS 0x000000071e200000, 0x000000071e200000| Untracked 
| 230|0x000000071e400000, 0x000000071e400000, 0x000000071e600000|  0%| F|  |TAMS 0x000000071e400000, 0x000000071e400000| Untracked 
| 231|0x000000071e600000, 0x000000071e600000, 0x000000071e800000|  0%| F|  |TAMS 0x000000071e600000, 0x000000071e600000| Untracked 
| 232|0x000000071e800000, 0x000000071e800000, 0x000000071ea00000|  0%| F|  |TAMS 0x000000071e800000, 0x000000071e800000| Untracked 
| 233|0x000000071ea00000, 0x000000071ea00000, 0x000000071ec00000|  0%| F|  |TAMS 0x000000071ea00000, 0x000000071ea00000| Untracked 
| 234|0x000000071ec00000, 0x000000071ec00000, 0x000000071ee00000|  0%| F|  |TAMS 0x000000071ec00000, 0x000000071ec00000| Untracked 
| 235|0x000000071ee00000, 0x000000071ee00000, 0x000000071f000000|  0%| F|  |TAMS 0x000000071ee00000, 0x000000071ee00000| Untracked 
| 236|0x000000071f000000, 0x000000071f000000, 0x000000071f200000|  0%| F|  |TAMS 0x000000071f000000, 0x000000071f000000| Untracked 
| 237|0x000000071f200000, 0x000000071f200000, 0x000000071f400000|  0%| F|  |TAMS 0x000000071f200000, 0x000000071f200000| Untracked 
| 238|0x000000071f400000, 0x000000071f400000, 0x000000071f600000|  0%| F|  |TAMS 0x000000071f400000, 0x000000071f400000| Untracked 
| 239|0x000000071f600000, 0x000000071f600000, 0x000000071f800000|  0%| F|  |TAMS 0x000000071f600000, 0x000000071f600000| Untracked 
| 240|0x000000071f800000, 0x000000071f800000, 0x000000071fa00000|  0%| F|  |TAMS 0x000000071f800000, 0x000000071f800000| Untracked 
| 241|0x000000071fa00000, 0x000000071fa00000, 0x000000071fc00000|  0%| F|  |TAMS 0x000000071fa00000, 0x000000071fa00000| Untracked 
| 242|0x000000071fc00000, 0x000000071fc00000, 0x000000071fe00000|  0%| F|  |TAMS 0x000000071fc00000, 0x000000071fc00000| Untracked 
| 243|0x000000071fe00000, 0x000000071fe00000, 0x0000000720000000|  0%| F|  |TAMS 0x000000071fe00000, 0x000000071fe00000| Untracked 
| 244|0x0000000720000000, 0x0000000720000000, 0x0000000720200000|  0%| F|  |TAMS 0x0000000720000000, 0x0000000720000000| Untracked 
| 245|0x0000000720200000, 0x0000000720200000, 0x0000000720400000|  0%| F|  |TAMS 0x0000000720200000, 0x0000000720200000| Untracked 
| 246|0x0000000720400000, 0x0000000720400000, 0x0000000720600000|  0%| F|  |TAMS 0x0000000720400000, 0x0000000720400000| Untracked 
| 247|0x0000000720600000, 0x0000000720600000, 0x0000000720800000|  0%| F|  |TAMS 0x0000000720600000, 0x0000000720600000| Untracked 
| 248|0x0000000720800000, 0x0000000720800000, 0x0000000720a00000|  0%| F|  |TAMS 0x0000000720800000, 0x0000000720800000| Untracked 
| 249|0x0000000720a00000, 0x0000000720a00000, 0x0000000720c00000|  0%| F|  |TAMS 0x0000000720a00000, 0x0000000720a00000| Untracked 
| 250|0x0000000720c00000, 0x0000000720c00000, 0x0000000720e00000|  0%| F|  |TAMS 0x0000000720c00000, 0x0000000720c00000| Untracked 
| 251|0x0000000720e00000, 0x0000000720e00000, 0x0000000721000000|  0%| F|  |TAMS 0x0000000720e00000, 0x0000000720e00000| Untracked 
| 252|0x0000000721000000, 0x0000000721000000, 0x0000000721200000|  0%| F|  |TAMS 0x0000000721000000, 0x0000000721000000| Untracked 
| 253|0x0000000721200000, 0x0000000721200000, 0x0000000721400000|  0%| F|  |TAMS 0x0000000721200000, 0x0000000721200000| Untracked 
| 254|0x0000000721400000, 0x0000000721400000, 0x0000000721600000|  0%| F|  |TAMS 0x0000000721400000, 0x0000000721400000| Untracked 
| 255|0x0000000721600000, 0x0000000721600000, 0x0000000721800000|  0%| F|  |TAMS 0x0000000721600000, 0x0000000721600000| Untracked 
| 256|0x0000000721800000, 0x0000000721800000, 0x0000000721a00000|  0%| F|  |TAMS 0x0000000721800000, 0x0000000721800000| Untracked 
| 257|0x0000000721a00000, 0x0000000721a00000, 0x0000000721c00000|  0%| F|  |TAMS 0x0000000721a00000, 0x0000000721a00000| Untracked 
| 258|0x0000000721c00000, 0x0000000721c00000, 0x0000000721e00000|  0%| F|  |TAMS 0x0000000721c00000, 0x0000000721c00000| Untracked 
| 259|0x0000000721e00000, 0x0000000721e00000, 0x0000000722000000|  0%| F|  |TAMS 0x0000000721e00000, 0x0000000721e00000| Untracked 
| 260|0x0000000722000000, 0x0000000722000000, 0x0000000722200000|  0%| F|  |TAMS 0x0000000722000000, 0x0000000722000000| Untracked 
| 261|0x0000000722200000, 0x0000000722200000, 0x0000000722400000|  0%| F|  |TAMS 0x0000000722200000, 0x0000000722200000| Untracked 
| 262|0x0000000722400000, 0x0000000722400000, 0x0000000722600000|  0%| F|  |TAMS 0x0000000722400000, 0x0000000722400000| Untracked 
| 263|0x0000000722600000, 0x0000000722600000, 0x0000000722800000|  0%| F|  |TAMS 0x0000000722600000, 0x0000000722600000| Untracked 
| 264|0x0000000722800000, 0x0000000722800000, 0x0000000722a00000|  0%| F|  |TAMS 0x0000000722800000, 0x0000000722800000| Untracked 
| 265|0x0000000722a00000, 0x0000000722a00000, 0x0000000722c00000|  0%| F|  |TAMS 0x0000000722a00000, 0x0000000722a00000| Untracked 
| 266|0x0000000722c00000, 0x0000000722c00000, 0x0000000722e00000|  0%| F|  |TAMS 0x0000000722c00000, 0x0000000722c00000| Untracked 
| 267|0x0000000722e00000, 0x0000000722e00000, 0x0000000723000000|  0%| F|  |TAMS 0x0000000722e00000, 0x0000000722e00000| Untracked 
| 268|0x0000000723000000, 0x0000000723000000, 0x0000000723200000|  0%| F|  |TAMS 0x0000000723000000, 0x0000000723000000| Untracked 
| 269|0x0000000723200000, 0x0000000723200000, 0x0000000723400000|  0%| F|  |TAMS 0x0000000723200000, 0x0000000723200000| Untracked 
| 270|0x0000000723400000, 0x0000000723400000, 0x0000000723600000|  0%| F|  |TAMS 0x0000000723400000, 0x0000000723400000| Untracked 
| 271|0x0000000723600000, 0x0000000723600000, 0x0000000723800000|  0%| F|  |TAMS 0x0000000723600000, 0x0000000723600000| Untracked 
| 272|0x0000000723800000, 0x0000000723800000, 0x0000000723a00000|  0%| F|  |TAMS 0x0000000723800000, 0x0000000723800000| Untracked 
| 273|0x0000000723a00000, 0x0000000723a00000, 0x0000000723c00000|  0%| F|  |TAMS 0x0000000723a00000, 0x0000000723a00000| Untracked 
| 274|0x0000000723c00000, 0x0000000723c00000, 0x0000000723e00000|  0%| F|  |TAMS 0x0000000723c00000, 0x0000000723c00000| Untracked 
| 275|0x0000000723e00000, 0x0000000723e00000, 0x0000000724000000|  0%| F|  |TAMS 0x0000000723e00000, 0x0000000723e00000| Untracked 
| 276|0x0000000724000000, 0x0000000724000000, 0x0000000724200000|  0%| F|  |TAMS 0x0000000724000000, 0x0000000724000000| Untracked 
| 277|0x0000000724200000, 0x0000000724200000, 0x0000000724400000|  0%| F|  |TAMS 0x0000000724200000, 0x0000000724200000| Untracked 
| 278|0x0000000724400000, 0x0000000724400000, 0x0000000724600000|  0%| F|  |TAMS 0x0000000724400000, 0x0000000724400000| Untracked 
| 279|0x0000000724600000, 0x0000000724600000, 0x0000000724800000|  0%| F|  |TAMS 0x0000000724600000, 0x0000000724600000| Untracked 
| 280|0x0000000724800000, 0x0000000724800000, 0x0000000724a00000|  0%| F|  |TAMS 0x0000000724800000, 0x0000000724800000| Untracked 
| 281|0x0000000724a00000, 0x0000000724a00000, 0x0000000724c00000|  0%| F|  |TAMS 0x0000000724a00000, 0x0000000724a00000| Untracked 
| 282|0x0000000724c00000, 0x0000000724c00000, 0x0000000724e00000|  0%| F|  |TAMS 0x0000000724c00000, 0x0000000724c00000| Untracked 
| 283|0x0000000724e00000, 0x0000000724e00000, 0x0000000725000000|  0%| F|  |TAMS 0x0000000724e00000, 0x0000000724e00000| Untracked 
| 284|0x0000000725000000, 0x0000000725000000, 0x0000000725200000|  0%| F|  |TAMS 0x0000000725000000, 0x0000000725000000| Untracked 
| 285|0x0000000725200000, 0x0000000725200000, 0x0000000725400000|  0%| F|  |TAMS 0x0000000725200000, 0x0000000725200000| Untracked 
| 286|0x0000000725400000, 0x0000000725400000, 0x0000000725600000|  0%| F|  |TAMS 0x0000000725400000, 0x0000000725400000| Untracked 
| 287|0x0000000725600000, 0x0000000725600000, 0x0000000725800000|  0%| F|  |TAMS 0x0000000725600000, 0x0000000725600000| Untracked 
| 288|0x0000000725800000, 0x0000000725800000, 0x0000000725a00000|  0%| F|  |TAMS 0x0000000725800000, 0x0000000725800000| Untracked 
| 289|0x0000000725a00000, 0x0000000725a00000, 0x0000000725c00000|  0%| F|  |TAMS 0x0000000725a00000, 0x0000000725a00000| Untracked 
| 290|0x0000000725c00000, 0x0000000725c00000, 0x0000000725e00000|  0%| F|  |TAMS 0x0000000725c00000, 0x0000000725c00000| Untracked 
| 291|0x0000000725e00000, 0x0000000725e00000, 0x0000000726000000|  0%| F|  |TAMS 0x0000000725e00000, 0x0000000725e00000| Untracked 
| 292|0x0000000726000000, 0x0000000726000000, 0x0000000726200000|  0%| F|  |TAMS 0x0000000726000000, 0x0000000726000000| Untracked 
| 293|0x0000000726200000, 0x0000000726200000, 0x0000000726400000|  0%| F|  |TAMS 0x0000000726200000, 0x0000000726200000| Untracked 
| 294|0x0000000726400000, 0x0000000726400000, 0x0000000726600000|  0%| F|  |TAMS 0x0000000726400000, 0x0000000726400000| Untracked 
| 295|0x0000000726600000, 0x0000000726600000, 0x0000000726800000|  0%| F|  |TAMS 0x0000000726600000, 0x0000000726600000| Untracked 
| 296|0x0000000726800000, 0x0000000726800000, 0x0000000726a00000|  0%| F|  |TAMS 0x0000000726800000, 0x0000000726800000| Untracked 
| 297|0x0000000726a00000, 0x0000000726a00000, 0x0000000726c00000|  0%| F|  |TAMS 0x0000000726a00000, 0x0000000726a00000| Untracked 
| 298|0x0000000726c00000, 0x0000000726c00000, 0x0000000726e00000|  0%| F|  |TAMS 0x0000000726c00000, 0x0000000726c00000| Untracked 
| 299|0x0000000726e00000, 0x0000000726e00000, 0x0000000727000000|  0%| F|  |TAMS 0x0000000726e00000, 0x0000000726e00000| Untracked 
| 300|0x0000000727000000, 0x0000000727000000, 0x0000000727200000|  0%| F|  |TAMS 0x0000000727000000, 0x0000000727000000| Untracked 
| 301|0x0000000727200000, 0x0000000727200000, 0x0000000727400000|  0%| F|  |TAMS 0x0000000727200000, 0x0000000727200000| Untracked 
| 302|0x0000000727400000, 0x0000000727400000, 0x0000000727600000|  0%| F|  |TAMS 0x0000000727400000, 0x0000000727400000| Untracked 
| 303|0x0000000727600000, 0x0000000727600000, 0x0000000727800000|  0%| F|  |TAMS 0x0000000727600000, 0x0000000727600000| Untracked 
| 304|0x0000000727800000, 0x0000000727800000, 0x0000000727a00000|  0%| F|  |TAMS 0x0000000727800000, 0x0000000727800000| Untracked 
| 305|0x0000000727a00000, 0x0000000727a00000, 0x0000000727c00000|  0%| F|  |TAMS 0x0000000727a00000, 0x0000000727a00000| Untracked 
| 306|0x0000000727c00000, 0x0000000727c00000, 0x0000000727e00000|  0%| F|  |TAMS 0x0000000727c00000, 0x0000000727c00000| Untracked 
| 307|0x0000000727e00000, 0x0000000727e00000, 0x0000000728000000|  0%| F|  |TAMS 0x0000000727e00000, 0x0000000727e00000| Untracked 
| 308|0x0000000728000000, 0x0000000728000000, 0x0000000728200000|  0%| F|  |TAMS 0x0000000728000000, 0x0000000728000000| Untracked 
| 309|0x0000000728200000, 0x0000000728200000, 0x0000000728400000|  0%| F|  |TAMS 0x0000000728200000, 0x0000000728200000| Untracked 
| 310|0x0000000728400000, 0x0000000728400000, 0x0000000728600000|  0%| F|  |TAMS 0x0000000728400000, 0x0000000728400000| Untracked 
| 311|0x0000000728600000, 0x0000000728600000, 0x0000000728800000|  0%| F|  |TAMS 0x0000000728600000, 0x0000000728600000| Untracked 
| 312|0x0000000728800000, 0x0000000728800000, 0x0000000728a00000|  0%| F|  |TAMS 0x0000000728800000, 0x0000000728800000| Untracked 
| 313|0x0000000728a00000, 0x0000000728a00000, 0x0000000728c00000|  0%| F|  |TAMS 0x0000000728a00000, 0x0000000728a00000| Untracked 
| 314|0x0000000728c00000, 0x0000000728c00000, 0x0000000728e00000|  0%| F|  |TAMS 0x0000000728c00000, 0x0000000728c00000| Untracked 
| 315|0x0000000728e00000, 0x0000000728e00000, 0x0000000729000000|  0%| F|  |TAMS 0x0000000728e00000, 0x0000000728e00000| Untracked 
| 316|0x0000000729000000, 0x0000000729000000, 0x0000000729200000|  0%| F|  |TAMS 0x0000000729000000, 0x0000000729000000| Untracked 
| 317|0x0000000729200000, 0x0000000729200000, 0x0000000729400000|  0%| F|  |TAMS 0x0000000729200000, 0x0000000729200000| Untracked 
| 318|0x0000000729400000, 0x0000000729400000, 0x0000000729600000|  0%| F|  |TAMS 0x0000000729400000, 0x0000000729400000| Untracked 
| 319|0x0000000729600000, 0x0000000729600000, 0x0000000729800000|  0%| F|  |TAMS 0x0000000729600000, 0x0000000729600000| Untracked 
| 320|0x0000000729800000, 0x0000000729800000, 0x0000000729a00000|  0%| F|  |TAMS 0x0000000729800000, 0x0000000729800000| Untracked 
| 321|0x0000000729a00000, 0x0000000729a00000, 0x0000000729c00000|  0%| F|  |TAMS 0x0000000729a00000, 0x0000000729a00000| Untracked 
| 322|0x0000000729c00000, 0x0000000729c00000, 0x0000000729e00000|  0%| F|  |TAMS 0x0000000729c00000, 0x0000000729c00000| Untracked 
| 323|0x0000000729e00000, 0x0000000729e00000, 0x000000072a000000|  0%| F|  |TAMS 0x0000000729e00000, 0x0000000729e00000| Untracked 
| 324|0x000000072a000000, 0x000000072a000000, 0x000000072a200000|  0%| F|  |TAMS 0x000000072a000000, 0x000000072a000000| Untracked 
| 325|0x000000072a200000, 0x000000072a200000, 0x000000072a400000|  0%| F|  |TAMS 0x000000072a200000, 0x000000072a200000| Untracked 
| 326|0x000000072a400000, 0x000000072a400000, 0x000000072a600000|  0%| F|  |TAMS 0x000000072a400000, 0x000000072a400000| Untracked 
| 327|0x000000072a600000, 0x000000072a600000, 0x000000072a800000|  0%| F|  |TAMS 0x000000072a600000, 0x000000072a600000| Untracked 
| 328|0x000000072a800000, 0x000000072a800000, 0x000000072aa00000|  0%| F|  |TAMS 0x000000072a800000, 0x000000072a800000| Untracked 
| 329|0x000000072aa00000, 0x000000072aa00000, 0x000000072ac00000|  0%| F|  |TAMS 0x000000072aa00000, 0x000000072aa00000| Untracked 
| 330|0x000000072ac00000, 0x000000072ac00000, 0x000000072ae00000|  0%| F|  |TAMS 0x000000072ac00000, 0x000000072ac00000| Untracked 
| 331|0x000000072ae00000, 0x000000072ae00000, 0x000000072b000000|  0%| F|  |TAMS 0x000000072ae00000, 0x000000072ae00000| Untracked 
| 332|0x000000072b000000, 0x000000072b000000, 0x000000072b200000|  0%| F|  |TAMS 0x000000072b000000, 0x000000072b000000| Untracked 
| 333|0x000000072b200000, 0x000000072b200000, 0x000000072b400000|  0%| F|  |TAMS 0x000000072b200000, 0x000000072b200000| Untracked 
| 334|0x000000072b400000, 0x000000072b400000, 0x000000072b600000|  0%| F|  |TAMS 0x000000072b400000, 0x000000072b400000| Untracked 
| 335|0x000000072b600000, 0x000000072b600000, 0x000000072b800000|  0%| F|  |TAMS 0x000000072b600000, 0x000000072b600000| Untracked 
| 336|0x000000072b800000, 0x000000072b800000, 0x000000072ba00000|  0%| F|  |TAMS 0x000000072b800000, 0x000000072b800000| Untracked 
| 337|0x000000072ba00000, 0x000000072ba00000, 0x000000072bc00000|  0%| F|  |TAMS 0x000000072ba00000, 0x000000072ba00000| Untracked 
| 338|0x000000072bc00000, 0x000000072bc00000, 0x000000072be00000|  0%| F|  |TAMS 0x000000072bc00000, 0x000000072bc00000| Untracked 
| 339|0x000000072be00000, 0x000000072be00000, 0x000000072c000000|  0%| F|  |TAMS 0x000000072be00000, 0x000000072be00000| Untracked 
| 340|0x000000072c000000, 0x000000072c000000, 0x000000072c200000|  0%| F|  |TAMS 0x000000072c000000, 0x000000072c000000| Untracked 
| 341|0x000000072c200000, 0x000000072c200000, 0x000000072c400000|  0%| F|  |TAMS 0x000000072c200000, 0x000000072c200000| Untracked 
| 342|0x000000072c400000, 0x000000072c400000, 0x000000072c600000|  0%| F|  |TAMS 0x000000072c400000, 0x000000072c400000| Untracked 
| 343|0x000000072c600000, 0x000000072c600000, 0x000000072c800000|  0%| F|  |TAMS 0x000000072c600000, 0x000000072c600000| Untracked 
| 344|0x000000072c800000, 0x000000072c800000, 0x000000072ca00000|  0%| F|  |TAMS 0x000000072c800000, 0x000000072c800000| Untracked 
| 345|0x000000072ca00000, 0x000000072ca00000, 0x000000072cc00000|  0%| F|  |TAMS 0x000000072ca00000, 0x000000072ca00000| Untracked 
| 346|0x000000072cc00000, 0x000000072cc00000, 0x000000072ce00000|  0%| F|  |TAMS 0x000000072cc00000, 0x000000072cc00000| Untracked 
| 347|0x000000072ce00000, 0x000000072ce00000, 0x000000072d000000|  0%| F|  |TAMS 0x000000072ce00000, 0x000000072ce00000| Untracked 
| 348|0x000000072d000000, 0x000000072d000000, 0x000000072d200000|  0%| F|  |TAMS 0x000000072d000000, 0x000000072d000000| Untracked 
| 349|0x000000072d200000, 0x000000072d200000, 0x000000072d400000|  0%| F|  |TAMS 0x000000072d200000, 0x000000072d200000| Untracked 
| 350|0x000000072d400000, 0x000000072d400000, 0x000000072d600000|  0%| F|  |TAMS 0x000000072d400000, 0x000000072d400000| Untracked 
| 351|0x000000072d600000, 0x000000072d600000, 0x000000072d800000|  0%| F|  |TAMS 0x000000072d600000, 0x000000072d600000| Untracked 
| 352|0x000000072d800000, 0x000000072d800000, 0x000000072da00000|  0%| F|  |TAMS 0x000000072d800000, 0x000000072d800000| Untracked 
| 353|0x000000072da00000, 0x000000072da00000, 0x000000072dc00000|  0%| F|  |TAMS 0x000000072da00000, 0x000000072da00000| Untracked 
| 354|0x000000072dc00000, 0x000000072dc00000, 0x000000072de00000|  0%| F|  |TAMS 0x000000072dc00000, 0x000000072dc00000| Untracked 
| 355|0x000000072de00000, 0x000000072de00000, 0x000000072e000000|  0%| F|  |TAMS 0x000000072de00000, 0x000000072de00000| Untracked 
| 356|0x000000072e000000, 0x000000072e000000, 0x000000072e200000|  0%| F|  |TAMS 0x000000072e000000, 0x000000072e000000| Untracked 
| 357|0x000000072e200000, 0x000000072e200000, 0x000000072e400000|  0%| F|  |TAMS 0x000000072e200000, 0x000000072e200000| Untracked 
| 358|0x000000072e400000, 0x000000072e400000, 0x000000072e600000|  0%| F|  |TAMS 0x000000072e400000, 0x000000072e400000| Untracked 
| 359|0x000000072e600000, 0x000000072e600000, 0x000000072e800000|  0%| F|  |TAMS 0x000000072e600000, 0x000000072e600000| Untracked 
| 360|0x000000072e800000, 0x000000072e800000, 0x000000072ea00000|  0%| F|  |TAMS 0x000000072e800000, 0x000000072e800000| Untracked 
| 361|0x000000072ea00000, 0x000000072ea00000, 0x000000072ec00000|  0%| F|  |TAMS 0x000000072ea00000, 0x000000072ea00000| Untracked 
| 362|0x000000072ec00000, 0x000000072ec00000, 0x000000072ee00000|  0%| F|  |TAMS 0x000000072ec00000, 0x000000072ec00000| Untracked 
| 363|0x000000072ee00000, 0x000000072ee00000, 0x000000072f000000|  0%| F|  |TAMS 0x000000072ee00000, 0x000000072ee00000| Untracked 
| 364|0x000000072f000000, 0x000000072f000000, 0x000000072f200000|  0%| F|  |TAMS 0x000000072f000000, 0x000000072f000000| Untracked 
| 365|0x000000072f200000, 0x000000072f200000, 0x000000072f400000|  0%| F|  |TAMS 0x000000072f200000, 0x000000072f200000| Untracked 
| 366|0x000000072f400000, 0x000000072f400000, 0x000000072f600000|  0%| F|  |TAMS 0x000000072f400000, 0x000000072f400000| Untracked 
| 367|0x000000072f600000, 0x000000072f6d18a8, 0x000000072f800000| 40%| S|CS|TAMS 0x000000072f600000, 0x000000072f600000| Complete 
| 368|0x000000072f800000, 0x000000072f800000, 0x000000072fa00000|  0%| F|  |TAMS 0x000000072f800000, 0x000000072f800000| Untracked 
| 369|0x000000072fa00000, 0x000000072fc00000, 0x000000072fc00000|100%| S|CS|TAMS 0x000000072fa00000, 0x000000072fa00000| Complete 
| 370|0x000000072fc00000, 0x000000072fccc688, 0x000000072fe00000| 39%| O|  |TAMS 0x000000072fc00000, 0x000000072fc00000| Untracked 
| 371|0x000000072fe00000, 0x000000072fe00000, 0x0000000730000000|  0%| F|  |TAMS 0x000000072fe00000, 0x000000072fe00000| Untracked 
| 372|0x0000000730000000, 0x0000000730000000, 0x0000000730200000|  0%| F|  |TAMS 0x0000000730000000, 0x0000000730000000| Untracked 
| 373|0x0000000730200000, 0x0000000730200000, 0x0000000730400000|  0%| F|  |TAMS 0x0000000730200000, 0x0000000730200000| Untracked 
| 374|0x0000000730400000, 0x0000000730598140, 0x0000000730600000| 79%| E|  |TAMS 0x0000000730400000, 0x0000000730400000| Complete 
| 375|0x0000000730600000, 0x0000000730800000, 0x0000000730800000|100%| E|CS|TAMS 0x0000000730600000, 0x0000000730600000| Complete 
| 376|0x0000000730800000, 0x0000000730a00000, 0x0000000730a00000|100%| E|CS|TAMS 0x0000000730800000, 0x0000000730800000| Complete 
| 377|0x0000000730a00000, 0x0000000730c00000, 0x0000000730c00000|100%| E|CS|TAMS 0x0000000730a00000, 0x0000000730a00000| Complete 
| 378|0x0000000730c00000, 0x0000000730e00000, 0x0000000730e00000|100%| E|CS|TAMS 0x0000000730c00000, 0x0000000730c00000| Complete 
| 379|0x0000000730e00000, 0x0000000731000000, 0x0000000731000000|100%| E|CS|TAMS 0x0000000730e00000, 0x0000000730e00000| Complete 
| 380|0x0000000731000000, 0x0000000731200000, 0x0000000731200000|100%| E|CS|TAMS 0x0000000731000000, 0x0000000731000000| Complete 
| 381|0x0000000731200000, 0x0000000731400000, 0x0000000731400000|100%| E|CS|TAMS 0x0000000731200000, 0x0000000731200000| Complete 
| 382|0x0000000731400000, 0x0000000731600000, 0x0000000731600000|100%| E|CS|TAMS 0x0000000731400000, 0x0000000731400000| Complete 
| 383|0x0000000731600000, 0x0000000731800000, 0x0000000731800000|100%| E|CS|TAMS 0x0000000731600000, 0x0000000731600000| Complete 
| 384|0x0000000731800000, 0x0000000731a00000, 0x0000000731a00000|100%| E|CS|TAMS 0x0000000731800000, 0x0000000731800000| Complete 
| 385|0x0000000731a00000, 0x0000000731c00000, 0x0000000731c00000|100%| E|CS|TAMS 0x0000000731a00000, 0x0000000731a00000| Complete 
| 386|0x0000000731c00000, 0x0000000731e00000, 0x0000000731e00000|100%| E|CS|TAMS 0x0000000731c00000, 0x0000000731c00000| Complete 
| 387|0x0000000731e00000, 0x0000000732000000, 0x0000000732000000|100%| E|CS|TAMS 0x0000000731e00000, 0x0000000731e00000| Complete 
| 388|0x0000000732000000, 0x0000000732200000, 0x0000000732200000|100%| E|CS|TAMS 0x0000000732000000, 0x0000000732000000| Complete 
| 389|0x0000000732200000, 0x0000000732400000, 0x0000000732400000|100%| E|CS|TAMS 0x0000000732200000, 0x0000000732200000| Complete 
| 390|0x0000000732400000, 0x0000000732600000, 0x0000000732600000|100%| E|CS|TAMS 0x0000000732400000, 0x0000000732400000| Complete 
| 391|0x0000000732600000, 0x0000000732800000, 0x0000000732800000|100%| E|CS|TAMS 0x0000000732600000, 0x0000000732600000| Complete 
| 392|0x0000000732800000, 0x0000000732a00000, 0x0000000732a00000|100%| E|CS|TAMS 0x0000000732800000, 0x0000000732800000| Complete 
| 393|0x0000000732a00000, 0x0000000732c00000, 0x0000000732c00000|100%| E|CS|TAMS 0x0000000732a00000, 0x0000000732a00000| Complete 
| 394|0x0000000732c00000, 0x0000000732e00000, 0x0000000732e00000|100%| E|CS|TAMS 0x0000000732c00000, 0x0000000732c00000| Complete 
| 395|0x0000000732e00000, 0x0000000733000000, 0x0000000733000000|100%| E|CS|TAMS 0x0000000732e00000, 0x0000000732e00000| Complete 
| 396|0x0000000733000000, 0x0000000733200000, 0x0000000733200000|100%| E|CS|TAMS 0x0000000733000000, 0x0000000733000000| Complete 
| 397|0x0000000733200000, 0x0000000733400000, 0x0000000733400000|100%| E|CS|TAMS 0x0000000733200000, 0x0000000733200000| Complete 
| 398|0x0000000733400000, 0x0000000733600000, 0x0000000733600000|100%| E|CS|TAMS 0x0000000733400000, 0x0000000733400000| Complete 
| 399|0x0000000733600000, 0x0000000733800000, 0x0000000733800000|100%| E|CS|TAMS 0x0000000733600000, 0x0000000733600000| Complete 
| 400|0x0000000733800000, 0x0000000733a00000, 0x0000000733a00000|100%| E|CS|TAMS 0x0000000733800000, 0x0000000733800000| Complete 
| 401|0x0000000733a00000, 0x0000000733c00000, 0x0000000733c00000|100%| E|CS|TAMS 0x0000000733a00000, 0x0000000733a00000| Complete 
| 402|0x0000000733c00000, 0x0000000733e00000, 0x0000000733e00000|100%| E|CS|TAMS 0x0000000733c00000, 0x0000000733c00000| Complete 
| 403|0x0000000733e00000, 0x0000000734000000, 0x0000000734000000|100%| E|CS|TAMS 0x0000000733e00000, 0x0000000733e00000| Complete 
| 404|0x0000000734000000, 0x0000000734200000, 0x0000000734200000|100%| E|CS|TAMS 0x0000000734000000, 0x0000000734000000| Complete 
| 405|0x0000000734200000, 0x0000000734400000, 0x0000000734400000|100%| E|CS|TAMS 0x0000000734200000, 0x0000000734200000| Complete 
| 406|0x0000000734400000, 0x0000000734600000, 0x0000000734600000|100%| E|CS|TAMS 0x0000000734400000, 0x0000000734400000| Complete 
| 407|0x0000000734600000, 0x0000000734800000, 0x0000000734800000|100%| E|CS|TAMS 0x0000000734600000, 0x0000000734600000| Complete 
| 408|0x0000000734800000, 0x0000000734a00000, 0x0000000734a00000|100%| E|CS|TAMS 0x0000000734800000, 0x0000000734800000| Complete 
| 409|0x0000000734a00000, 0x0000000734c00000, 0x0000000734c00000|100%| E|CS|TAMS 0x0000000734a00000, 0x0000000734a00000| Complete 

Card table byte_map: [0x000001ab1e710000,0x000001ab1ef10000] _byte_map_base: 0x000001ab1af04000

Marking Bits (Prev, Next): (CMBitMap*) 0x000001ab06372350, (CMBitMap*) 0x000001ab06372390
 Prev Bits: [0x000001ab1f710000, 0x000001ab236b0000)
 Next Bits: [0x000001ab236b0000, 0x000001ab27650000)

Polling page: 0x000001ab011f0000

Metaspace:

Usage:
  Non-class:     90.16 MB used.
      Class:     15.13 MB used.
       Both:    105.28 MB used.

Virtual space:
  Non-class space:      128.00 MB reserved,      90.44 MB ( 71%) committed,  2 nodes.
      Class space:        1.00 GB reserved,      15.44 MB (  2%) committed,  1 nodes.
             Both:        1.12 GB reserved,     105.88 MB (  9%) committed. 

Chunk freelists:
   Non-Class:  5.53 MB
       Class:  514.00 KB
        Both:  6.03 MB

MaxMetaspaceSize: unlimited
CompressedClassSpaceSize: 1.00 GB
Initial GC threshold: 21.00 MB
Current GC threshold: 176.19 MB
CDS: on
MetaspaceReclaimPolicy: balanced
 - commit_granule_bytes: 65536.
 - commit_granule_words: 8192.
 - virtual_space_node_default_size: 8388608.
 - enlarge_chunks_in_place: 1.
 - new_chunks_are_fully_committed: 0.
 - uncommit_free_chunks: 1.
 - use_allocation_guard: 0.
 - handle_deallocations: 1.


Internal statistics:

num_allocs_failed_limit: 6.
num_arena_births: 1416.
num_arena_deaths: 742.
num_vsnodes_births: 3.
num_vsnodes_deaths: 0.
num_space_committed: 1688.
num_space_uncommitted: 0.
num_chunks_returned_to_freelist: 841.
num_chunks_taken_from_freelist: 4571.
num_chunk_merges: 354.
num_chunk_splits: 3340.
num_chunks_enlarged: 2598.
num_inconsistent_stats: 0.

CodeHeap 'non-profiled nmethods': size=119168Kb used=27179Kb max_used=27366Kb free=91988Kb
 bounds [0x000001ab16780000, 0x000001ab18240000, 0x000001ab1dbe0000]
CodeHeap 'profiled nmethods': size=119104Kb used=41398Kb max_used=42208Kb free=77705Kb
 bounds [0x000001ab0ebe0000, 0x000001ab11530000, 0x000001ab16030000]
CodeHeap 'non-nmethods': size=7488Kb used=1861Kb max_used=3523Kb free=5627Kb
 bounds [0x000001ab16030000, 0x000001ab16430000, 0x000001ab16780000]
 total_blobs=21758 nmethods=20432 adapters=1231
 compilation: enabled
              stopped_count=0, restarted_count=0
 full_count=0

Compilation events (20 events):
Event: 7307.516 Thread 0x000001ab06b5ec60 28288       4       ui.views.p.c::a (430 bytes)
Event: 7307.517 Thread 0x000001ab06b617f0 nmethod 28289 0x000001ab10ca1990 code [0x000001ab10ca2040, 0x000001ab10ca6548]
Event: 7307.517 Thread 0x000001ab06b617f0 28290       3       com.jidesoft.swing.TreeSearchable::propertyChange (67 bytes)
Event: 7307.517 Thread 0x000001ab06b617f0 nmethod 28290 0x000001ab0ed3b290 code [0x000001ab0ed3b4c0, 0x000001ab0ed3bf78]
Event: 7307.533 Thread 0x000001ab06b617f0 28293       3       java.util.concurrent.ConcurrentHashMap::<init> (73 bytes)
Event: 7307.533 Thread 0x000001ab06b617f0 nmethod 28293 0x000001ab0fadef90 code [0x000001ab0fadf1a0, 0x000001ab0fadf718]
Event: 7307.533 Thread 0x000001ab06b617f0 28292       3       java.util.concurrent.ConcurrentHashMap::<init> (9 bytes)
Event: 7307.533 Thread 0x000001ab06b617f0 nmethod 28292 0x000001ab0fa5cb10 code [0x000001ab0fa5cce0, 0x000001ab0fa5ce28]
Event: 7307.548 Thread 0x000001ab06b5ec60 nmethod 28288 0x000001ab16d32790 code [0x000001ab16d32fa0, 0x000001ab16d367a8]
Event: 7307.548 Thread 0x000001ab06b5ec60 28291       4       java.util.LinkedList::node (65 bytes)
Event: 7307.549 Thread 0x000001ab06b5ec60 nmethod 28291 0x000001ab17a1bc10 code [0x000001ab17a1bd80, 0x000001ab17a1bf18]
Event: 7307.892 Thread 0x000001ab06b617f0 28294       3       java.io.File::canWrite (34 bytes)
Event: 7307.892 Thread 0x000001ab06b617f0 nmethod 28294 0x000001ab0eff7790 code [0x000001ab0eff7980, 0x000001ab0eff7da8]
Event: 7308.345 Thread 0x000001ab06b617f0 28295       3       ui.views.texteditor.d::isEditable (30 bytes)
Event: 7308.345 Thread 0x000001ab06b617f0 nmethod 28295 0x000001ab0f006690 code [0x000001ab0f006920, 0x000001ab0f007948]
Event: 7308.348 Thread 0x000001ab06b617f0 28296       3       ui.utils.swing.K::r (207 bytes)
Event: 7308.349 Thread 0x000001ab06b617f0 nmethod 28296 0x000001ab100d7110 code [0x000001ab100d7460, 0x000001ab100d9118]
Event: 7308.372 Thread 0x000001ab06b5ec60 28298       4       com.jidesoft.plaf.basic.BasicCellStyleTableHeaderUIDelegate::a (118 bytes)
Event: 7308.374 Thread 0x000001ab06b5ec60 nmethod 28298 0x000001ab16d31e10 code [0x000001ab16d31fa0, 0x000001ab16d32198]
Event: 7308.382 Thread 0x000001ab06b5ec60 28299       4       ui.views.O.z::isCellEditable (444 bytes)

GC Heap History (20 events):
Event: 7238.591 GC heap before
{Heap before GC invocations=191 (full 12):
 garbage-first heap   total 839680K, used 345469K [0x0000000701800000, 0x0000000800000000)
  region size 2048K, 40 young (81920K), 2 survivors (4096K)
 Metaspace       used 107319K, committed 107840K, reserved 1179648K
  class space    used 15443K, committed 15744K, reserved 1048576K
}
Event: 7238.593 GC heap after
{Heap after GC invocations=192 (full 12):
 garbage-first heap   total 839680K, used 270590K [0x0000000701800000, 0x0000000800000000)
  region size 2048K, 4 young (8192K), 4 survivors (8192K)
 Metaspace       used 107319K, committed 107840K, reserved 1179648K
  class space    used 15443K, committed 15744K, reserved 1048576K
}
Event: 7239.574 GC heap before
{Heap before GC invocations=192 (full 12):
 garbage-first heap   total 839680K, used 344318K [0x0000000701800000, 0x0000000800000000)
  region size 2048K, 40 young (81920K), 4 survivors (8192K)
 Metaspace       used 107388K, committed 107904K, reserved 1179648K
  class space    used 15444K, committed 15744K, reserved 1048576K
}
Event: 7239.577 GC heap after
{Heap after GC invocations=193 (full 12):
 garbage-first heap   total 839680K, used 277091K [0x0000000701800000, 0x0000000800000000)
  region size 2048K, 5 young (10240K), 5 survivors (10240K)
 Metaspace       used 107388K, committed 107904K, reserved 1179648K
  class space    used 15444K, committed 15744K, reserved 1048576K
}
Event: 7241.887 GC heap before
{Heap before GC invocations=193 (full 12):
 garbage-first heap   total 839680K, used 348771K [0x0000000701800000, 0x0000000800000000)
  region size 2048K, 40 young (81920K), 5 survivors (10240K)
 Metaspace       used 107419K, committed 107968K, reserved 1179648K
  class space    used 15446K, committed 15744K, reserved 1048576K
}
Event: 7241.890 GC heap after
{Heap after GC invocations=194 (full 12):
 garbage-first heap   total 839680K, used 279145K [0x0000000701800000, 0x0000000800000000)
  region size 2048K, 2 young (4096K), 2 survivors (4096K)
 Metaspace       used 107419K, committed 107968K, reserved 1179648K
  class space    used 15446K, committed 15744K, reserved 1048576K
}
Event: 7248.127 GC heap before
{Heap before GC invocations=194 (full 12):
 garbage-first heap   total 839680K, used 356969K [0x0000000701800000, 0x0000000800000000)
  region size 2048K, 40 young (81920K), 2 survivors (4096K)
 Metaspace       used 107434K, committed 107968K, reserved 1179648K
  class space    used 15446K, committed 15744K, reserved 1048576K
}
Event: 7248.129 GC heap after
{Heap after GC invocations=195 (full 12):
 garbage-first heap   total 839680K, used 279175K [0x0000000701800000, 0x0000000800000000)
  region size 2048K, 2 young (4096K), 2 survivors (4096K)
 Metaspace       used 107434K, committed 107968K, reserved 1179648K
  class space    used 15446K, committed 15744K, reserved 1048576K
}
Event: 7259.325 GC heap before
{Heap before GC invocations=195 (full 12):
 garbage-first heap   total 839680K, used 356999K [0x0000000701800000, 0x0000000800000000)
  region size 2048K, 40 young (81920K), 2 survivors (4096K)
 Metaspace       used 107470K, committed 108032K, reserved 1179648K
  class space    used 15446K, committed 15744K, reserved 1048576K
}
Event: 7259.326 GC heap after
{Heap after GC invocations=196 (full 12):
 garbage-first heap   total 839680K, used 278714K [0x0000000701800000, 0x0000000800000000)
  region size 2048K, 1 young (2048K), 1 survivors (2048K)
 Metaspace       used 107470K, committed 108032K, reserved 1179648K
  class space    used 15446K, committed 15744K, reserved 1048576K
}
Event: 7265.305 GC heap before
{Heap before GC invocations=196 (full 12):
 garbage-first heap   total 839680K, used 348346K [0x0000000701800000, 0x0000000800000000)
  region size 2048K, 31 young (63488K), 1 survivors (2048K)
 Metaspace       used 107689K, committed 108224K, reserved 1179648K
  class space    used 15488K, committed 15808K, reserved 1048576K
}
Event: 7265.356 GC heap after
{Heap after GC invocations=197 (full 13):
 garbage-first heap   total 839680K, used 277710K [0x0000000701800000, 0x0000000800000000)
  region size 2048K, 0 young (0K), 0 survivors (0K)
 Metaspace       used 107689K, committed 108224K, reserved 1179648K
  class space    used 15488K, committed 15808K, reserved 1048576K
}
Event: 7272.632 GC heap before
{Heap before GC invocations=197 (full 13):
 garbage-first heap   total 839680K, used 359630K [0x0000000701800000, 0x0000000800000000)
  region size 2048K, 40 young (81920K), 0 survivors (0K)
 Metaspace       used 107744K, committed 108288K, reserved 1179648K
  class space    used 15488K, committed 15808K, reserved 1048576K
}
Event: 7272.633 GC heap after
{Heap after GC invocations=198 (full 13):
 garbage-first heap   total 839680K, used 279735K [0x0000000701800000, 0x0000000800000000)
  region size 2048K, 1 young (2048K), 1 survivors (2048K)
 Metaspace       used 107744K, committed 108288K, reserved 1179648K
  class space    used 15488K, committed 15808K, reserved 1048576K
}
Event: 7294.027 GC heap before
{Heap before GC invocations=198 (full 13):
 garbage-first heap   total 839680K, used 359607K [0x0000000701800000, 0x0000000800000000)
  region size 2048K, 40 young (81920K), 1 survivors (2048K)
 Metaspace       used 107764K, committed 108288K, reserved 1179648K
  class space    used 15488K, committed 15808K, reserved 1048576K
}
Event: 7294.029 GC heap after
{Heap after GC invocations=199 (full 13):
 garbage-first heap   total 839680K, used 279743K [0x0000000701800000, 0x0000000800000000)
  region size 2048K, 1 young (2048K), 1 survivors (2048K)
 Metaspace       used 107764K, committed 108288K, reserved 1179648K
  class space    used 15488K, committed 15808K, reserved 1048576K
}
Event: 7305.421 GC heap before
{Heap before GC invocations=199 (full 13):
 garbage-first heap   total 839680K, used 359615K [0x0000000701800000, 0x0000000800000000)
  region size 2048K, 40 young (81920K), 1 survivors (2048K)
 Metaspace       used 107774K, committed 108352K, reserved 1179648K
  class space    used 15489K, committed 15808K, reserved 1048576K
}
Event: 7305.422 GC heap after
{Heap after GC invocations=200 (full 13):
 garbage-first heap   total 839680K, used 278869K [0x0000000701800000, 0x0000000800000000)
  region size 2048K, 1 young (2048K), 1 survivors (2048K)
 Metaspace       used 107774K, committed 108352K, reserved 1179648K
  class space    used 15489K, committed 15808K, reserved 1048576K
}
Event: 7307.431 GC heap before
{Heap before GC invocations=200 (full 13):
 garbage-first heap   total 839680K, used 358741K [0x0000000701800000, 0x0000000800000000)
  region size 2048K, 40 young (81920K), 1 survivors (2048K)
 Metaspace       used 107805K, committed 108416K, reserved 1179648K
  class space    used 15489K, committed 15808K, reserved 1048576K
}
Event: 7307.432 GC heap after
{Heap after GC invocations=201 (full 13):
 garbage-first heap   total 839680K, used 280596K [0x0000000701800000, 0x0000000800000000)
  region size 2048K, 2 young (4096K), 2 survivors (4096K)
 Metaspace       used 107805K, committed 108416K, reserved 1179648K
  class space    used 15489K, committed 15808K, reserved 1048576K
}

Dll operation events (20 events):
Event: 0.375 Loaded shared library F:\xilinx_2023_2\Vivado\2023.2\lib\win64.o\librdi_vivadotasks.dll
Event: 0.375 Loaded shared library F:\xilinx_2023_2\Vivado\2023.2\lib\win64.o\librdi_board.dll
Event: 0.375 Loaded shared library F:\xilinx_2023_2\Vivado\2023.2\lib\win64.o\librdi_boarddep.dll
Event: 0.376 Loaded shared library F:\xilinx_2023_2\Vivado\2023.2\lib\win64.o\librdi_boardcommontasks.dll
Event: 0.376 Loaded shared library F:\xilinx_2023_2\Vivado\2023.2\lib\win64.o\librdi_ptgen.dll
Event: 0.376 Loaded shared library F:\xilinx_2023_2\Vivado\2023.2\lib\win64.o\librdi_ip.dll
Event: 0.376 Loaded shared library F:\xilinx_2023_2\Vivado\2023.2\lib\win64.o\librdi_mig.dll
Event: 0.377 Loaded shared library F:\xilinx_2023_2\Vivado\2023.2\lib\win64.o\librdi_implflow.dll
Event: 0.377 Loaded shared library F:\xilinx_2023_2\Vivado\2023.2\lib\win64.o\librdi_xhubtasks.dll
Event: 0.378 Loaded shared library F:\xilinx_2023_2\Vivado\2023.2\lib\win64.o\librdi_iptasks.dll
Event: 0.379 Loaded shared library F:\xilinx_2023_2\Vivado\2023.2\lib\win64.o\librdi_synth.dll
Event: 0.827 Loaded shared library F:\xilinx_2023_2\Vivado\2023.2\tps\win64\jre17.0.7_7\bin\verify.dll
Event: 0.934 Loaded shared library F:\xilinx_2023_2\Vivado\2023.2\tps\win64\jre17.0.7_7\bin\javajpeg.dll
Event: 0.937 Loaded shared library F:\xilinx_2023_2\Vivado\2023.2\tps\win64\jre17.0.7_7\bin\lcms.dll
Event: 1.124 Loaded shared library F:\xilinx_2023_2\Vivado\2023.2\tps\win64\jre17.0.7_7\bin\freetype.dll
Event: 1.125 Loaded shared library F:\xilinx_2023_2\Vivado\2023.2\tps\win64\jre17.0.7_7\bin\fontmanager.dll
Event: 3.303 Loaded shared library F:\xilinx_2023_2\Vivado\2023.2\lib\win64.o\librdi_xhub.dll
Event: 7.922 Loaded shared library F:\xilinx_2023_2\Vivado\2023.2\tps\win64\jre17.0.7_7\bin\management.dll
Event: 7.923 Loaded shared library F:\xilinx_2023_2\Vivado\2023.2\tps\win64\jre17.0.7_7\bin\management_ext.dll
Event: 7073.939 Loaded shared library F:\xilinx_2023_2\Vivado\2023.2\lib\win64.o\nlview.dll

Deoptimization events (20 events):
Event: 7266.931 Thread 0x000001ab2fad6580 Uncommon trap: trap_request=0xffffff45 fr.pc=0x000001ab17c0d4b0 relative=0x0000000000004730
Event: 7266.931 Thread 0x000001ab2fad6580 Uncommon trap: reason=unstable_if action=reinterpret pc=0x000001ab17c0d4b0 method=java.awt.Toolkit.enabledOnToolkit(J)Z @ 7 c2
Event: 7266.931 Thread 0x000001ab2fad6580 DEOPT PACKING pc=0x000001ab17c0d4b0 sp=0x000000a6c3ffe6c0
Event: 7266.931 Thread 0x000001ab2fad6580 DEOPT UNPACKING pc=0x000001ab1608a1a3 sp=0x000000a6c3ffe428 mode 2
Event: 7270.928 Thread 0x000001ab2fad6580 Uncommon trap: trap_request=0xffffff45 fr.pc=0x000001ab17b42e78 relative=0x0000000000001558
Event: 7270.929 Thread 0x000001ab2fad6580 Uncommon trap: reason=unstable_if action=reinterpret pc=0x000001ab17b42e78 method=javax.swing.text.GapContent.getPositionsInRange(Ljava/util/Vector;II)Ljava/util/Vector; @ 20 c2
Event: 7270.929 Thread 0x000001ab2fad6580 DEOPT PACKING pc=0x000001ab17b42e78 sp=0x000000a6c3ffd870
Event: 7270.929 Thread 0x000001ab2fad6580 DEOPT UNPACKING pc=0x000001ab1608a1a3 sp=0x000000a6c3ffd830 mode 2
Event: 7270.942 Thread 0x000001ab2fad6580 Uncommon trap: trap_request=0xffffff45 fr.pc=0x000001ab17fc07ec relative=0x000000000000048c
Event: 7270.942 Thread 0x000001ab2fad6580 Uncommon trap: reason=unstable_if action=reinterpret pc=0x000001ab17fc07ec method=javax.swing.JMenuBar.processBindingForKeyStrokeRecursive(Ljavax/swing/MenuElement;Ljavax/swing/KeyStroke;Ljava/awt/event/KeyEvent;IZ)Z @ 66 c2
Event: 7270.942 Thread 0x000001ab2fad6580 DEOPT PACKING pc=0x000001ab17fc07ec sp=0x000000a6c3ffe2b0
Event: 7270.942 Thread 0x000001ab2fad6580 DEOPT UNPACKING pc=0x000001ab1608a1a3 sp=0x000000a6c3ffe248 mode 2
Event: 7270.942 Thread 0x000001ab2fad6580 Uncommon trap: trap_request=0xffffff45 fr.pc=0x000001ab17fc06c0 relative=0x0000000000000360
Event: 7270.942 Thread 0x000001ab2fad6580 Uncommon trap: reason=unstable_if action=reinterpret pc=0x000001ab17fc06c0 method=javax.swing.JMenuBar.processBindingForKeyStrokeRecursive(Ljavax/swing/MenuElement;Ljavax/swing/KeyStroke;Ljava/awt/event/KeyEvent;IZ)Z @ 115 c2
Event: 7270.942 Thread 0x000001ab2fad6580 DEOPT PACKING pc=0x000001ab17fc06c0 sp=0x000000a6c3ffe330
Event: 7270.942 Thread 0x000001ab2fad6580 DEOPT UNPACKING pc=0x000001ab1608a1a3 sp=0x000000a6c3ffe218 mode 2
Event: 7307.515 Thread 0x000001abf5a8fa40 Uncommon trap: trap_request=0xffffff45 fr.pc=0x000001ab16ec1f48 relative=0x0000000000000148
Event: 7307.515 Thread 0x000001abf5a8fa40 Uncommon trap: reason=unstable_if action=reinterpret pc=0x000001ab16ec1f48 method=java.util.concurrent.locks.ReentrantLock$NonfairSync.tryAcquire(I)Z @ 13 c2
Event: 7307.515 Thread 0x000001abf5a8fa40 DEOPT PACKING pc=0x000001ab16ec1f48 sp=0x000000a6db6fec50
Event: 7307.515 Thread 0x000001abf5a8fa40 DEOPT UNPACKING pc=0x000001ab1608a1a3 sp=0x000000a6db6fec00 mode 2

Classes unloaded (20 events):
Event: 6900.270 Thread 0x000001ab06b35ac0 Unloading class 0x0000000801f08800 'java/lang/invoke/LambdaForm$MH+0x0000000801f08800'
Event: 6900.270 Thread 0x000001ab06b35ac0 Unloading class 0x0000000801f08400 'java/lang/invoke/LambdaForm$MH+0x0000000801f08400'
Event: 6900.270 Thread 0x000001ab06b35ac0 Unloading class 0x0000000801f08000 'java/lang/invoke/LambdaForm$MH+0x0000000801f08000'
Event: 6900.270 Thread 0x000001ab06b35ac0 Unloading class 0x0000000801ebcc00 'java/lang/invoke/LambdaForm$MH+0x0000000801ebcc00'
Event: 6900.270 Thread 0x000001ab06b35ac0 Unloading class 0x0000000801ebc800 'java/lang/invoke/LambdaForm$MH+0x0000000801ebc800'
Event: 6900.270 Thread 0x000001ab06b35ac0 Unloading class 0x0000000801d94000 'jdk/internal/reflect/GeneratedMethodAccessor25'
Event: 6900.270 Thread 0x000001ab06b35ac0 Unloading class 0x0000000801c12000 'java/lang/invoke/LambdaForm$MH+0x0000000801c12000'
Event: 6900.270 Thread 0x000001ab06b35ac0 Unloading class 0x0000000801731800 'java/lang/invoke/LambdaForm$MH+0x0000000801731800'
Event: 6900.270 Thread 0x000001ab06b35ac0 Unloading class 0x000000080171d000 'java/lang/invoke/LambdaForm$MH+0x000000080171d000'
Event: 6900.270 Thread 0x000001ab06b35ac0 Unloading class 0x000000080171cc00 'java/lang/invoke/LambdaForm$MH+0x000000080171cc00'
Event: 6900.270 Thread 0x000001ab06b35ac0 Unloading class 0x000000080155c000 'java/lang/invoke/LambdaForm$MH+0x000000080155c000'
Event: 6900.270 Thread 0x000001ab06b35ac0 Unloading class 0x00000008011bc000 'java/lang/invoke/LambdaForm$MH+0x00000008011bc000'
Event: 6900.270 Thread 0x000001ab06b35ac0 Unloading class 0x00000008010ccc00 'java/lang/invoke/LambdaForm$MH+0x00000008010ccc00'
Event: 6900.270 Thread 0x000001ab06b35ac0 Unloading class 0x00000008010cc800 'java/lang/invoke/LambdaForm$MH+0x00000008010cc800'
Event: 6900.270 Thread 0x000001ab06b35ac0 Unloading class 0x00000008010cc400 'java/lang/invoke/LambdaForm$MH+0x00000008010cc400'
Event: 6900.270 Thread 0x000001ab06b35ac0 Unloading class 0x0000000801010000 'java/lang/invoke/LambdaForm$MH+0x0000000801010000'
Event: 6900.270 Thread 0x000001ab06b35ac0 Unloading class 0x000000080100f800 'java/lang/invoke/LambdaForm$MH+0x000000080100f800'
Event: 6900.270 Thread 0x000001ab06b35ac0 Unloading class 0x000000080100f400 'java/lang/invoke/LambdaForm$MH+0x000000080100f400'
Event: 6900.270 Thread 0x000001ab06b35ac0 Unloading class 0x000000080100ec00 'java/lang/invoke/LambdaForm$MH+0x000000080100ec00'
Event: 6900.270 Thread 0x000001ab06b35ac0 Unloading class 0x000000080100e800 'java/lang/invoke/LambdaForm$MH+0x000000080100e800'

Classes redefined (0 events):
No events

Internal exceptions (20 events):
Event: 7211.210 Thread 0x000001ab2fad6580 Exception <a 'de/concept/nlview/NlviewException'{0x000000073481ae48}> (0x000000073481ae48) 
thrown [s\src\hotspot\share\prims\jni.cpp, line 516]
Event: 7211.210 Thread 0x000001ab2fad6580 Exception <a 'de/concept/nlview/NlviewException'{0x000000073481b890}> (0x000000073481b890) 
thrown [s\src\hotspot\share\prims\jni.cpp, line 516]
Event: 7224.103 Thread 0x000001ab2fad6580 Exception <a 'java/io/FileNotFoundException'{0x00000007328ec188}> (0x00000007328ec188) 
thrown [s\src\hotspot\share\prims\jni.cpp, line 516]
Event: 7224.104 Thread 0x000001ab2fad6580 Exception <a 'java/io/FileNotFoundException'{0x00000007328f1a88}> (0x00000007328f1a88) 
thrown [s\src\hotspot\share\prims\jni.cpp, line 516]
Event: 7224.194 Thread 0x000001ab2fad6580 Exception <a 'java/io/FileNotFoundException'{0x00000007321d2f98}> (0x00000007321d2f98) 
thrown [s\src\hotspot\share\prims\jni.cpp, line 516]
Event: 7224.194 Thread 0x000001ab2fad6580 Exception <a 'java/io/FileNotFoundException'{0x00000007321d4388}> (0x00000007321d4388) 
thrown [s\src\hotspot\share\prims\jni.cpp, line 516]
Event: 7232.148 Thread 0x000001abf5a97c30 Exception <a 'java/lang/InterruptedException'{0x0000000734202b18}: sleep interrupted> (0x0000000734202b18) 
thrown [s\src\hotspot\share\prims\jvm.cpp, line 3044]
Event: 7238.734 Thread 0x000001ab2fad6580 Exception <a 'de/concept/nlview/NlviewException'{0x00000007327e9470}> (0x00000007327e9470) 
thrown [s\src\hotspot\share\prims\jni.cpp, line 516]
Event: 7238.734 Thread 0x000001ab2fad6580 Exception <a 'de/concept/nlview/NlviewException'{0x00000007327e9f08}> (0x00000007327e9f08) 
thrown [s\src\hotspot\share\prims\jni.cpp, line 516]
Event: 7238.734 Thread 0x000001ab2fad6580 Exception <a 'de/concept/nlview/NlviewException'{0x00000007327ea950}> (0x00000007327ea950) 
thrown [s\src\hotspot\share\prims\jni.cpp, line 516]
Event: 7238.734 Thread 0x000001ab2fad6580 Exception <a 'de/concept/nlview/NlviewException'{0x00000007327f11f8}> (0x00000007327f11f8) 
thrown [s\src\hotspot\share\prims\jni.cpp, line 516]
Event: 7238.734 Thread 0x000001ab2fad6580 Exception <a 'de/concept/nlview/NlviewException'{0x00000007327f1c90}> (0x00000007327f1c90) 
thrown [s\src\hotspot\share\prims\jni.cpp, line 516]
Event: 7238.734 Thread 0x000001ab2fad6580 Exception <a 'de/concept/nlview/NlviewException'{0x00000007327f26d8}> (0x00000007327f26d8) 
thrown [s\src\hotspot\share\prims\jni.cpp, line 516]
Event: 7238.735 Thread 0x000001ab2fad6580 Exception <a 'de/concept/nlview/NlviewException'{0x000000073240a7c8}> (0x000000073240a7c8) 
thrown [s\src\hotspot\share\prims\jni.cpp, line 516]
Event: 7238.735 Thread 0x000001ab2fad6580 Exception <a 'de/concept/nlview/NlviewException'{0x000000073240b260}> (0x000000073240b260) 
thrown [s\src\hotspot\share\prims\jni.cpp, line 516]
Event: 7238.735 Thread 0x000001ab2fad6580 Exception <a 'de/concept/nlview/NlviewException'{0x000000073240bca8}> (0x000000073240bca8) 
thrown [s\src\hotspot\share\prims\jni.cpp, line 516]
Event: 7264.643 Thread 0x000001ab2fad6580 Exception <a 'java/lang/ClassNotFoundException'{0x0000000732dfb530}: ui/utils/i/f/lBeanInfo> (0x0000000732dfb530) 
thrown [s\src\hotspot\share\classfile\systemDictionary.cpp, line 256]
Event: 7264.643 Thread 0x000001ab2fad6580 Exception <a 'java/lang/ClassNotFoundException'{0x0000000732dfd1e0}: ui/utils/i/f/lCustomizer> (0x0000000732dfd1e0) 
thrown [s\src\hotspot\share\classfile\systemDictionary.cpp, line 256]
Event: 7304.001 Thread 0x000001ab881c0f70 Exception <a 'java/lang/InterruptedException'{0x0000000730e28240}: sleep interrupted> (0x0000000730e28240) 
thrown [s\src\hotspot\share\prims\jvm.cpp, line 3070]
Event: 7307.892 Thread 0x000001abf5a9b120 Exception <a 'java/lang/InterruptedException'{0x0000000731722c20}: sleep interrupted> (0x0000000731722c20) 
thrown [s\src\hotspot\share\prims\jvm.cpp, line 3070]

VM Operations (20 events):
Event: 7294.027 Executing VM operation: G1CollectForAllocation
Event: 7294.029 Executing VM operation: G1CollectForAllocation done
Event: 7297.030 Executing VM operation: Cleanup
Event: 7297.030 Executing VM operation: Cleanup done
Event: 7298.030 Executing VM operation: Cleanup
Event: 7298.030 Executing VM operation: Cleanup done
Event: 7301.032 Executing VM operation: Cleanup
Event: 7301.032 Executing VM operation: Cleanup done
Event: 7305.033 Executing VM operation: Cleanup
Event: 7305.033 Executing VM operation: Cleanup done
Event: 7305.421 Executing VM operation: G1CollectForAllocation
Event: 7305.422 Executing VM operation: G1CollectForAllocation done
Event: 7306.423 Executing VM operation: Cleanup
Event: 7306.423 Executing VM operation: Cleanup done
Event: 7307.425 Executing VM operation: HandshakeAllThreads
Event: 7307.425 Executing VM operation: HandshakeAllThreads done
Event: 7307.431 Executing VM operation: G1CollectForAllocation
Event: 7307.432 Executing VM operation: G1CollectForAllocation done
Event: 7308.433 Executing VM operation: Cleanup
Event: 7308.436 Executing VM operation: Cleanup done

Events (20 events):
Event: 7307.443 Thread 0x000001ab06b62520 flushing nmethod 0x000001ab10df3010
Event: 7307.443 Thread 0x000001ab06b62520 flushing nmethod 0x000001ab10e2df90
Event: 7307.444 Thread 0x000001ab06b62520 flushing nmethod 0x000001ab110d8110
Event: 7307.444 Thread 0x000001ab06b62520 flushing nmethod 0x000001ab1114ef10
Event: 7307.444 Thread 0x000001ab06b62520 flushing nmethod 0x000001ab1115ba90
Event: 7307.445 Thread 0x000001ab06b62520 flushing nmethod 0x000001ab112abb90
Event: 7307.445 Thread 0x000001ab06b62520 flushing nmethod 0x000001ab112fcb10
Event: 7307.445 Thread 0x000001ab06b62520 flushing nmethod 0x000001ab1144c890
Event: 7307.519 Thread 0x000001abf5a8fa40 Thread exited: 0x000001abf5a8fa40
Event: 7307.772 Thread 0x000001ab881c4930 Thread exited: 0x000001ab881c4930
Event: 7307.892 Thread 0x000001abf5a9b120 Thread exited: 0x000001abf5a9b120
Event: 7307.892 Thread 0x000001abf5a8fa40 Thread added: 0x000001abf5a8fa40
Event: 7307.892 Thread 0x000001abf5a9e610 Thread added: 0x000001abf5a9e610
Event: 7307.892 Thread 0x000001abf5a99de0 Thread added: 0x000001abf5a99de0
Event: 7307.930 Thread 0x000001abf5a99de0 Thread exited: 0x000001abf5a99de0
Event: 7308.421 Thread 0x000001abf5a9ce00 Thread added: 0x000001abf5a9ce00
Event: 7308.424 Thread 0x000001abf5a9ce00 Thread exited: 0x000001abf5a9ce00
Event: 7308.431 Thread 0x000001abf5a99de0 Thread added: 0x000001abf5a99de0
Event: 7308.432 Thread 0x000001abf5a9b5f0 Thread added: 0x000001abf5a9b5f0
Event: 7308.436 Thread 0x000001abf5a9b5f0 Thread exited: 0x000001abf5a9b5f0


Dynamic libraries:
0x00007ff7113a0000 - 0x00007ff7113d1000 	F:\xilinx_2023_2\Vivado\2023.2\bin\unwrapped\win64.o\vivado.exe
0x00007ffdca290000 - 0x00007ffdca488000 	C:\Windows\SYSTEM32\ntdll.dll
0x00007ffdca030000 - 0x00007ffdca0f2000 	C:\Windows\System32\KERNEL32.DLL
0x00007ffdc79c0000 - 0x00007ffdc7cb6000 	C:\Windows\System32\KERNELBASE.dll
0x00007ffdc81b0000 - 0x00007ffdc82b0000 	C:\Windows\System32\ucrtbase.dll
0x00007ffdb5b70000 - 0x00007ffdb5b8e000 	C:\Windows\SYSTEM32\VCRUNTIME140.dll
0x00007ffdaf360000 - 0x00007ffdaf3e9000 	C:\Windows\SYSTEM32\MSVCP140.dll
0x00007ffdb4100000 - 0x00007ffdb411c000 	F:\xilinx_2023_2\Vivado\2023.2\lib\win64.o\librdi_commonmain.dll
0x00007ffd30c90000 - 0x00007ffd3233a000 	F:\xilinx_2023_2\Vivado\2023.2\lib\win64.o\librdi_common.dll
0x00007ffdb07d0000 - 0x00007ffdb07dc000 	C:\Windows\SYSTEM32\VCRUNTIME140_1.dll
0x00007ffdc9710000 - 0x00007ffdc98b1000 	C:\Windows\System32\USER32.dll
0x00007ffdc8150000 - 0x00007ffdc8172000 	C:\Windows\System32\win32u.dll
0x00007ffd53f20000 - 0x00007ffd54350000 	F:\xilinx_2023_2\Vivado\2023.2\lib\win64.o\python38.dll
0x00007ffdb0170000 - 0x00007ffdb0191000 	F:\xilinx_2023_2\Vivado\2023.2\lib\win64.o\libboost_filesystem.dll
0x00007ffdbfca0000 - 0x00007ffdbfca9000 	F:\xilinx_2023_2\Vivado\2023.2\lib\win64.o\librdi_commonversion.dll
0x00007ffdc9220000 - 0x00007ffdc927b000 	C:\Windows\System32\SHLWAPI.dll
0x00007ffdc9280000 - 0x00007ffdc92ab000 	C:\Windows\System32\GDI32.dll
0x00007ffdca100000 - 0x00007ffdca1b1000 	C:\Windows\System32\ADVAPI32.dll
0x00007ffdc9120000 - 0x00007ffdc91be000 	C:\Windows\System32\msvcrt.dll
0x00007ffdc7fe0000 - 0x00007ffdc80f9000 	C:\Windows\System32\gdi32full.dll
0x00007ffdc98c0000 - 0x00007ffdc995f000 	C:\Windows\System32\sechost.dll
0x00007ffdc7920000 - 0x00007ffdc79bd000 	C:\Windows\System32\msvcp_win.dll
0x00007ffd7b540000 - 0x00007ffd7b6f6000 	F:\xilinx_2023_2\Vivado\2023.2\lib\win64.o\librdi_commonxillic.dll
0x00007ffdc9960000 - 0x00007ffdc99cb000 	C:\Windows\System32\WS2_32.dll
0x00007ffdc95f0000 - 0x00007ffdc9710000 	C:\Windows\System32\RPCRT4.dll
0x00007ffdc8180000 - 0x00007ffdc81a7000 	C:\Windows\System32\bcrypt.dll
0x00007ffdc8380000 - 0x00007ffdc8af0000 	C:\Windows\System32\SHELL32.dll
0x00007ffdc7cc0000 - 0x00007ffdc7d33000 	C:\Windows\System32\WINTRUST.dll
0x0000000059e90000 - 0x0000000059fbc000 	F:\xilinx_2023_2\Vivado\2023.2\lib\win64.o\tcl85t.dll
0x00007ffd48090000 - 0x00007ffd483fe000 	F:\xilinx_2023_2\Vivado\2023.2\lib\win64.o\libCOIN-all.dll
0x00007ffdb1c50000 - 0x00007ffdb1c61000 	F:\xilinx_2023_2\Vivado\2023.2\lib\win64.o\libboost_date_time.dll
0x00007ffda03d0000 - 0x00007ffda04e4000 	F:\xilinx_2023_2\Vivado\2023.2\lib\win64.o\libboost_regex.dll
0x00007ffda42f0000 - 0x00007ffda4369000 	F:\xilinx_2023_2\Vivado\2023.2\lib\win64.o\libboost_program_options.dll
0x00007ffdb0990000 - 0x00007ffdb09ac000 	F:\xilinx_2023_2\Vivado\2023.2\lib\win64.o\libboost_thread.dll
0x00007ffdbf4f0000 - 0x00007ffdbf4fc000 	F:\xilinx_2023_2\Vivado\2023.2\lib\win64.o\libboost_xilinx.dll
0x00007ffda3c90000 - 0x00007ffda3d35000 	F:\xilinx_2023_2\Vivado\2023.2\lib\win64.o\libhdxml.dll
0x00007ffda4010000 - 0x00007ffda4092000 	F:\xilinx_2023_2\Vivado\2023.2\lib\win64.o\libhdlpsolve.dll
0x00007ffd33790000 - 0x00007ffd347b4600 	F:\xilinx_2023_2\Vivado\2023.2\lib\win64.o\libisl_iostreams.dll
0x00007ffdadfc0000 - 0x00007ffdadfea000 	F:\xilinx_2023_2\Vivado\2023.2\lib\win64.o\libisl_sysinfo.dll
0x00007ffda82f0000 - 0x00007ffda8355000 	F:\xilinx_2023_2\Vivado\2023.2\lib\win64.o\liblmx6.0.dll
0x00007ffdb07f0000 - 0x00007ffdb080a000 	F:\xilinx_2023_2\Vivado\2023.2\lib\win64.o\pthreadVC2.dll
0x00007ffdb0150000 - 0x00007ffdb016c000 	F:\xilinx_2023_2\Vivado\2023.2\lib\win64.o\librdiconfig.dll
0x00007ffdadeb0000 - 0x00007ffdaded1000 	F:\xilinx_2023_2\Vivado\2023.2\lib\win64.o\librdizlib.dll
0x00007ffd309c0000 - 0x00007ffd30c81000 	F:\xilinx_2023_2\Vivado\2023.2\lib\win64.o\xerces-c_3_2.dll
0x00007ffdc13a0000 - 0x00007ffdc13aa000 	C:\Windows\SYSTEM32\VERSION.dll
0x00007ffd48400000 - 0x00007ffd4872d000 	F:\xilinx_2023_2\Vivado\2023.2\lib\win64.o\libXil_lmgr11.dll
0x00007ffdc94b0000 - 0x00007ffdc958a000 	C:\Windows\System32\COMDLG32.dll
0x00007ffdb8fa0000 - 0x00007ffdb8fb9000 	C:\Windows\SYSTEM32\NETAPI32.dll
0x00007ffdc9a50000 - 0x00007ffdc9da4000 	C:\Windows\System32\combase.dll
0x00007ffdb5c80000 - 0x00007ffdb6156000 	C:\Windows\SYSTEM32\WININET.dll
0x00007ffdc19d0000 - 0x00007ffdc1ada000 	C:\Windows\SYSTEM32\WINHTTP.dll
0x00007ffdc82d0000 - 0x00007ffdc837d000 	C:\Windows\System32\shcore.dll
0x00007ffdbaf00000 - 0x00007ffdbb0f2000 	C:\Windows\SYSTEM32\urlmon.dll
0x00007ffdc93d0000 - 0x00007ffdc949d000 	C:\Windows\System32\OLEAUT32.dll
0x00007ffdc9db0000 - 0x00007ffdc9edb000 	C:\Windows\System32\ole32.dll
0x00007ffd54780000 - 0x00007ffd54789000 	C:\Windows\SYSTEM32\WSOCK32.dll
0x00007ffdc7dd0000 - 0x00007ffdc7f2d000 	C:\Windows\System32\CRYPT32.dll
0x00007ffd2eaa0000 - 0x00007ffd309b7000 	F:\xilinx_2023_2\Vivado\2023.2\lib\win64.o\gurobi90.dll
0x00007ffdc9ee0000 - 0x00007ffdc9f3e000 	C:\Windows\System32\WLDAP32.dll
0x00007ffdadad0000 - 0x00007ffdadb00000 	C:\Windows\SYSTEM32\VCOMP140.DLL
0x00007ffdc94a0000 - 0x00007ffdc94a8000 	C:\Windows\System32\Normaliz.dll
0x00007ffda8180000 - 0x00007ffda81a4000 	F:\xilinx_2023_2\Vivado\2023.2\lib\win64.o\libisl_iosutils.dll
0x00007ffda4af0000 - 0x00007ffda4b08000 	F:\xilinx_2023_2\Vivado\2023.2\lib\win64.o\libboost_iostreams.dll
0x00007ffdbac10000 - 0x00007ffdbaecf000 	C:\Windows\SYSTEM32\iertutil.dll
0x00007ffdbaed0000 - 0x00007ffdbaef8000 	C:\Windows\SYSTEM32\srvcli.dll
0x00007ffdc54d0000 - 0x00007ffdc5c75000 	C:\Windows\SYSTEM32\windows.storage.dll
0x00007ffdc6d80000 - 0x00007ffdc6d8c000 	C:\Windows\SYSTEM32\netutils.dll
0x00007ffdb9540000 - 0x00007ffdb95f0000 	C:\Windows\WinSxS\amd64_microsoft.windows.common-controls_6595b64144ccf1df_5.82.19041.6280_none_792d7c952443c49a\COMCTL32.dll
0x00007ffdc3d40000 - 0x00007ffdc3d5d000 	C:\Windows\SYSTEM32\dhcpcsvc.DLL
0x00007ffdc7810000 - 0x00007ffdc783e000 	C:\Windows\SYSTEM32\USERENV.dll
0x00007ffdc7350000 - 0x00007ffdc737b000 	C:\Windows\SYSTEM32\Wldp.dll
0x00007ffdc70b0000 - 0x00007ffdc711a000 	C:\Windows\SYSTEM32\MSWSOCK.DLL
0x00007ffdca000000 - 0x00007ffdca02f000 	C:\Windows\System32\IMM32.DLL
0x00007ffdc74e0000 - 0x00007ffdc74f2000 	C:\Windows\SYSTEM32\MSASN1.dll
0x00007ffdc6150000 - 0x00007ffdc6162000 	C:\Windows\SYSTEM32\kernel.appcore.dll
0x00007ffdc72b0000 - 0x00007ffdc72c8000 	C:\Windows\SYSTEM32\CRYPTSP.dll
0x00007ffdc6960000 - 0x00007ffdc6998000 	C:\Windows\system32\rsaenh.dll
0x00007ffdc72a0000 - 0x00007ffdc72ac000 	C:\Windows\SYSTEM32\CRYPTBASE.dll
0x00007ffdc7d40000 - 0x00007ffdc7dc2000 	C:\Windows\System32\bcryptPrimitives.dll
0x00007ffdc82b0000 - 0x00007ffdc82cd000 	C:\Windows\System32\imagehlp.dll
0x00007ffd2e550000 - 0x00007ffd2ea9d000 	F:\xilinx_2023_2\Vivado\2023.2\lib\win64.o\librdi_commontasks.dll
0x00007ffd2e220000 - 0x00007ffd2e54b800 	F:\xilinx_2023_2\Vivado\2023.2\lib\win64.o\librdi_sio.dll
0x00007ffd2d5d0000 - 0x00007ffd2e218000 	F:\xilinx_2023_2\Vivado\2023.2\tps\win64\jre17.0.7_7\bin\server\jvm.dll
0x00007ffdc6d40000 - 0x00007ffdc6d7b000 	C:\Windows\SYSTEM32\IPHLPAPI.DLL
0x00007ffdbcff0000 - 0x00007ffdbd017000 	C:\Windows\SYSTEM32\WINMM.dll
0x00007ffdc6170000 - 0x00007ffdc6193000 	C:\Windows\SYSTEM32\gpapi.dll
0x00007ffdc1360000 - 0x00007ffdc1391000 	C:\Windows\System32\cryptnet.dll
0x00007ffdc7850000 - 0x00007ffdc7874000 	C:\Windows\SYSTEM32\profapi.dll
0x00007ffdc3d80000 - 0x00007ffdc3d8b000 	C:\Windows\SYSTEM32\WINNSI.DLL
0x00007ffdc9ff0000 - 0x00007ffdc9ff8000 	C:\Windows\System32\NSI.dll
0x00007ffdc77d0000 - 0x00007ffdc7802000 	C:\Windows\SYSTEM32\SspiCli.dll
0x00007ffda1690000 - 0x00007ffda16a7000 	C:\Windows\system32\napinsp.dll
0x00007ffda1670000 - 0x00007ffda168b000 	C:\Windows\system32\pnrpnsp.dll
0x00007ffda6a70000 - 0x00007ffda6a8d000 	C:\Windows\system32\wshbth.dll
0x00007ffdc3270000 - 0x00007ffdc328d000 	C:\Windows\system32\NLAapi.dll
0x00007ffdc6d90000 - 0x00007ffdc6e5a000 	C:\Windows\SYSTEM32\DNSAPI.dll
0x00007ffda1650000 - 0x00007ffda1662000 	C:\Windows\System32\winrnr.dll
0x00007ffd2a800000 - 0x00007ffd2d5c6000 	F:\xilinx_2023_2\Vivado\2023.2\lib\win64.o\librdi_tcltasks.dll
0x00007ffd5bda0000 - 0x00007ffd5bfa0000 	F:\xilinx_2023_2\Vivado\2023.2\lib\win64.o\librdi_board.dll
0x00007ffd2a310000 - 0x00007ffd2a7f1000 	F:\xilinx_2023_2\Vivado\2023.2\lib\win64.o\librdi_bitstream.dll
0x00007ffd73f30000 - 0x00007ffd7405a000 	F:\xilinx_2023_2\Vivado\2023.2\lib\win64.o\librdi_chipscope.dll
0x00007ffda3be0000 - 0x00007ffda3c63000 	F:\xilinx_2023_2\Vivado\2023.2\lib\win64.o\librdi_boarddep.dll
0x00007ffd584b0000 - 0x00007ffd586b7000 	F:\xilinx_2023_2\Vivado\2023.2\lib\win64.o\librdi_chipscopeimpl.dll
0x00007ffd25e00000 - 0x00007ffd284f5000 	F:\xilinx_2023_2\Vivado\2023.2\lib\win64.o\librdi_constraints.dll
0x00007ffd73990000 - 0x00007ffd73afe000 	F:\xilinx_2023_2\Vivado\2023.2\lib\win64.o\librdi_containers.dll
0x00007ffd236c0000 - 0x00007ffd25df6000 	F:\xilinx_2023_2\Vivado\2023.2\lib\win64.o\librdi_coregen.dll
0x00007ffd28500000 - 0x00007ffd2a307000 	F:\xilinx_2023_2\Vivado\2023.2\lib\win64.o\librdi_designutils.dll
0x00007ffd215d0000 - 0x00007ffd22bd3000 	F:\xilinx_2023_2\Vivado\2023.2\lib\win64.o\librdi_device.dll
0x00007ffd23320000 - 0x00007ffd236bf000 	F:\xilinx_2023_2\Vivado\2023.2\lib\win64.o\librdi_dlyest.dll
0x00007ffd22be0000 - 0x00007ffd23316000 	F:\xilinx_2023_2\Vivado\2023.2\lib\win64.o\librdi_drc.dll
0x00007ffd9c090000 - 0x00007ffd9c144000 	F:\xilinx_2023_2\Vivado\2023.2\lib\win64.o\librdi_dsp.dll
0x00007ffd20b20000 - 0x00007ffd212df000 	F:\xilinx_2023_2\Vivado\2023.2\lib\win64.o\librdi_filemgmt.dll
0x00007ffda4160000 - 0x00007ffda41cb000 	F:\xilinx_2023_2\Vivado\2023.2\lib\win64.o\librdi_hdf.dll
0x00007ffd212e0000 - 0x00007ffd215c4000 	F:\xilinx_2023_2\Vivado\2023.2\lib\win64.o\librdi_hip_devdesign.dll
0x00007ffd68ae0000 - 0x00007ffd68c28000 	F:\xilinx_2023_2\Vivado\2023.2\lib\win64.o\librdi_hip_perf_analysis.dll
0x00007ffd1f9d0000 - 0x00007ffd20b13000 	F:\xilinx_2023_2\Vivado\2023.2\lib\win64.o\librdi_implflow.dll
0x00007ffd1dc20000 - 0x00007ffd1ead0000 	F:\xilinx_2023_2\Vivado\2023.2\lib\win64.o\librdi_ippcw.dll
0x00007ffd1ead0000 - 0x00007ffd1f36a000 	F:\xilinx_2023_2\Vivado\2023.2\lib\win64.o\librdi_lopt.dll
0x00007ffd1f370000 - 0x00007ffd1f9c6000 	F:\xilinx_2023_2\Vivado\2023.2\lib\win64.o\librdi_memdata.dll
0x00007ffda1510000 - 0x00007ffda158d000 	F:\xilinx_2023_2\Vivado\2023.2\lib\win64.o\librdi_memoryarray.dll
0x00007ffd1a9c0000 - 0x00007ffd1d401000 	F:\xilinx_2023_2\Vivado\2023.2\lib\win64.o\librdi_mig.dll
0x00007ffd1d410000 - 0x00007ffd1dc14000 	F:\xilinx_2023_2\Vivado\2023.2\lib\win64.o\librdi_netlist.dll
0x00007ffda0350000 - 0x00007ffda03c2000 	F:\xilinx_2023_2\Vivado\2023.2\lib\win64.o\librdi_noc_frameworks.dll
0x00007ffd17b00000 - 0x00007ffd1a9bc000 	F:\xilinx_2023_2\Vivado\2023.2\lib\win64.o\librdi_place.dll
0x00007ffda1100000 - 0x00007ffda115c000 	F:\xilinx_2023_2\Vivado\2023.2\lib\win64.o\librdi_pfi.dll
0x00007ffd17680000 - 0x00007ffd17afe000 	F:\xilinx_2023_2\Vivado\2023.2\lib\win64.o\librdi_platform.dll
0x00007ffd16d80000 - 0x00007ffd17672000 	F:\xilinx_2023_2\Vivado\2023.2\lib\win64.o\librdi_power.dll
0x00007ffd153b0000 - 0x00007ffd15b27000 	F:\xilinx_2023_2\Vivado\2023.2\lib\win64.o\librdi_psta.dll

dbghelp: loaded successfully - version: 4.0.5 - missing functions: none
symbol engine: initialized successfully - sym options: 0x614 - pdb path: .;F:\xilinx_2023_2\Vivado\2023.2\bin\unwrapped\win64.o;C:\Windows\SYSTEM32;F:\xilinx_2023_2\Vivado\2023.2\lib\win64.o;C:\Windows\WinSxS\amd64_microsoft.windows.common-controls_6595b64144ccf1df_5.82.19041.6280_none_792d7c952443c49a;F:\xilinx_2023_2\Vivado\2023.2\tps\win64\jre17.0.7_7\bin\server;F:\xilinx_2023_2\Vivado\2023.2\tps\win64\jre17.0.7_7\bin;C:\Windows\WinSxS\amd64_microsoft.windows.common-controls_6595b64144ccf1df_6.0.19041.6456_none_60b8a6cb71f64256;F:\xilinx_2023_2\Vivado\2023.2\data\parts\xilinx\zynquplus\devint\lib\win64.o\vs2017

VM Arguments:
jvm_args: -Dsun.java2d.pmoffscreen=false -Dhttps.protocols=TLSv1,TLSv1.1,TLSv1.2 -Dsun.java2d.xrender=false -Dsun.java2d.d3d=false -Dsun.awt.nopixfmt=true -Dsun.java2d.dpiaware=true -Dsun.java2d.uiScale.enabled=false -Dswing.aatext=true -XX:-UsePerfData -Djdk.map.althashing.threshold=512 -XX:StringTableSize=4072 -XX:+UseStringDeduplication -XX:MaxGCPauseMillis=200 -XX:+ParallelRefProcEnabled --add-opens=java.desktop/javax.swing.plaf.synth=ALL-UNNAMED --add-opens=java.base/java.nio=ALL-UNNAMED --add-opens=java.desktop/sun.swing=ALL-UNNAMED --add-opens=java.desktop/javax.swing=ALL-UNNAMED --add-opens=java.desktop/javax.swing.tree=ALL-UNNAMED --add-opens=java.desktop/javax.swing.plaf.basic=ALL-UNNAMED --add-opens=java.desktop/javax.swing.plaf.synth=ALL-UNNAMED --add-opens=java.desktop/javax.swing.plaf.basic=ALL-UNNAMED --add-opens=java.desktop/javax.swing=ALL-UNNAMED --add-opens=java.desktop/javax.swing.tree=ALL-UNNAMED --add-opens=java.desktop/java.awt.event=ALL-UNNAMED --add-exports=java.desktop/javax.swing.plaf.synth=ALL-UNNAMED --add-exports=java.base/java.nio=ALL-UNNAMED --add-exports=java.desktop/sun.swing=ALL-UNNAMED --add-exports=java.desktop/javax.swing=ALL-UNNAMED --add-exports=java.desktop/javax.swing.tree=ALL-UNNAMED --add-exports=java.desktop/javax.swing.plaf.basic=ALL-UNNAMED --add-exports=java.desktop/sun.swing=ALL-UNNAMED --add-exports=java.desktop/sun.swing.table=ALL-UNNAMED --add-exports=java.desktop/sun.swing.plaf.synth=ALL-UNNAMED --add-exports=java.desktop/sun.awt.shell=ALL-UNNAMED --add-exports=java.base/sun.security.action=ALL-UNNAMED --add-exports=java.desktop/sun.font=ALL-UNNAMED -XX:NewSize=80m -XX:MaxNewSize=80m -Xms512m -Xmx4072m -Xss10m 
java_command: <unknown>
java_class_path (initial): F:/xilinx_2023_2/Vivado/2023.2\lib\classes\alloy.jar;F:/xilinx_2023_2/Vivado/2023.2\lib\classes\asm-9.3.jar;F:/xilinx_2023_2/Vivado/2023.2\lib\classes\asm-analysis-9.3.jar;F:/xilinx_2023_2/Vivado/2023.2\lib\classes\asm-commons-9.3.jar;F:/xilinx_2023_2/Vivado/2023.2\lib\classes\asm-tree-9.3.jar;F:/xilinx_2023_2/Vivado/2023.2\lib\classes\autoesl-models.jar;F:/xilinx_2023_2/Vivado/2023.2\lib\classes\batik-anim.jar;F:/xilinx_2023_2/Vivado/2023.2\lib\classes\batik-awt-util.jar;F:/xilinx_2023_2/Vivado/2023.2\lib\classes\batik-bridge.jar;F:/xilinx_2023_2/Vivado/2023.2\lib\classes\batik-codec.jar;F:/xilinx_2023_2/Vivado/2023.2\lib\classes\batik-constants.jar;F:/xilinx_2023_2/Vivado/2023.2\lib\classes\batik-css.jar;F:/xilinx_2023_2/Vivado/2023.2\lib\classes\batik-dom.jar;F:/xilinx_2023_2/Vivado/2023.2\lib\classes\batik-ext.jar;F:/xilinx_2023_2/Vivado/2023.2\lib\classes\batik-gui-util.jar;F:/xilinx_2023_2/Vivado/2023.2\lib\classes\batik-gvt.jar;F:/xilinx_2023_2/Vivado/2023.2\lib\classes\batik-i18n.jar;F:/xilinx_2023_2/Vivado/2023.2\lib\classes\batik-parser.jar;F:/xilinx_2023_2/Vivado/2023.2\lib\classes\batik-script.jar;F:/xilinx_2023_2/Vivado/2023.2\lib\classes\batik-svg-dom.jar;F:/xilinx_2023_2/Vivado/2023.2\lib\classes\batik-svggen.jar;F:/xilinx_2023_2/Vivado/2023.2\lib\classes\batik-swing.jar;F:/xilinx_2023_2/Vivado/2023.2\lib\classes\batik-transcoder.jar;F:/xilinx_2023_2/Vivado/2023.2\lib\classes\batik-util.jar;F:/xilinx_2023_2/Vivado/2023.2\lib\classes\batik-xml.jar;F:/xilinx_2023_2/Vivado/2023.2\lib\classes\com.fasterxml.jackson.core.jackson-annotations_2.12.1.v20210128-1726.jar;F:/xilinx_2023_2/Vivado/2023.2\lib\classes\com.fasterxml.jackson.core.jackson-core_2.12.1.v20210128-1726.jar;F:/xilinx_2023_2/Vivado/2023.2\lib\classes\com.fasterxml.jackson.core.jackson-databind_2.12.1.v20210128-1726.jar;F:/xilinx_2023_2/Vivado/2023.2\lib\classes\com.google.gson_2.8.9.v20220111-1409.jar;F:/xilinx_2023_2/Vivado/2023.2\lib\classes\com.google.guava_30.
Launcher Type: generic

[Global flags]
     intx CICompilerCount                          = 12                                        {product} {ergonomic}
     uint ConcGCThreads                            = 3                                         {product} {ergonomic}
     uint G1ConcRefinementThreads                  = 13                                        {product} {ergonomic}
   size_t G1HeapRegionSize                         = 2097152                                   {product} {ergonomic}
    uintx GCDrainStackTargetSize                   = 64                                        {product} {ergonomic}
   size_t InitialHeapSize                          = 536870912                                 {product} {command line}
   size_t MarkStackSize                            = 4194304                                   {product} {ergonomic}
    uintx MaxGCPauseMillis                         = 200                                       {product} {command line}
   size_t MaxHeapSize                              = 4269801472                                {product} {command line}
   size_t MaxNewSize                               = 83886080                                  {product} {command line}
   size_t MinHeapDeltaBytes                        = 2097152                                   {product} {ergonomic}
   size_t MinHeapSize                              = 536870912                                 {product} {command line}
   size_t NewSize                                  = 83886080                                  {product} {command line}
    uintx NonNMethodCodeHeapSize                   = 7602480                                {pd product} {ergonomic}
    uintx NonProfiledCodeHeapSize                  = 122027880                              {pd product} {ergonomic}
     bool ParallelRefProcEnabled                   = true                                      {product} {command line}
    uintx ProfiledCodeHeapSize                     = 122027880                              {pd product} {ergonomic}
    uintx ReservedCodeCacheSize                    = 251658240                              {pd product} {ergonomic}
     bool SegmentedCodeCache                       = true                                      {product} {ergonomic}
   size_t SoftMaxHeapSize                          = 4269801472                             {manageable} {ergonomic}
    uintx StringTableSize                          = 4072                                      {product} {command line}
     intx ThreadStackSize                          = 10240                                  {pd product} {command line}
     bool UseCompressedClassPointers               = true                           {product lp64_product} {ergonomic}
     bool UseCompressedOops                        = true                           {product lp64_product} {ergonomic}
     bool UseG1GC                                  = true                                      {product} {ergonomic}
     bool UseLargePagesIndividualAllocation        = false                                  {pd product} {ergonomic}
     bool UsePerfData                              = false                                     {product} {command line}
     bool UseStringDeduplication                   = true                                      {product} {command line}

Logging:
Log output configuration:
 #0: stdout all=warning uptime,level,tags
 #1: stderr all=off uptime,level,tags

Environment Variables:
PATH=F:/xilinx_2023_2/Vivado/2023.2\gnuwin\bin;F:/xilinx_2023_2/Vivado/2023.2\gnu\microblaze\nt\bin;F:/xilinx_2023_2/Vivado/2023.2/bin;F:/xilinx_2023_2/Vivado/2023.2/tps/win64/java-cef-95.0.4638.69/bin/lib/win64;F:/xilinx_2023_2/Vivado/2023.2/tps/win64/javafx-sdk-17.0.1/lib;F:/xilinx_2023_2/Vivado/2023.2/tps/win64/javafx-sdk-17.0.1/bin;F:/xilinx_2023_2/Vivado/2023.2/lib/win64.o;F:/xilinx_2023_2/Vivado/2023.2/tps/win64/jre17.0.7_7/bin/server;F:/xilinx_2023_2/Vivado/2023.2/tps/win64/jre17.0.7_7/bin;F:/xilinx_2023_2/Vitis/2023.2/bin;F:/xilinx_2023_2/Vivado/2023.2/ids_lite/ISE/bin/nt64;F:/xilinx_2023_2/Vivado/2023.2/ids_lite/ISE/lib/nt64;F:/xilinx_2023_2/Vitis_HLS/2023.2/bin;F:\VMWare\bin\;C:\Program Files\NVIDIA GPU Computing Toolkit\CUDA\v11.8\bin;C:\Program Files\NVIDIA GPU Computing Toolkit\CUDA\v11.8\libnvvp;C:\Windows\system32;C:\Windows;C:\Windows\System32\Wbem;C:\Windows\System32\WindowsPowerShell\v1.0\;C:\Windows\System32\OpenSSH\;C:\Program Files\NVIDIA Corporation\NVIDIA App\NvDLISR;C:\Program Files (x86)\NVIDIA Corporation\PhysX\Common;D:\App\Bandizip\;C:\Program Files\NVIDIA Corporation\Nsight Compute 2022.3.0\;D:\App\Git\Git\cmd;C:\Users\920\AppData\Local\Microsoft\WindowsApps;D:\anaconda3;D:\anaconda3\Scripts;D:\anaconda3\Library\bin;;D:\App\PyCharm 2023.3.7\bin;D:\App\Microsoft VS Code\bin;F:/xilinx_2023_2/Vivado/2023.2\tps\mingw\6.2.0\win64.o\nt\bin;F:/xilinx_2023_2/Vivado/2023.2\tps\mingw\6.2.0\win64.o\nt\libexec\gcc\x86_64-w64-mingw32\6.2.0;F:/xilinx_2023_2/Vivado/2023.2\tps\win64\python-3.8.3;F:/xilinx_2023_2/Vivado/2023.2\tps\win64\python-3.8.3\bin;F:/xilinx_2023_2/Vivado/2023.2\tps\win64\python-3.8.3\lib;F:/xilinx_2023_2/Vivado/2023.2\tps\win64\python-3.8.3\lib\site-packages
USERNAME=920
OS=Windows_NT
PROCESSOR_IDENTIFIER=AMD64 Family 25 Model 97 Stepping 2, AuthenticAMD
TMP=C:\Users\920\AppData\Local\Temp
TEMP=C:\Users\920\AppData\Local\Temp



---------------  S Y S T E M  ---------------

OS:
 Windows 10 , 64 bit Build 19041 (10.0.19041.5915)
OS uptime: 10 days 8:03 hours

CPU: total 16 (initial active 16) (16 cores per cpu, 2 threads per core) family 25 model 97 stepping 2 microcode 0x0, cx8, cmov, fxsr, ht, mmx, 3dnowpref, sse, sse2, sse3, ssse3, sse4a, sse4.1, sse4.2, popcnt, lzcnt, tsc, tscinvbit, avx, avx2, aes, erms, clmul, bmi1, bmi2, adx, avx512f, avx512dq, avx512cd, avx512bw, avx512vl, sha, fma, vzeroupper, avx512_vpopcntdq, avx512_vpclmulqdq, avx512_vaes, avx512_vnni, clflush, clflushopt, avx512_vbmi2, avx512_vbmi

Memory: 4k page, system-wide physical 64662M (46511M free)
TotalPageFile size 68758M (AvailPageFile size 47613M)
current process WorkingSet (physical memory assigned to process): 5158M, peak: 5171M
current process commit charge ("private bytes"): 5539M, peak: 5634M

vm_info: OpenJDK 64-Bit Server VM (17.0.7+7) for windows-amd64 JRE (17.0.7+7), built on Apr 18 2023 22:10:42 by "temurin" with MS VC++ 16.7 (VS2019)

END.
