#-----------------------------------------------------------
# Vivado v2023.2 (64-bit)
# SW Build 4029153 on Fri Oct 13 20:14:34 MDT 2023
# IP Build 4028589 on Sat Oct 14 00:45:43 MDT 2023
# SharedData Build 4025554 on Tue Oct 10 17:18:54 MDT 2023
# Start of session at: Thu Sep 10 16:55:50 2026
# Process ID: 22192
# Current directory: D:/FPGA/mqnic_prj
# Command line: vivado.exe -gui_launcher_event rodinguilauncherevent17324 D:\FPGA\mqnic_prj\mqnic_prj.xpr
# Log file: D:/FPGA/mqnic_prj/vivado.log
# Journal file: D:/FPGA/mqnic_prj\vivado.jou
# Running On: DESKTOP-JBLB3NJ, OS: Windows, CPU Frequency: 4192 MHz, CPU Physical cores: 16, Host memory: 67804 MB
#-----------------------------------------------------------
start_gui
open_project D:/FPGA/mqnic_prj/mqnic_prj.xpr
WARNING: [Board 49-26] cannot add Board Part xilinx.com:vek280_es:part0:1.0 available at F:/xilinx_2023_2/Vivado/2023.2/data/xhub/boards/XilinxBoardStore/boards/Xilinx/vek280/es/rev_a/1.0/board.xml as part xcve2802-vsvh1760-2lp-e-s-es1 specified in board_part file is either invalid or not available
WARNING: [Board 49-26] cannot add Board Part xilinx.com:vek280_es:part0:1.1 available at F:/xilinx_2023_2/Vivado/2023.2/data/xhub/boards/XilinxBoardStore/boards/Xilinx/vek280/es/rev_a/1.1/board.xml as part xcve2802-vsvh1760-2lp-e-s-es1 specified in board_part file is either invalid or not available
WARNING: [Board 49-26] cannot add Board Part xilinx.com:vek280_es_revb:part0:1.0 available at F:/xilinx_2023_2/Vivado/2023.2/data/xhub/boards/XilinxBoardStore/boards/Xilinx/vek280/es/rev_b/1.0/board.xml as part xcve2802-vsvh1760-2mp-e-s-es1 specified in board_part file is either invalid or not available
WARNING: [Board 49-26] cannot add Board Part xilinx.com:vek280_es_revb:part0:1.1 available at F:/xilinx_2023_2/Vivado/2023.2/data/xhub/boards/XilinxBoardStore/boards/Xilinx/vek280/es/rev_b/1.1/board.xml as part xcve2802-vsvh1760-2mp-e-s-es1 specified in board_part file is either invalid or not available
WARNING: [Board 49-26] cannot add Board Part xilinx.com:vhk158_es:part0:1.0 available at F:/xilinx_2023_2/Vivado/2023.2/data/xhub/boards/XilinxBoardStore/boards/Xilinx/vhk158/es/1.0/board.xml as part xcvh1582-vsva3697-2mp-e-s-es1 specified in board_part file is either invalid or not available
WARNING: [Board 49-26] cannot add Board Part xilinx.com:vhk158_es:part0:1.1 available at F:/xilinx_2023_2/Vivado/2023.2/data/xhub/boards/XilinxBoardStore/boards/Xilinx/vhk158/es/1.1/board.xml as part xcvh1582-vsva3697-2mp-e-s-es1 specified in board_part file is either invalid or not available
WARNING: [Board 49-26] cannot add Board Part xilinx.com:zcu208ld:part0:2.0 available at F:/xilinx_2023_2/Vivado/2023.2/data/xhub/boards/XilinxBoardStore/boards/Xilinx/zcu208ld/production/2.0/board.xml as part xczu58dr-fsvg1517-2-i specified in board_part file is either invalid or not available
WARNING: [Board 49-26] cannot add Board Part xilinx.com:zcu216ld:part0:2.0 available at F:/xilinx_2023_2/Vivado/2023.2/data/xhub/boards/XilinxBoardStore/boards/Xilinx/zcu216ld/production/2.0/board.xml as part xczu59dr-ffvf1760-2-i specified in board_part file is either invalid or not available
WARNING: [Board 49-26] cannot add Board Part xilinx.com:zcu670:part0:2.0 available at F:/xilinx_2023_2/Vivado/2023.2/data/xhub/boards/XilinxBoardStore/boards/Xilinx/zcu670/2.0/board.xml as part xczu67dr-fsve1156-2-i specified in board_part file is either invalid or not available
WARNING: [Board 49-26] cannot add Board Part xilinx.com:zcu670ld:part0:1.0 available at F:/xilinx_2023_2/Vivado/2023.2/data/xhub/boards/XilinxBoardStore/boards/Xilinx/zcu670ld/1.0/board.xml as part xczu57dr-fsve1156-2-i specified in board_part file is either invalid or not available
Scanning sources...
Finished scanning sources
INFO: [IP_Flow 19-234] Refreshing IP repositories
INFO: [IP_Flow 19-1704] No user IP repositories specified
INFO: [IP_Flow 19-2313] Loaded Vivado IP repository 'F:/xilinx_2023_2/Vivado/2023.2/data/ip'.
open_project: Time (s): cpu = 00:00:17 ; elapsed = 00:00:08 . Memory (MB): peak = 1698.863 ; gain = 477.098
update_compile_order -fileset sources_1
open_hw_manager
connect_hw_server -allow_non_jtag
INFO: [Labtools 27-2285] Connecting to hw_server url TCP:localhost:3121
INFO: [Labtools 27-2222] Launching hw_server...
INFO: [Labtools 27-2221] Launch Output:

****** Xilinx hw_server v2023.2
  **** Build date : Oct 13 2023 at 21:31:40
    ** Copyright 1986-2022 Xilinx, Inc. All Rights Reserved.


INFO: [Labtools 27-3415] Connecting to cs_server url TCP:localhost:0
INFO: [Labtools 27-3417] Launching cs_server...
INFO: [Labtools 27-2221] Launch Output:


******** Xilinx cs_server v2023.2.0
  ****** Build date   : Oct 10 2023-12:01:56
    **** Build number : 2023.2.1696910516
      ** Copyright 2017-2022 Xilinx, Inc. All Rights Reserved.
      ** Copyright 2022-2026 Advanced Micro Devices, Inc. All Rights Reserved.



open_hw_target
INFO: [Labtoolstcl 44-466] Opening hw_target localhost:3121/xilinx_tcf/Xilinx/86767
refresh_hw_device [lindex [get_hw_devices Unknown_Device_0] 0]
refresh_hw_device [lindex [get_hw_devices Unknown_Device_0] 0]
ERROR: [Labtoolstcl 44-513] HW Target shutdown. Closing target: localhost:3121/xilinx_tcf/Xilinx/86767
INFO: [Labtoolstcl 44-466] Opening hw_target localhost:3121/xilinx_tcf/Xilinx/86767
WARNING: [Labtoolstcl 44-129] No matching hw_ila_data was found.
WARNING: [Labtoolstcl 44-129] No matching hw_ila_data was found.
ERROR: [Labtoolstcl 44-513] HW Target shutdown. Closing target: localhost:3121/xilinx_tcf/Xilinx/86767
INFO: [Labtoolstcl 44-466] Opening hw_target localhost:3121/xilinx_tcf/Xilinx/86767
CRITICAL WARNING: [Labtools 27-3421] xczu7_1 PL Power Status OFF, cannot connect PL TAP.  Check POR_B signal.
WARNING: [Labtoolstcl 44-129] No matching hw_ila_data was found.
INFO: [Labtools 27-1435] Device xczu7 (JTAG device index = 1) is not programmed (DONE status = 0).
WARNING: [Labtoolstcl 44-129] No matching hw_ila_data was found.
set_property PROBES.FILE {D:/FPGA/mqnic_prj/mqnic_prj.runs/impl_1/fpga.ltx} [get_hw_devices xczu7_1]
set_property FULL_PROBES.FILE {D:/FPGA/mqnic_prj/mqnic_prj.runs/impl_1/fpga.ltx} [get_hw_devices xczu7_1]
set_property PROGRAM.FILE {D:/FPGA/mqnic_prj/mqnic_prj.runs/impl_1/fpga.bit} [get_hw_devices xczu7_1]
program_hw_devices [get_hw_devices xczu7_1]
INFO: [Labtools 27-3164] End of startup status: HIGH
program_hw_devices: Time (s): cpu = 00:00:06 ; elapsed = 00:00:05 . Memory (MB): peak = 1796.582 ; gain = 18.590
refresh_hw_device [lindex [get_hw_devices xczu7_1] 0]
WARNING: [Xicom 50-38] xicom: No CseXsdb register file specified for CseXsdb slave type: 0, cse driver version: 0. Slave initialization skipped.
INFO: [Labtools 27-1434] Device xczu7 (JTAG device index = 1) is programmed with a design that has no supported debug core(s) in it.
WARNING: [Labtools 27-3361] The debug hub core was not detected.
Resolution: 
1. Make sure the clock connected to the debug hub (dbg_hub) core is a free running clock and is active.
2. Make sure the BSCAN_SWITCH_USER_MASK device property in Vivado Hardware Manager reflects the user scan chain setting in the design and refresh the device.  To determine the user scan chain setting in the design, open the implemented design and use 'get_property C_USER_SCAN_CHAIN [get_debug_cores dbg_hub]'.
For more details on setting the scan chain property, consult the Vivado Debug and Programming User Guide (UG908).
WARNING: [Labtools 27-3413] Dropping logic core with cellname:'u_ila_0' at location 'uuid_23E7D65A79BC59F7BC47406C1714DFAE' from probes file, since it cannot be found on the programmed device.
open_run synth_1 -name synth_1
Design is defaulting to impl run constrset: constrs_1
Design is defaulting to synth run part: xczu7ev-ffvc1156-2-e
INFO: [Device 21-403] Loading part xczu7ev-ffvc1156-2-e
INFO: [Project 1-454] Reading design checkpoint 'd:/FPGA/mqnic_prj/mqnic_prj.gen/sources_1/ip/gig_ethernet_pcs_pma_0/gig_ethernet_pcs_pma_0.dcp' for cell 'gig_ethernet_pcs_pma_0'
INFO: [Project 1-454] Reading design checkpoint 'd:/FPGA/mqnic_prj/mqnic_prj.gen/sources_1/ip/pcie4_uscale_plus_0/pcie4_uscale_plus_0.dcp' for cell 'pcie4_uscale_plus_inst'
INFO: [Project 1-454] Reading design checkpoint 'd:/FPGA/mqnic_prj/mqnic_prj.gen/sources_1/ip/ila_0/ila_0.dcp' for cell 'u_ila_0'
Netlist sorting complete. Time (s): cpu = 00:00:01 ; elapsed = 00:00:00.868 . Memory (MB): peak = 2986.820 ; gain = 0.000
INFO: [Netlist 29-17] Analyzing 1914 Unisim elements for replacement
INFO: [Netlist 29-28] Unisim Transformation completed in 1 CPU seconds
INFO: [Project 1-479] Netlist was created with Vivado 2023.2
INFO: [Project 1-570] Preparing netlist for logic optimization
INFO: [Chipscope 16-324] Core: u_ila_0 UUID: 23e7d65a-79bc-59f7-bc47-406c1714dfae 
Parsing XDC File [d:/FPGA/mqnic_prj/mqnic_prj.gen/sources_1/ip/gig_ethernet_pcs_pma_0/ip_0/synth/gig_ethernet_pcs_pma_0_gt.xdc] for cell 'gig_ethernet_pcs_pma_0/inst/pcs_pma_block_i/transceiver_inst/gig_ethernet_pcs_pma_0_gt_i/inst'
Finished Parsing XDC File [d:/FPGA/mqnic_prj/mqnic_prj.gen/sources_1/ip/gig_ethernet_pcs_pma_0/ip_0/synth/gig_ethernet_pcs_pma_0_gt.xdc] for cell 'gig_ethernet_pcs_pma_0/inst/pcs_pma_block_i/transceiver_inst/gig_ethernet_pcs_pma_0_gt_i/inst'
Parsing XDC File [d:/FPGA/mqnic_prj/mqnic_prj.gen/sources_1/ip/gig_ethernet_pcs_pma_0/gig_ethernet_pcs_pma_0_board.xdc] for cell 'gig_ethernet_pcs_pma_0/inst'
Finished Parsing XDC File [d:/FPGA/mqnic_prj/mqnic_prj.gen/sources_1/ip/gig_ethernet_pcs_pma_0/gig_ethernet_pcs_pma_0_board.xdc] for cell 'gig_ethernet_pcs_pma_0/inst'
Parsing XDC File [d:/FPGA/mqnic_prj/mqnic_prj.gen/sources_1/ip/gig_ethernet_pcs_pma_0/synth/gig_ethernet_pcs_pma_0_clocks.xdc] for cell 'gig_ethernet_pcs_pma_0/inst'
Finished Parsing XDC File [d:/FPGA/mqnic_prj/mqnic_prj.gen/sources_1/ip/gig_ethernet_pcs_pma_0/synth/gig_ethernet_pcs_pma_0_clocks.xdc] for cell 'gig_ethernet_pcs_pma_0/inst'
Parsing XDC File [d:/FPGA/mqnic_prj/mqnic_prj.gen/sources_1/ip/pcie4_uscale_plus_0/ip_0/synth/pcie4_uscale_plus_0_gt.xdc] for cell 'pcie4_uscale_plus_inst/inst/pcie4_uscale_plus_0_gt_top_i/diablo_gt.diablo_gt_phy_wrapper/gt_wizard.gtwizard_top_i/pcie4_uscale_plus_0_gt_i/inst'
Finished Parsing XDC File [d:/FPGA/mqnic_prj/mqnic_prj.gen/sources_1/ip/pcie4_uscale_plus_0/ip_0/synth/pcie4_uscale_plus_0_gt.xdc] for cell 'pcie4_uscale_plus_inst/inst/pcie4_uscale_plus_0_gt_top_i/diablo_gt.diablo_gt_phy_wrapper/gt_wizard.gtwizard_top_i/pcie4_uscale_plus_0_gt_i/inst'
Parsing XDC File [d:/FPGA/mqnic_prj/mqnic_prj.gen/sources_1/ip/pcie4_uscale_plus_0/source/ip_pcie4_uscale_plus_impl_x0y0.xdc] for cell 'pcie4_uscale_plus_inst/inst'
Finished Parsing XDC File [d:/FPGA/mqnic_prj/mqnic_prj.gen/sources_1/ip/pcie4_uscale_plus_0/source/ip_pcie4_uscale_plus_impl_x0y0.xdc] for cell 'pcie4_uscale_plus_inst/inst'
Parsing XDC File [d:/FPGA/mqnic_prj/mqnic_prj.gen/sources_1/ip/pcie4_uscale_plus_0/source/ip_pcie4_uscale_plus_x0y0.xdc] for cell 'pcie4_uscale_plus_inst/inst'
INFO: [Timing 38-35] Done setting XDC timing constraints. [d:/FPGA/mqnic_prj/mqnic_prj.gen/sources_1/ip/pcie4_uscale_plus_0/source/ip_pcie4_uscale_plus_x0y0.xdc:225]
WARNING: [Vivado_Tcl 4-939] Waiver ID 'REQP-1839' object list should not be empty (perhaps an invalid wildcard was used or only unsupported objects). [d:/FPGA/mqnic_prj/mqnic_prj.gen/sources_1/ip/pcie4_uscale_plus_0/source/ip_pcie4_uscale_plus_x0y0.xdc:232]
WARNING: [Vivado_Tcl 4-939] Waiver ID 'REQP-1840' object list should not be empty (perhaps an invalid wildcard was used or only unsupported objects). [d:/FPGA/mqnic_prj/mqnic_prj.gen/sources_1/ip/pcie4_uscale_plus_0/source/ip_pcie4_uscale_plus_x0y0.xdc:234]
WARNING: [Vivado_Tcl 4-939] Waiver ID 'REQP-1857' object list should not be empty (perhaps an invalid wildcard was used or only unsupported objects). [d:/FPGA/mqnic_prj/mqnic_prj.gen/sources_1/ip/pcie4_uscale_plus_0/source/ip_pcie4_uscale_plus_x0y0.xdc:236]
WARNING: [Vivado_Tcl 4-919] Waiver ID 'CDC-11' -from list should not be empty. [d:/FPGA/mqnic_prj/mqnic_prj.gen/sources_1/ip/pcie4_uscale_plus_0/source/ip_pcie4_uscale_plus_x0y0.xdc:247]
WARNING: [Vivado_Tcl 4-919] Waiver ID 'CDC-11' -from list should not be empty. [d:/FPGA/mqnic_prj/mqnic_prj.gen/sources_1/ip/pcie4_uscale_plus_0/source/ip_pcie4_uscale_plus_x0y0.xdc:248]
WARNING: [Vivado_Tcl 4-921] Waiver ID 'CDC-7' -to list should not be empty. [d:/FPGA/mqnic_prj/mqnic_prj.gen/sources_1/ip/pcie4_uscale_plus_0/source/ip_pcie4_uscale_plus_x0y0.xdc:252]
WARNING: [Vivado_Tcl 4-921] Waiver ID 'CDC-7' -to list should not be empty. [d:/FPGA/mqnic_prj/mqnic_prj.gen/sources_1/ip/pcie4_uscale_plus_0/source/ip_pcie4_uscale_plus_x0y0.xdc:253]
WARNING: [Vivado_Tcl 4-921] Waiver ID 'CDC-11' -to list should not be empty. [d:/FPGA/mqnic_prj/mqnic_prj.gen/sources_1/ip/pcie4_uscale_plus_0/source/ip_pcie4_uscale_plus_x0y0.xdc:255]
WARNING: [Vivado_Tcl 4-921] Waiver ID 'CDC-11' -to list should not be empty. [d:/FPGA/mqnic_prj/mqnic_prj.gen/sources_1/ip/pcie4_uscale_plus_0/source/ip_pcie4_uscale_plus_x0y0.xdc:256]
WARNING: [Vivado_Tcl 4-921] Waiver ID 'CDC-11' -to list should not be empty. [d:/FPGA/mqnic_prj/mqnic_prj.gen/sources_1/ip/pcie4_uscale_plus_0/source/ip_pcie4_uscale_plus_x0y0.xdc:257]
Finished Parsing XDC File [d:/FPGA/mqnic_prj/mqnic_prj.gen/sources_1/ip/pcie4_uscale_plus_0/source/ip_pcie4_uscale_plus_x0y0.xdc] for cell 'pcie4_uscale_plus_inst/inst'
Parsing XDC File [d:/FPGA/mqnic_prj/mqnic_prj.gen/sources_1/ip/ila_0/ila_v6_2/constraints/ila_impl.xdc] for cell 'u_ila_0/inst'
Finished Parsing XDC File [d:/FPGA/mqnic_prj/mqnic_prj.gen/sources_1/ip/ila_0/ila_v6_2/constraints/ila_impl.xdc] for cell 'u_ila_0/inst'
Parsing XDC File [d:/FPGA/mqnic_prj/mqnic_prj.gen/sources_1/ip/ila_0/ila_v6_2/constraints/ila.xdc] for cell 'u_ila_0/inst'
Finished Parsing XDC File [d:/FPGA/mqnic_prj/mqnic_prj.gen/sources_1/ip/ila_0/ila_v6_2/constraints/ila.xdc] for cell 'u_ila_0/inst'
Parsing XDC File [D:/FPGA/mqnic_prj/mqnic_prj.srcs/constrs_1/imports/fpga/mqnic/ZCU106/fpga_pcie/fpga.xdc]
INFO: [Constraints 18-632] set_output_delay: No clock object specified, the clocks will be automatically identified [D:/FPGA/mqnic_prj/mqnic_prj.srcs/constrs_1/imports/fpga/mqnic/ZCU106/fpga_pcie/fpga.xdc:29]
INFO: [Constraints 18-632] set_input_delay: No clock object specified, the clocks will be automatically identified [D:/FPGA/mqnic_prj/mqnic_prj.srcs/constrs_1/imports/fpga/mqnic/ZCU106/fpga_pcie/fpga.xdc:45]
INFO: [Constraints 18-632] set_input_delay: No clock object specified, the clocks will be automatically identified [D:/FPGA/mqnic_prj/mqnic_prj.srcs/constrs_1/imports/fpga/mqnic/ZCU106/fpga_pcie/fpga.xdc:58]
INFO: [Constraints 18-632] set_output_delay: No clock object specified, the clocks will be automatically identified [D:/FPGA/mqnic_prj/mqnic_prj.srcs/constrs_1/imports/fpga/mqnic/ZCU106/fpga_pcie/fpga.xdc:78]
INFO: [Constraints 18-632] set_input_delay: No clock object specified, the clocks will be automatically identified [D:/FPGA/mqnic_prj/mqnic_prj.srcs/constrs_1/imports/fpga/mqnic/ZCU106/fpga_pcie/fpga.xdc:80]
INFO: [Constraints 18-632] set_output_delay: No clock object specified, the clocks will be automatically identified [D:/FPGA/mqnic_prj/mqnic_prj.srcs/constrs_1/imports/fpga/mqnic/ZCU106/fpga_pcie/fpga.xdc:104]
INFO: [Constraints 18-632] set_input_delay: No clock object specified, the clocks will be automatically identified [D:/FPGA/mqnic_prj/mqnic_prj.srcs/constrs_1/imports/fpga/mqnic/ZCU106/fpga_pcie/fpga.xdc:131]
Finished Parsing XDC File [D:/FPGA/mqnic_prj/mqnic_prj.srcs/constrs_1/imports/fpga/mqnic/ZCU106/fpga_pcie/fpga.xdc]
Sourcing Tcl File [D:/FPGA/mqnic_prj/mqnic_prj.srcs/constrs_1/imports/fpga/mqnic/ZCU106/fpga_pcie/lib/axis/syn/vivado/axis_async_fifo.tcl]
Inserting timing constraints for axis_async_fifo instance core_inst/core_inst/core_pcie_inst/core_inst/iface[0].interface_inst/port[0].port_inst/port_rx_inst/rx_async_fifo_inst/fifo_inst
INFO: [Timing 38-2] Deriving generated clocks [D:/FPGA/mqnic_prj/mqnic_prj.srcs/constrs_1/imports/fpga/mqnic/ZCU106/fpga_pcie/lib/axis/syn/vivado/axis_async_fifo.tcl:23]
Inserting timing constraints for axis_async_fifo instance core_inst/core_inst/core_pcie_inst/core_inst/iface[0].interface_inst/port[0].port_inst/port_tx_inst/tx_cpl_fifo_inst
Inserting timing constraints for axis_async_fifo instance core_inst/core_inst/core_pcie_inst/core_inst/iface[0].interface_inst/port[0].port_inst/port_tx_inst/tx_async_fifo_inst/fifo_inst
Inserting timing constraints for axis_async_fifo instance core_inst/eth_mac_inst/rx_fifo/fifo_inst
Inserting timing constraints for axis_async_fifo instance core_inst/eth_mac_inst/tx_fifo/fifo_inst
Finished Sourcing Tcl File [D:/FPGA/mqnic_prj/mqnic_prj.srcs/constrs_1/imports/fpga/mqnic/ZCU106/fpga_pcie/lib/axis/syn/vivado/axis_async_fifo.tcl]
Sourcing Tcl File [D:/FPGA/mqnic_prj/mqnic_prj.srcs/constrs_1/imports/fpga/mqnic/ZCU106/fpga_pcie/lib/axis/syn/vivado/sync_reset.tcl]
Inserting timing constraints for sync_reset instance sync_reset_125mhz_inst
Inserting timing constraints for sync_reset instance sync_reset_50mhz_inst
Inserting timing constraints for sync_reset instance sync_reset_phy_inst
Finished Sourcing Tcl File [D:/FPGA/mqnic_prj/mqnic_prj.srcs/constrs_1/imports/fpga/mqnic/ZCU106/fpga_pcie/lib/axis/syn/vivado/sync_reset.tcl]
Sourcing Tcl File [D:/FPGA/mqnic_prj/mqnic_prj.srcs/constrs_1/imports/fpga/mqnic/ZCU106/fpga_pcie/lib/eth/syn/vivado/ptp_td_leaf.tcl]
Inserting timing constraints for ptp_td_leaf instance core_inst/core_inst/core_pcie_inst/core_inst/mqnic_ptp_inst/ptp_clock_inst/ptp_td_leaf_inst
Finished Sourcing Tcl File [D:/FPGA/mqnic_prj/mqnic_prj.srcs/constrs_1/imports/fpga/mqnic/ZCU106/fpga_pcie/lib/eth/syn/vivado/ptp_td_leaf.tcl]
Sourcing Tcl File [D:/FPGA/mqnic_prj/mqnic_prj.srcs/constrs_1/imports/fpga/common/syn/vivado/mqnic_port.tcl]
Inserting timing constraints for mqnic_port instance core_inst/core_inst/core_pcie_inst/core_inst/iface[0].interface_inst/port[0].port_inst
WARNING: [Vivado 12-180] No cells matched 'tx_enable_sync_1_reg_reg'. [D:/FPGA/mqnic_prj/mqnic_prj.srcs/constrs_1/imports/fpga/common/syn/vivado/mqnic_port.tcl:6]
WARNING: [Vivado 12-180] No cells matched 'tx_enable_sync_2_reg_reg'. [D:/FPGA/mqnic_prj/mqnic_prj.srcs/constrs_1/imports/fpga/common/syn/vivado/mqnic_port.tcl:6]
WARNING: [Vivado 12-180] No cells matched 'tx_lfc_en_sync_1_reg_reg'. [D:/FPGA/mqnic_prj/mqnic_prj.srcs/constrs_1/imports/fpga/common/syn/vivado/mqnic_port.tcl:6]
WARNING: [Vivado 12-180] No cells matched 'tx_lfc_en_sync_2_reg_reg'. [D:/FPGA/mqnic_prj/mqnic_prj.srcs/constrs_1/imports/fpga/common/syn/vivado/mqnic_port.tcl:6]
WARNING: [Vivado 12-180] No cells matched 'tx_lfc_req_sync_1_reg_reg'. [D:/FPGA/mqnic_prj/mqnic_prj.srcs/constrs_1/imports/fpga/common/syn/vivado/mqnic_port.tcl:6]
WARNING: [Vivado 12-180] No cells matched 'tx_lfc_req_sync_2_reg_reg'. [D:/FPGA/mqnic_prj/mqnic_prj.srcs/constrs_1/imports/fpga/common/syn/vivado/mqnic_port.tcl:6]
WARNING: [Vivado 12-180] No cells matched 'tx_pfc_en_sync_1_reg_reg[*]'. [D:/FPGA/mqnic_prj/mqnic_prj.srcs/constrs_1/imports/fpga/common/syn/vivado/mqnic_port.tcl:6]
WARNING: [Vivado 12-180] No cells matched 'tx_pfc_en_sync_2_reg_reg[*]'. [D:/FPGA/mqnic_prj/mqnic_prj.srcs/constrs_1/imports/fpga/common/syn/vivado/mqnic_port.tcl:6]
WARNING: [Vivado 12-180] No cells matched 'tx_pfc_req_sync_1_reg_reg[*]'. [D:/FPGA/mqnic_prj/mqnic_prj.srcs/constrs_1/imports/fpga/common/syn/vivado/mqnic_port.tcl:6]
WARNING: [Vivado 12-180] No cells matched 'tx_pfc_req_sync_2_reg_reg[*]'. [D:/FPGA/mqnic_prj/mqnic_prj.srcs/constrs_1/imports/fpga/common/syn/vivado/mqnic_port.tcl:6]
WARNING: [Vivado 12-180] No cells matched 'tx_fc_quanta_step_sync_1_reg_reg[*]'. [D:/FPGA/mqnic_prj/mqnic_prj.srcs/constrs_1/imports/fpga/common/syn/vivado/mqnic_port.tcl:6]
WARNING: [Vivado 12-180] No cells matched 'tx_fc_quanta_step_sync_2_reg_reg[*]'. [D:/FPGA/mqnic_prj/mqnic_prj.srcs/constrs_1/imports/fpga/common/syn/vivado/mqnic_port.tcl:6]
WARNING: [Vivado 12-180] No cells matched 'rx_enable_sync_1_reg_reg'. [D:/FPGA/mqnic_prj/mqnic_prj.srcs/constrs_1/imports/fpga/common/syn/vivado/mqnic_port.tcl:6]
WARNING: [Vivado 12-180] No cells matched 'rx_enable_sync_2_reg_reg'. [D:/FPGA/mqnic_prj/mqnic_prj.srcs/constrs_1/imports/fpga/common/syn/vivado/mqnic_port.tcl:6]
WARNING: [Vivado 12-180] No cells matched 'rx_lfc_en_sync_1_reg_reg'. [D:/FPGA/mqnic_prj/mqnic_prj.srcs/constrs_1/imports/fpga/common/syn/vivado/mqnic_port.tcl:6]
WARNING: [Vivado 12-180] No cells matched 'rx_lfc_en_sync_2_reg_reg'. [D:/FPGA/mqnic_prj/mqnic_prj.srcs/constrs_1/imports/fpga/common/syn/vivado/mqnic_port.tcl:6]
WARNING: [Vivado 12-180] No cells matched 'rx_lfc_ack_sync_1_reg_reg'. [D:/FPGA/mqnic_prj/mqnic_prj.srcs/constrs_1/imports/fpga/common/syn/vivado/mqnic_port.tcl:6]
WARNING: [Vivado 12-180] No cells matched 'rx_lfc_ack_sync_2_reg_reg'. [D:/FPGA/mqnic_prj/mqnic_prj.srcs/constrs_1/imports/fpga/common/syn/vivado/mqnic_port.tcl:6]
WARNING: [Vivado 12-180] No cells matched 'rx_pfc_en_sync_1_reg_reg[*]'. [D:/FPGA/mqnic_prj/mqnic_prj.srcs/constrs_1/imports/fpga/common/syn/vivado/mqnic_port.tcl:6]
WARNING: [Vivado 12-180] No cells matched 'rx_pfc_en_sync_2_reg_reg[*]'. [D:/FPGA/mqnic_prj/mqnic_prj.srcs/constrs_1/imports/fpga/common/syn/vivado/mqnic_port.tcl:6]
WARNING: [Vivado 12-180] No cells matched 'rx_pfc_ack_sync_1_reg_reg[*]'. [D:/FPGA/mqnic_prj/mqnic_prj.srcs/constrs_1/imports/fpga/common/syn/vivado/mqnic_port.tcl:6]
WARNING: [Vivado 12-180] No cells matched 'rx_pfc_ack_sync_2_reg_reg[*]'. [D:/FPGA/mqnic_prj/mqnic_prj.srcs/constrs_1/imports/fpga/common/syn/vivado/mqnic_port.tcl:6]
WARNING: [Vivado 12-180] No cells matched 'rx_lfc_req_sync_2_reg_reg'. [D:/FPGA/mqnic_prj/mqnic_prj.srcs/constrs_1/imports/fpga/common/syn/vivado/mqnic_port.tcl:6]
WARNING: [Vivado 12-180] No cells matched 'rx_lfc_req_sync_3_reg_reg'. [D:/FPGA/mqnic_prj/mqnic_prj.srcs/constrs_1/imports/fpga/common/syn/vivado/mqnic_port.tcl:6]
WARNING: [Vivado 12-180] No cells matched 'rx_pfc_req_sync_2_reg_reg[*]'. [D:/FPGA/mqnic_prj/mqnic_prj.srcs/constrs_1/imports/fpga/common/syn/vivado/mqnic_port.tcl:6]
WARNING: [Vivado 12-180] No cells matched 'rx_pfc_req_sync_3_reg_reg[*]'. [D:/FPGA/mqnic_prj/mqnic_prj.srcs/constrs_1/imports/fpga/common/syn/vivado/mqnic_port.tcl:6]
WARNING: [Vivado 12-180] No cells matched 'rx_fc_quanta_step_sync_1_reg_reg[*]'. [D:/FPGA/mqnic_prj/mqnic_prj.srcs/constrs_1/imports/fpga/common/syn/vivado/mqnic_port.tcl:6]
WARNING: [Vivado 12-180] No cells matched 'rx_fc_quanta_step_sync_2_reg_reg[*]'. [D:/FPGA/mqnic_prj/mqnic_prj.srcs/constrs_1/imports/fpga/common/syn/vivado/mqnic_port.tcl:6]
Finished Sourcing Tcl File [D:/FPGA/mqnic_prj/mqnic_prj.srcs/constrs_1/imports/fpga/common/syn/vivado/mqnic_port.tcl]
Sourcing Tcl File [D:/FPGA/mqnic_prj/mqnic_prj.srcs/constrs_1/imports/fpga/common/syn/vivado/mqnic_ptp_clock.tcl]
Inserting timing constraints for mqnic_ptp_clock instance core_inst/core_inst/core_pcie_inst/core_inst/mqnic_ptp_inst/ptp_clock_inst
Finished Sourcing Tcl File [D:/FPGA/mqnic_prj/mqnic_prj.srcs/constrs_1/imports/fpga/common/syn/vivado/mqnic_ptp_clock.tcl]
Sourcing Tcl File [D:/FPGA/mqnic_prj/mqnic_prj.srcs/constrs_1/imports/fpga/common/syn/vivado/mqnic_rb_clk_info.tcl]
Inserting timing constraints for mqnic_rb_clk_info instance core_inst/core_inst/core_pcie_inst/core_inst/mqnic_rb_clk_info_inst
Finished Sourcing Tcl File [D:/FPGA/mqnic_prj/mqnic_prj.srcs/constrs_1/imports/fpga/common/syn/vivado/mqnic_rb_clk_info.tcl]
Sourcing Tcl File [D:/FPGA/mqnic_prj/mqnic_prj.srcs/constrs_1/imports/fpga/common/syn/vivado/rb_drp.tcl]
WARNING: [Vivado 12-180] No cells matched 'get_cells -hier -filter {(ORIG_REF_NAME == rb_drp || REF_NAME == rb_drp)}'. [D:/FPGA/mqnic_prj/mqnic_prj.srcs/constrs_1/imports/fpga/common/syn/vivado/rb_drp.tcl:6]
Finished Sourcing Tcl File [D:/FPGA/mqnic_prj/mqnic_prj.srcs/constrs_1/imports/fpga/common/syn/vivado/rb_drp.tcl]
Sourcing Tcl File [D:/FPGA/mqnic_prj/mqnic_prj.srcs/constrs_1/imports/fpga/common/syn/vivado/eth_xcvr_phy_10g_gty_wrapper.tcl]
WARNING: [Vivado 12-180] No cells matched 'get_cells -hier -filter {(ORIG_REF_NAME == eth_xcvr_phy_10g_gty_wrapper || REF_NAME == eth_xcvr_phy_10g_gty_wrapper)}'. [D:/FPGA/mqnic_prj/mqnic_prj.srcs/constrs_1/imports/fpga/common/syn/vivado/eth_xcvr_phy_10g_gty_wrapper.tcl:6]
Finished Sourcing Tcl File [D:/FPGA/mqnic_prj/mqnic_prj.srcs/constrs_1/imports/fpga/common/syn/vivado/eth_xcvr_phy_10g_gty_wrapper.tcl]
Sourcing Tcl File [D:/FPGA/mqnic_prj/mqnic_prj.srcs/constrs_1/imports/fpga/common/syn/vivado/tdma_ber_ch.tcl]
WARNING: [Vivado 12-180] No cells matched 'get_cells -hier -filter {(ORIG_REF_NAME == tdma_ber_ch || REF_NAME == tdma_ber_ch)}'. [D:/FPGA/mqnic_prj/mqnic_prj.srcs/constrs_1/imports/fpga/common/syn/vivado/tdma_ber_ch.tcl:6]
Finished Sourcing Tcl File [D:/FPGA/mqnic_prj/mqnic_prj.srcs/constrs_1/imports/fpga/common/syn/vivado/tdma_ber_ch.tcl]
Parsing XDC File [d:/FPGA/mqnic_prj/mqnic_prj.gen/sources_1/ip/gig_ethernet_pcs_pma_0/synth/gig_ethernet_pcs_pma_0.xdc] for cell 'gig_ethernet_pcs_pma_0/inst'
Finished Parsing XDC File [d:/FPGA/mqnic_prj/mqnic_prj.gen/sources_1/ip/gig_ethernet_pcs_pma_0/synth/gig_ethernet_pcs_pma_0.xdc] for cell 'gig_ethernet_pcs_pma_0/inst'
Parsing XDC File [d:/FPGA/mqnic_prj/mqnic_prj.gen/sources_1/ip/pcie4_uscale_plus_0/pcie4_uscale_plus_0_board.xdc] for cell 'pcie4_uscale_plus_inst/inst'
Finished Parsing XDC File [d:/FPGA/mqnic_prj/mqnic_prj.gen/sources_1/ip/pcie4_uscale_plus_0/pcie4_uscale_plus_0_board.xdc] for cell 'pcie4_uscale_plus_inst/inst'
Parsing XDC File [d:/FPGA/mqnic_prj/mqnic_prj.gen/sources_1/ip/pcie4_uscale_plus_0/synth/pcie4_uscale_plus_0_late.xdc] for cell 'pcie4_uscale_plus_inst/inst'
INFO: [Vivado 12-626] No clocks found. Please use 'create_clock' or 'create_generated_clock' command to create clocks. [d:/FPGA/mqnic_prj/mqnic_prj.gen/sources_1/ip/pcie4_uscale_plus_0/synth/pcie4_uscale_plus_0_late.xdc:73]
WARNING: [Vivado_Tcl 4-939] Waiver ID 'TIMING-54' object list should not be empty (perhaps an invalid wildcard was used or only unsupported objects). [d:/FPGA/mqnic_prj/mqnic_prj.gen/sources_1/ip/pcie4_uscale_plus_0/synth/pcie4_uscale_plus_0_late.xdc:73]
Finished Parsing XDC File [d:/FPGA/mqnic_prj/mqnic_prj.gen/sources_1/ip/pcie4_uscale_plus_0/synth/pcie4_uscale_plus_0_late.xdc] for cell 'pcie4_uscale_plus_inst/inst'
INFO: [Project 1-1714] 5 XPM XDC files have been applied to the design.
INFO: [Opt 31-138] Pushed 0 inverter(s) to 0 load pin(s).
INFO: [Project 1-1687] 69 scoped IP constraints or related sub-commands were skipped due to synthesis logic optimizations usually triggered by constant connectivity or unconnected output pins. To review the skipped constraints and messages, run the command 'set_param netlist.IPMsgFiltering false' before opening the design.
Netlist sorting complete. Time (s): cpu = 00:00:00 ; elapsed = 00:00:00.014 . Memory (MB): peak = 5254.176 ; gain = 0.000
INFO: [Project 1-111] Unisim Transformation Summary:
  A total of 901 instances were transformed.
  CFGLUT5 => CFGLUT5 (SRL16E, SRLC32E): 88 instances
  IBUF => IBUF (IBUFCTRL, INBUF): 1 instance 
  IBUFGDS => IBUFDS (DIFFINBUF, IBUFCTRL): 1 instance 
  IOBUF => IOBUF (IBUFCTRL, INBUF, OBUFT): 2 instances
  OBUFTDS => OBUFTDS_DUAL_BUF (INV, OBUFT(x2)): 1 instance 
  RAM128X1D => RAM128X1D (MUXF7(x2), RAMD64E(x4)): 6 instances
  RAM256X1D => RAM256X1D (MUXF7(x4), MUXF8(x2), RAMD64E(x8)): 15 instances
  RAM256X1S => RAM256X1S (MUXF7(x2), MUXF8, RAMS64E(x4)): 4 instances
  RAM32M => RAM32M (RAMD32(x6), RAMS32(x2)): 21 instances
  RAM32M16 => RAM32M16 (RAMD32(x14), RAMS32(x2)): 209 instances
  RAM32X1D => RAM32X1D (RAMD32(x2)): 87 instances
  RAM32X1S => RAM32X1S (RAMS32): 48 instances
  RAM64M => RAM64M (RAMD64E(x4)): 33 instances
  RAM64M8 => RAM64M8 (RAMD64E(x8)): 358 instances
  RAM64X1D => RAM64X1D (RAMD64E(x2)): 8 instances
  RAM64X1S => RAM64X1S (RAMS64E): 19 instances

open_run: Time (s): cpu = 00:01:05 ; elapsed = 00:00:52 . Memory (MB): peak = 5510.684 ; gain = 3714.102
reset_run synth_1
launch_runs impl_1 -to_step write_bitstream -jobs 16
WARNING: [Project 1-478] Design 'synth_1' is stale and will not be used when launching 'impl_1'
[Thu Sep 10 17:07:20 2026] Launched synth_1...
Run output will be captured here: D:/FPGA/mqnic_prj/mqnic_prj.runs/synth_1/runme.log
[Thu Sep 10 17:07:20 2026] Launched impl_1...
Run output will be captured here: D:/FPGA/mqnic_prj/mqnic_prj.runs/impl_1/runme.log
set_property PROBES.FILE {D:/FPGA/mqnic_prj/mqnic_prj.runs/impl_1/fpga.ltx} [get_hw_devices xczu7_1]
set_property FULL_PROBES.FILE {D:/FPGA/mqnic_prj/mqnic_prj.runs/impl_1/fpga.ltx} [get_hw_devices xczu7_1]
set_property PROGRAM.FILE {D:/FPGA/mqnic_prj/mqnic_prj.runs/impl_1/fpga.bit} [get_hw_devices xczu7_1]
program_hw_devices [get_hw_devices xczu7_1]
INFO: [Labtools 27-3164] End of startup status: HIGH
program_hw_devices: Time (s): cpu = 00:00:05 ; elapsed = 00:00:05 . Memory (MB): peak = 5639.395 ; gain = 0.000
refresh_hw_device [lindex [get_hw_devices xczu7_1] 0]
WARNING: [Xicom 50-38] xicom: No CseXsdb register file specified for CseXsdb slave type: 0, cse driver version: 0. Slave initialization skipped.
INFO: [Labtools 27-1434] Device xczu7 (JTAG device index = 1) is programmed with a design that has no supported debug core(s) in it.
WARNING: [Labtools 27-3361] The debug hub core was not detected.
Resolution: 
1. Make sure the clock connected to the debug hub (dbg_hub) core is a free running clock and is active.
2. Make sure the BSCAN_SWITCH_USER_MASK device property in Vivado Hardware Manager reflects the user scan chain setting in the design and refresh the device.  To determine the user scan chain setting in the design, open the implemented design and use 'get_property C_USER_SCAN_CHAIN [get_debug_cores dbg_hub]'.
For more details on setting the scan chain property, consult the Vivado Debug and Programming User Guide (UG908).
WARNING: [Labtools 27-3413] Dropping logic core with cellname:'u_ila_0' at location 'uuid_23E7D65A79BC59F7BC47406C1714DFAE' from probes file, since it cannot be found on the programmed device.
reset_run synth_1
launch_runs impl_1 -to_step write_bitstream -jobs 16
WARNING: [Project 1-478] Design 'synth_1' is stale and will not be used when launching 'impl_1'
[Thu Sep 10 17:37:18 2026] Launched synth_1...
Run output will be captured here: D:/FPGA/mqnic_prj/mqnic_prj.runs/synth_1/runme.log
[Thu Sep 10 17:37:18 2026] Launched impl_1...
Run output will be captured here: D:/FPGA/mqnic_prj/mqnic_prj.runs/impl_1/runme.log
set_property PROBES.FILE {D:/FPGA/mqnic_prj/mqnic_prj.runs/impl_1/fpga.ltx} [get_hw_devices xczu7_1]
set_property FULL_PROBES.FILE {D:/FPGA/mqnic_prj/mqnic_prj.runs/impl_1/fpga.ltx} [get_hw_devices xczu7_1]
set_property PROGRAM.FILE {D:/FPGA/mqnic_prj/mqnic_prj.runs/impl_1/fpga.bit} [get_hw_devices xczu7_1]
program_hw_devices [get_hw_devices xczu7_1]
INFO: [Labtools 27-3164] End of startup status: HIGH
program_hw_devices: Time (s): cpu = 00:00:06 ; elapsed = 00:00:05 . Memory (MB): peak = 5639.680 ; gain = 0.000
refresh_hw_device [lindex [get_hw_devices xczu7_1] 0]
WARNING: [Xicom 50-38] xicom: No CseXsdb register file specified for CseXsdb slave type: 0, cse driver version: 0. Slave initialization skipped.
INFO: [Labtools 27-1434] Device xczu7 (JTAG device index = 1) is programmed with a design that has no supported debug core(s) in it.
WARNING: [Labtools 27-3361] The debug hub core was not detected.
Resolution: 
1. Make sure the clock connected to the debug hub (dbg_hub) core is a free running clock and is active.
2. Make sure the BSCAN_SWITCH_USER_MASK device property in Vivado Hardware Manager reflects the user scan chain setting in the design and refresh the device.  To determine the user scan chain setting in the design, open the implemented design and use 'get_property C_USER_SCAN_CHAIN [get_debug_cores dbg_hub]'.
For more details on setting the scan chain property, consult the Vivado Debug and Programming User Guide (UG908).
WARNING: [Labtools 27-3413] Dropping logic core with cellname:'u_ila_0' at location 'uuid_23E7D65A79BC59F7BC47406C1714DFAE' from probes file, since it cannot be found on the programmed device.
close_design
reset_run synth_1
launch_runs synth_1 -jobs 8
[Thu Sep 10 19:22:09 2026] Launched synth_1...
Run output will be captured here: D:/FPGA/mqnic_prj/mqnic_prj.runs/synth_1/runme.log
wait_on_run synth_1
[Thu Sep 10 19:22:15 2026] Waiting for synth_1 to finish...
[Thu Sep 10 19:22:20 2026] Waiting for synth_1 to finish...
[Thu Sep 10 19:22:25 2026] Waiting for synth_1 to finish...
[Thu Sep 10 19:22:30 2026] Waiting for synth_1 to finish...
[Thu Sep 10 19:22:40 2026] Waiting for synth_1 to finish...
[Thu Sep 10 19:22:50 2026] Waiting for synth_1 to finish...
[Thu Sep 10 19:23:00 2026] Waiting for synth_1 to finish...
[Thu Sep 10 19:23:10 2026] Waiting for synth_1 to finish...
[Thu Sep 10 19:23:30 2026] Waiting for synth_1 to finish...
[Thu Sep 10 19:23:50 2026] Waiting for synth_1 to finish...
[Thu Sep 10 19:24:10 2026] Waiting for synth_1 to finish...
[Thu Sep 10 19:24:30 2026] Waiting for synth_1 to finish...
[Thu Sep 10 19:25:10 2026] Waiting for synth_1 to finish...

*** Running vivado
    with args -log fpga.vds -m64 -product Vivado -mode batch -messageDb vivado.pb -notrace -source fpga.tcl



****** Vivado v2023.2 (64-bit)
  **** SW Build 4029153 on Fri Oct 13 20:14:34 MDT 2023
  **** IP Build 4028589 on Sat Oct 14 00:45:43 MDT 2023
  **** SharedData Build 4025554 on Tue Oct 10 17:18:54 MDT 2023
    ** Copyright 1986-2022 Xilinx, Inc. All Rights Reserved.
    ** Copyright 2022-2023 Advanced Micro Devices, Inc. All Rights Reserved.

source fpga.tcl -notrace
Command: synth_design -top fpga -part xczu7ev-ffvc1156-2-e
Starting synth_design
Attempting to get a license for feature 'Synthesis' and/or device 'xczu7ev'
INFO: [Common 17-349] Got license for feature 'Synthesis' and/or device 'xczu7ev'
INFO: [Device 21-403] Loading part xczu7ev-ffvc1156-2-e
INFO: [Synth 8-7079] Multithreading enabled for synth_design using a maximum of 2 processes.
INFO: [Synth 8-7078] Launching helper process for spawning children vivado processes
INFO: [Synth 8-7075] Helper process launched with PID 19048
---------------------------------------------------------------------------------
Starting RTL Elaboration : Time (s): cpu = 00:00:03 ; elapsed = 00:00:03 . Memory (MB): peak = 2139.309 ; gain = 384.527
---------------------------------------------------------------------------------
WARNING: [Synth 8-11065] parameter 'CL_S_COUNT' becomes localparam in 'axil_crossbar_addr' with formal parameter declaration list [D:/FPGA/mqnic_prj/mqnic_prj.srcs/sources_1/imports/fpga_pcie/lib/axi/rtl/axil_crossbar_addr.v:98]
WARNING: [Synth 8-11065] parameter 'CL_M_COUNT' becomes localparam in 'axil_crossbar_addr' with formal parameter declaration list [D:/FPGA/mqnic_prj/mqnic_prj.srcs/sources_1/imports/fpga_pcie/lib/axi/rtl/axil_crossbar_addr.v:99]
WARNING: [Synth 8-11065] parameter 'M_BASE_ADDR_INT' becomes localparam in 'axil_crossbar_addr' with formal parameter declaration list [D:/FPGA/mqnic_prj/mqnic_prj.srcs/sources_1/imports/fpga_pcie/lib/axi/rtl/axil_crossbar_addr.v:126]
WARNING: [Synth 8-11065] parameter 'CL_S_COUNT' becomes localparam in 'axil_crossbar_rd' with formal parameter declaration list [D:/FPGA/mqnic_prj/mqnic_prj.srcs/sources_1/imports/fpga_pcie/lib/axi/rtl/axil_crossbar_rd.v:109]
WARNING: [Synth 8-11065] parameter 'CL_M_COUNT' becomes localparam in 'axil_crossbar_rd' with formal parameter declaration list [D:/FPGA/mqnic_prj/mqnic_prj.srcs/sources_1/imports/fpga_pcie/lib/axi/rtl/axil_crossbar_rd.v:110]
WARNING: [Synth 8-11065] parameter 'M_COUNT_P1' becomes localparam in 'axil_crossbar_rd' with formal parameter declaration list [D:/FPGA/mqnic_prj/mqnic_prj.srcs/sources_1/imports/fpga_pcie/lib/axi/rtl/axil_crossbar_rd.v:111]
WARNING: [Synth 8-11065] parameter 'CL_M_COUNT_P1' becomes localparam in 'axil_crossbar_rd' with formal parameter declaration list [D:/FPGA/mqnic_prj/mqnic_prj.srcs/sources_1/imports/fpga_pcie/lib/axi/rtl/axil_crossbar_rd.v:112]
WARNING: [Synth 8-11065] parameter 'CL_S_COUNT' becomes localparam in 'axil_crossbar_wr' with formal parameter declaration list [D:/FPGA/mqnic_prj/mqnic_prj.srcs/sources_1/imports/fpga_pcie/lib/axi/rtl/axil_crossbar_wr.v:121]
WARNING: [Synth 8-11065] parameter 'CL_M_COUNT' becomes localparam in 'axil_crossbar_wr' with formal parameter declaration list [D:/FPGA/mqnic_prj/mqnic_prj.srcs/sources_1/imports/fpga_pcie/lib/axi/rtl/axil_crossbar_wr.v:122]
WARNING: [Synth 8-11065] parameter 'M_COUNT_P1' becomes localparam in 'axil_crossbar_wr' with formal parameter declaration list [D:/FPGA/mqnic_prj/mqnic_prj.srcs/sources_1/imports/fpga_pcie/lib/axi/rtl/axil_crossbar_wr.v:123]
WARNING: [Synth 8-11065] parameter 'CL_M_COUNT_P1' becomes localparam in 'axil_crossbar_wr' with formal parameter declaration list [D:/FPGA/mqnic_prj/mqnic_prj.srcs/sources_1/imports/fpga_pcie/lib/axi/rtl/axil_crossbar_wr.v:124]
WARNING: [Synth 8-11065] parameter 'TIMEOUT_WIDTH' becomes localparam in 'axil_reg_if_rd' with formal parameter declaration list [D:/FPGA/mqnic_prj/mqnic_prj.srcs/sources_1/imports/fpga_pcie/lib/axi/rtl/axil_reg_if_rd.v:71]
WARNING: [Synth 8-11065] parameter 'TIMEOUT_WIDTH' becomes localparam in 'axil_reg_if_wr' with formal parameter declaration list [D:/FPGA/mqnic_prj/mqnic_prj.srcs/sources_1/imports/fpga_pcie/lib/axi/rtl/axil_reg_if_wr.v:75]
WARNING: [Synth 8-11065] parameter 'CL_S_COUNT' becomes localparam in 'axis_arb_mux' with formal parameter declaration list [D:/FPGA/mqnic_prj/mqnic_prj.srcs/sources_1/imports/fpga_pcie/lib/axis/rtl/axis_arb_mux.v:96]
WARNING: [Synth 8-11065] parameter 'S_ID_WIDTH_INT' becomes localparam in 'axis_arb_mux' with formal parameter declaration list [D:/FPGA/mqnic_prj/mqnic_prj.srcs/sources_1/imports/fpga_pcie/lib/axis/rtl/axis_arb_mux.v:98]
WARNING: [Synth 8-11065] parameter 'ADDR_WIDTH' becomes localparam in 'axis_async_fifo' with formal parameter declaration list [D:/FPGA/mqnic_prj/mqnic_prj.srcs/sources_1/imports/fpga_pcie/lib/axis/rtl/axis_async_fifo.v:145]
WARNING: [Synth 8-11065] parameter 'OUTPUT_FIFO_ADDR_WIDTH' becomes localparam in 'axis_async_fifo' with formal parameter declaration list [D:/FPGA/mqnic_prj/mqnic_prj.srcs/sources_1/imports/fpga_pcie/lib/axis/rtl/axis_async_fifo.v:147]
WARNING: [Synth 8-11065] parameter 'CL_M_COUNT' becomes localparam in 'axis_demux' with formal parameter declaration list [D:/FPGA/mqnic_prj/mqnic_prj.srcs/sources_1/imports/fpga_pcie/lib/axis/rtl/axis_demux.v:97]
WARNING: [Synth 8-11065] parameter 'M_DEST_WIDTH_INT' becomes localparam in 'axis_demux' with formal parameter declaration list [D:/FPGA/mqnic_prj/mqnic_prj.srcs/sources_1/imports/fpga_pcie/lib/axis/rtl/axis_demux.v:99]
WARNING: [Synth 8-11065] parameter 'ADDR_WIDTH' becomes localparam in 'axis_fifo' with formal parameter declaration list [D:/FPGA/mqnic_prj/mqnic_prj.srcs/sources_1/imports/fpga_pcie/lib/axis/rtl/axis_fifo.v:137]
WARNING: [Synth 8-11065] parameter 'OUTPUT_FIFO_ADDR_WIDTH' becomes localparam in 'axis_fifo' with formal parameter declaration list [D:/FPGA/mqnic_prj/mqnic_prj.srcs/sources_1/imports/fpga_pcie/lib/axis/rtl/axis_fifo.v:139]
WARNING: [Synth 8-11065] parameter 'MIN_LEN_WIDTH' becomes localparam in 'axis_gmii_tx' with formal parameter declaration list [D:/FPGA/mqnic_prj/rtl/gmii_mac/axis_gmii_tx.v:93]
WARNING: [Synth 8-11065] parameter 'FIFO_ADDR_WIDTH' becomes localparam in 'axis_pipeline_fifo' with formal parameter declaration list [D:/FPGA/mqnic_prj/mqnic_prj.srcs/sources_1/imports/fpga_pcie/lib/axis/rtl/axis_pipeline_fifo.v:88]
WARNING: [Synth 8-11065] parameter 'CL_PORTS' becomes localparam in 'cpl_op_mux' with formal parameter declaration list [D:/FPGA/mqnic_prj/mqnic_prj.srcs/sources_1/imports/fpga_pcie/rtl/common/cpl_op_mux.v:76]
WARNING: [Synth 8-11065] parameter 'QUEUE_COUNT' becomes localparam in 'cpl_queue_manager' with formal parameter declaration list [D:/FPGA/mqnic_prj/mqnic_prj.srcs/sources_1/imports/fpga_pcie/rtl/common/cpl_queue_manager.v:115]
WARNING: [Synth 8-11065] parameter 'CL_OP_TABLE_SIZE' becomes localparam in 'cpl_queue_manager' with formal parameter declaration list [D:/FPGA/mqnic_prj/mqnic_prj.srcs/sources_1/imports/fpga_pcie/rtl/common/cpl_queue_manager.v:117]
WARNING: [Synth 8-11065] parameter 'CL_CPL_SIZE' becomes localparam in 'cpl_queue_manager' with formal parameter declaration list [D:/FPGA/mqnic_prj/mqnic_prj.srcs/sources_1/imports/fpga_pcie/rtl/common/cpl_queue_manager.v:119]
WARNING: [Synth 8-11065] parameter 'QUEUE_RAM_BE_WIDTH' becomes localparam in 'cpl_queue_manager' with formal parameter declaration list [D:/FPGA/mqnic_prj/mqnic_prj.srcs/sources_1/imports/fpga_pcie/rtl/common/cpl_queue_manager.v:121]
WARNING: [Synth 8-11065] parameter 'QUEUE_RAM_WIDTH' becomes localparam in 'cpl_queue_manager' with formal parameter declaration list [D:/FPGA/mqnic_prj/mqnic_prj.srcs/sources_1/imports/fpga_pcie/rtl/common/cpl_queue_manager.v:122]
WARNING: [Synth 8-11065] parameter 'CL_DESC_TABLE_SIZE' becomes localparam in 'cpl_write' with formal parameter declaration list [D:/FPGA/mqnic_prj/mqnic_prj.srcs/sources_1/imports/fpga_pcie/rtl/common/cpl_write.v:134]
WARNING: [Synth 8-11065] parameter 'DESC_PTR_MASK' becomes localparam in 'cpl_write' with formal parameter declaration list [D:/FPGA/mqnic_prj/mqnic_prj.srcs/sources_1/imports/fpga_pcie/rtl/common/cpl_write.v:135]
WARNING: [Synth 8-11065] parameter 'CL_PORTS' becomes localparam in 'cpl_write' with formal parameter declaration list [D:/FPGA/mqnic_prj/mqnic_prj.srcs/sources_1/imports/fpga_pcie/rtl/common/cpl_write.v:137]
WARNING: [Synth 8-11065] parameter 'CL_DESC_TABLE_SIZE' becomes localparam in 'desc_fetch' with formal parameter declaration list [D:/FPGA/mqnic_prj/mqnic_prj.srcs/sources_1/imports/fpga_pcie/rtl/common/desc_fetch.v:160]
WARNING: [Synth 8-11065] parameter 'DESC_PTR_MASK' becomes localparam in 'desc_fetch' with formal parameter declaration list [D:/FPGA/mqnic_prj/mqnic_prj.srcs/sources_1/imports/fpga_pcie/rtl/common/desc_fetch.v:161]
WARNING: [Synth 8-11065] parameter 'CL_PORTS' becomes localparam in 'desc_fetch' with formal parameter declaration list [D:/FPGA/mqnic_prj/mqnic_prj.srcs/sources_1/imports/fpga_pcie/rtl/common/desc_fetch.v:163]
WARNING: [Synth 8-11065] parameter 'CL_DESC_SIZE' becomes localparam in 'desc_fetch' with formal parameter declaration list [D:/FPGA/mqnic_prj/mqnic_prj.srcs/sources_1/imports/fpga_pcie/rtl/common/desc_fetch.v:165]
WARNING: [Synth 8-11065] parameter 'CL_PORTS' becomes localparam in 'desc_op_mux' with formal parameter declaration list [D:/FPGA/mqnic_prj/mqnic_prj.srcs/sources_1/imports/fpga_pcie/rtl/common/desc_op_mux.v:108]
WARNING: [Synth 8-11065] parameter 'RAM_WORD_WIDTH' becomes localparam in 'dma_client_axis_sink' with formal parameter declaration list [D:/FPGA/mqnic_prj/mqnic_prj.srcs/sources_1/imports/fpga_pcie/lib/pcie/rtl/dma_client_axis_sink.v:124]
WARNING: [Synth 8-11065] parameter 'RAM_WORD_SIZE' becomes localparam in 'dma_client_axis_sink' with formal parameter declaration list [D:/FPGA/mqnic_prj/mqnic_prj.srcs/sources_1/imports/fpga_pcie/lib/pcie/rtl/dma_client_axis_sink.v:125]
WARNING: [Synth 8-11065] parameter 'AXIS_KEEP_WIDTH_INT' becomes localparam in 'dma_client_axis_sink' with formal parameter declaration list [D:/FPGA/mqnic_prj/mqnic_prj.srcs/sources_1/imports/fpga_pcie/lib/pcie/rtl/dma_client_axis_sink.v:127]
WARNING: [Synth 8-11065] parameter 'AXIS_WORD_WIDTH' becomes localparam in 'dma_client_axis_sink' with formal parameter declaration list [D:/FPGA/mqnic_prj/mqnic_prj.srcs/sources_1/imports/fpga_pcie/lib/pcie/rtl/dma_client_axis_sink.v:128]
WARNING: [Synth 8-11065] parameter 'AXIS_WORD_SIZE' becomes localparam in 'dma_client_axis_sink' with formal parameter declaration list [D:/FPGA/mqnic_prj/mqnic_prj.srcs/sources_1/imports/fpga_pcie/lib/pcie/rtl/dma_client_axis_sink.v:129]
WARNING: [Synth 8-11065] parameter 'PART_COUNT' becomes localparam in 'dma_client_axis_sink' with formal parameter declaration list [D:/FPGA/mqnic_prj/mqnic_prj.srcs/sources_1/imports/fpga_pcie/lib/pcie/rtl/dma_client_axis_sink.v:131]
WARNING: [Synth 8-11065] parameter 'PART_COUNT_WIDTH' becomes localparam in 'dma_client_axis_sink' with formal parameter declaration list [D:/FPGA/mqnic_prj/mqnic_prj.srcs/sources_1/imports/fpga_pcie/lib/pcie/rtl/dma_client_axis_sink.v:132]
WARNING: [Synth 8-11065] parameter 'PART_OFFSET_WIDTH' becomes localparam in 'dma_client_axis_sink' with formal parameter declaration list [D:/FPGA/mqnic_prj/mqnic_prj.srcs/sources_1/imports/fpga_pcie/lib/pcie/rtl/dma_client_axis_sink.v:133]
WARNING: [Synth 8-11065] parameter 'PARTS_PER_SEG' becomes localparam in 'dma_client_axis_sink' with formal parameter declaration list [D:/FPGA/mqnic_prj/mqnic_prj.srcs/sources_1/imports/fpga_pcie/lib/pcie/rtl/dma_client_axis_sink.v:134]
WARNING: [Synth 8-11065] parameter 'SEGS_PER_PART' becomes localparam in 'dma_client_axis_sink' with formal parameter declaration list [D:/FPGA/mqnic_prj/mqnic_prj.srcs/sources_1/imports/fpga_pcie/lib/pcie/rtl/dma_client_axis_sink.v:135]
WARNING: [Synth 8-11065] parameter 'OFFSET_WIDTH' becomes localparam in 'dma_client_axis_sink' with formal parameter declaration list [D:/FPGA/mqnic_prj/mqnic_prj.srcs/sources_1/imports/fpga_pcie/lib/pcie/rtl/dma_client_axis_sink.v:137]
WARNING: [Synth 8-11065] parameter 'OFFSET_MASK' becomes localparam in 'dma_client_axis_sink' with formal parameter declaration list [D:/FPGA/mqnic_prj/mqnic_prj.srcs/sources_1/imports/fpga_pcie/lib/pcie/rtl/dma_client_axis_sink.v:138]
WARNING: [Synth 8-11065] parameter 'ADDR_MASK' becomes localparam in 'dma_client_axis_sink' with formal parameter declaration list [D:/FPGA/mqnic_prj/mqnic_prj.srcs/sources_1/imports/fpga_pcie/lib/pcie/rtl/dma_client_axis_sink.v:139]
WARNING: [Synth 8-11065] parameter 'CYCLE_COUNT_WIDTH' becomes localparam in 'dma_client_axis_sink' with formal parameter declaration list [D:/FPGA/mqnic_prj/mqnic_prj.srcs/sources_1/imports/fpga_pcie/lib/pcie/rtl/dma_client_axis_sink.v:140]
WARNING: [Synth 8-11065] parameter 'STATUS_FIFO_ADDR_WIDTH' becomes localparam in 'dma_client_axis_sink' with formal parameter declaration list [D:/FPGA/mqnic_prj/mqnic_prj.srcs/sources_1/imports/fpga_pcie/lib/pcie/rtl/dma_client_axis_sink.v:142]
WARNING: [Synth 8-11065] parameter 'OUTPUT_FIFO_ADDR_WIDTH' becomes localparam in 'dma_client_axis_sink' with formal parameter declaration list [D:/FPGA/mqnic_prj/mqnic_prj.srcs/sources_1/imports/fpga_pcie/lib/pcie/rtl/dma_client_axis_sink.v:143]
WARNING: [Synth 8-11065] parameter 'RAM_WORD_WIDTH' becomes localparam in 'dma_client_axis_source' with formal parameter declaration list [D:/FPGA/mqnic_prj/mqnic_prj.srcs/sources_1/imports/fpga_pcie/lib/pcie/rtl/dma_client_axis_source.v:122]
WARNING: [Synth 8-11065] parameter 'RAM_WORD_SIZE' becomes localparam in 'dma_client_axis_source' with formal parameter declaration list [D:/FPGA/mqnic_prj/mqnic_prj.srcs/sources_1/imports/fpga_pcie/lib/pcie/rtl/dma_client_axis_source.v:123]
WARNING: [Synth 8-11065] parameter 'AXIS_KEEP_WIDTH_INT' becomes localparam in 'dma_client_axis_source' with formal parameter declaration list [D:/FPGA/mqnic_prj/mqnic_prj.srcs/sources_1/imports/fpga_pcie/lib/pcie/rtl/dma_client_axis_source.v:125]
WARNING: [Synth 8-11065] parameter 'AXIS_WORD_WIDTH' becomes localparam in 'dma_client_axis_source' with formal parameter declaration list [D:/FPGA/mqnic_prj/mqnic_prj.srcs/sources_1/imports/fpga_pcie/lib/pcie/rtl/dma_client_axis_source.v:126]
WARNING: [Synth 8-11065] parameter 'AXIS_WORD_SIZE' becomes localparam in 'dma_client_axis_source' with formal parameter declaration list [D:/FPGA/mqnic_prj/mqnic_prj.srcs/sources_1/imports/fpga_pcie/lib/pcie/rtl/dma_client_axis_source.v:127]
WARNING: [Synth 8-11065] parameter 'PART_COUNT' becomes localparam in 'dma_client_axis_source' with formal parameter declaration list [D:/FPGA/mqnic_prj/mqnic_prj.srcs/sources_1/imports/fpga_pcie/lib/pcie/rtl/dma_client_axis_source.v:129]
WARNING: [Synth 8-11065] parameter 'PART_COUNT_WIDTH' becomes localparam in 'dma_client_axis_source' with formal parameter declaration list [D:/FPGA/mqnic_prj/mqnic_prj.srcs/sources_1/imports/fpga_pcie/lib/pcie/rtl/dma_client_axis_source.v:130]
WARNING: [Synth 8-11065] parameter 'PART_OFFSET_WIDTH' becomes localparam in 'dma_client_axis_source' with formal parameter declaration list [D:/FPGA/mqnic_prj/mqnic_prj.srcs/sources_1/imports/fpga_pcie/lib/pcie/rtl/dma_client_axis_source.v:131]
WARNING: [Synth 8-11065] parameter 'PARTS_PER_SEG' becomes localparam in 'dma_client_axis_source' with formal parameter declaration list [D:/FPGA/mqnic_prj/mqnic_prj.srcs/sources_1/imports/fpga_pcie/lib/pcie/rtl/dma_client_axis_source.v:132]
WARNING: [Synth 8-11065] parameter 'SEGS_PER_PART' becomes localparam in 'dma_client_axis_source' with formal parameter declaration list [D:/FPGA/mqnic_prj/mqnic_prj.srcs/sources_1/imports/fpga_pcie/lib/pcie/rtl/dma_client_axis_source.v:133]
WARNING: [Synth 8-11065] parameter 'OFFSET_WIDTH' becomes localparam in 'dma_client_axis_source' with formal parameter declaration list [D:/FPGA/mqnic_prj/mqnic_prj.srcs/sources_1/imports/fpga_pcie/lib/pcie/rtl/dma_client_axis_source.v:135]
WARNING: [Synth 8-11065] parameter 'OFFSET_MASK' becomes localparam in 'dma_client_axis_source' with formal parameter declaration list [D:/FPGA/mqnic_prj/mqnic_prj.srcs/sources_1/imports/fpga_pcie/lib/pcie/rtl/dma_client_axis_source.v:136]
WARNING: [Synth 8-11065] parameter 'ADDR_MASK' becomes localparam in 'dma_client_axis_source' with formal parameter declaration list [D:/FPGA/mqnic_prj/mqnic_prj.srcs/sources_1/imports/fpga_pcie/lib/pcie/rtl/dma_client_axis_source.v:137]
WARNING: [Synth 8-11065] parameter 'CYCLE_COUNT_WIDTH' becomes localparam in 'dma_client_axis_source' with formal parameter declaration list [D:/FPGA/mqnic_prj/mqnic_prj.srcs/sources_1/imports/fpga_pcie/lib/pcie/rtl/dma_client_axis_source.v:138]
WARNING: [Synth 8-11065] parameter 'OUTPUT_FIFO_ADDR_WIDTH' becomes localparam in 'dma_client_axis_source' with formal parameter declaration list [D:/FPGA/mqnic_prj/mqnic_prj.srcs/sources_1/imports/fpga_pcie/lib/pcie/rtl/dma_client_axis_source.v:140]
WARNING: [Synth 8-11065] parameter 'CL_PORTS' becomes localparam in 'dma_if_desc_mux' with formal parameter declaration list [D:/FPGA/mqnic_prj/mqnic_prj.srcs/sources_1/imports/fpga_pcie/lib/pcie/rtl/dma_if_desc_mux.v:110]
WARNING: [Synth 8-11065] parameter 'S_RAM_SEL_WIDTH_INT' becomes localparam in 'dma_if_desc_mux' with formal parameter declaration list [D:/FPGA/mqnic_prj/mqnic_prj.srcs/sources_1/imports/fpga_pcie/lib/pcie/rtl/dma_if_desc_mux.v:112]
WARNING: [Synth 8-11065] parameter 'FIFO_ADDR_WIDTH' becomes localparam in 'dma_if_desc_mux' with formal parameter declaration list [D:/FPGA/mqnic_prj/mqnic_prj.srcs/sources_1/imports/fpga_pcie/lib/pcie/rtl/dma_if_desc_mux.v:114]
WARNING: [Synth 8-11065] parameter 'RAM_DATA_WIDTH' becomes localparam in 'dma_if_pcie_rd' with formal parameter declaration list [D:/FPGA/mqnic_prj/mqnic_prj.srcs/sources_1/imports/fpga_pcie/lib/pcie/rtl/dma_if_pcie_rd.v:179]
WARNING: [Synth 8-11065] parameter 'RAM_WORD_WIDTH' becomes localparam in 'dma_if_pcie_rd' with formal parameter declaration list [D:/FPGA/mqnic_prj/mqnic_prj.srcs/sources_1/imports/fpga_pcie/lib/pcie/rtl/dma_if_pcie_rd.v:180]
WARNING: [Synth 8-11065] parameter 'RAM_WORD_SIZE' becomes localparam in 'dma_if_pcie_rd' with formal parameter declaration list [D:/FPGA/mqnic_prj/mqnic_prj.srcs/sources_1/imports/fpga_pcie/lib/pcie/rtl/dma_if_pcie_rd.v:181]
WARNING: [Synth 8-11065] parameter 'TLP_DATA_WIDTH_BYTES' becomes localparam in 'dma_if_pcie_rd' with formal parameter declaration list [D:/FPGA/mqnic_prj/mqnic_prj.srcs/sources_1/imports/fpga_pcie/lib/pcie/rtl/dma_if_pcie_rd.v:183]
WARNING: [Synth 8-11065] parameter 'TLP_DATA_WIDTH_DWORDS' becomes localparam in 'dma_if_pcie_rd' with formal parameter declaration list [D:/FPGA/mqnic_prj/mqnic_prj.srcs/sources_1/imports/fpga_pcie/lib/pcie/rtl/dma_if_pcie_rd.v:184]
WARNING: [Synth 8-11065] parameter 'OFFSET_WIDTH' becomes localparam in 'dma_if_pcie_rd' with formal parameter declaration list [D:/FPGA/mqnic_prj/mqnic_prj.srcs/sources_1/imports/fpga_pcie/lib/pcie/rtl/dma_if_pcie_rd.v:186]
WARNING: [Synth 8-11065] parameter 'RAM_OFFSET_WIDTH' becomes localparam in 'dma_if_pcie_rd' with formal parameter declaration list [D:/FPGA/mqnic_prj/mqnic_prj.srcs/sources_1/imports/fpga_pcie/lib/pcie/rtl/dma_if_pcie_rd.v:187]
WARNING: [Synth 8-11065] parameter 'PCIE_TAG_WIDTH' becomes localparam in 'dma_if_pcie_rd' with formal parameter declaration list [D:/FPGA/mqnic_prj/mqnic_prj.srcs/sources_1/imports/fpga_pcie/lib/pcie/rtl/dma_if_pcie_rd.v:189]
WARNING: [Synth 8-11065] parameter 'PCIE_TAG_COUNT_1' becomes localparam in 'dma_if_pcie_rd' with formal parameter declaration list [D:/FPGA/mqnic_prj/mqnic_prj.srcs/sources_1/imports/fpga_pcie/lib/pcie/rtl/dma_if_pcie_rd.v:190]
WARNING: [Synth 8-11065] parameter 'PCIE_TAG_WIDTH_1' becomes localparam in 'dma_if_pcie_rd' with formal parameter declaration list [D:/FPGA/mqnic_prj/mqnic_prj.srcs/sources_1/imports/fpga_pcie/lib/pcie/rtl/dma_if_pcie_rd.v:191]
WARNING: [Synth 8-11065] parameter 'PCIE_TAG_COUNT_2' becomes localparam in 'dma_if_pcie_rd' with formal parameter declaration list [D:/FPGA/mqnic_prj/mqnic_prj.srcs/sources_1/imports/fpga_pcie/lib/pcie/rtl/dma_if_pcie_rd.v:192]
WARNING: [Synth 8-11065] parameter 'PCIE_TAG_WIDTH_2' becomes localparam in 'dma_if_pcie_rd' with formal parameter declaration list [D:/FPGA/mqnic_prj/mqnic_prj.srcs/sources_1/imports/fpga_pcie/lib/pcie/rtl/dma_if_pcie_rd.v:193]
WARNING: [Synth 8-11065] parameter 'OP_TAG_WIDTH' becomes localparam in 'dma_if_pcie_rd' with formal parameter declaration list [D:/FPGA/mqnic_prj/mqnic_prj.srcs/sources_1/imports/fpga_pcie/lib/pcie/rtl/dma_if_pcie_rd.v:195]
WARNING: [Synth 8-11065] parameter 'OP_TABLE_READ_COUNT_WIDTH' becomes localparam in 'dma_if_pcie_rd' with formal parameter declaration list [D:/FPGA/mqnic_prj/mqnic_prj.srcs/sources_1/imports/fpga_pcie/lib/pcie/rtl/dma_if_pcie_rd.v:196]
WARNING: [Synth 8-11065] parameter 'TX_COUNT_WIDTH' becomes localparam in 'dma_if_pcie_rd' with formal parameter declaration list [D:/FPGA/mqnic_prj/mqnic_prj.srcs/sources_1/imports/fpga_pcie/lib/pcie/rtl/dma_if_pcie_rd.v:198]
WARNING: [Synth 8-11065] parameter 'CL_CPLH_FC_LIMIT' becomes localparam in 'dma_if_pcie_rd' with formal parameter declaration list [D:/FPGA/mqnic_prj/mqnic_prj.srcs/sources_1/imports/fpga_pcie/lib/pcie/rtl/dma_if_pcie_rd.v:200]
WARNING: [Synth 8-11065] parameter 'CL_CPLD_FC_LIMIT' becomes localparam in 'dma_if_pcie_rd' with formal parameter declaration list [D:/FPGA/mqnic_prj/mqnic_prj.srcs/sources_1/imports/fpga_pcie/lib/pcie/rtl/dma_if_pcie_rd.v:201]
WARNING: [Synth 8-11065] parameter 'STATUS_FIFO_ADDR_WIDTH' becomes localparam in 'dma_if_pcie_rd' with formal parameter declaration list [D:/FPGA/mqnic_prj/mqnic_prj.srcs/sources_1/imports/fpga_pcie/lib/pcie/rtl/dma_if_pcie_rd.v:203]
WARNING: [Synth 8-11065] parameter 'OUTPUT_FIFO_ADDR_WIDTH' becomes localparam in 'dma_if_pcie_rd' with formal parameter declaration list [D:/FPGA/mqnic_prj/mqnic_prj.srcs/sources_1/imports/fpga_pcie/lib/pcie/rtl/dma_if_pcie_rd.v:204]
WARNING: [Synth 8-11065] parameter 'INIT_COUNT_WIDTH' becomes localparam in 'dma_if_pcie_rd' with formal parameter declaration list [D:/FPGA/mqnic_prj/mqnic_prj.srcs/sources_1/imports/fpga_pcie/lib/pcie/rtl/dma_if_pcie_rd.v:206]
WARNING: [Synth 8-11065] parameter 'RAM_DATA_WIDTH' becomes localparam in 'dma_if_pcie_wr' with formal parameter declaration list [D:/FPGA/mqnic_prj/mqnic_prj.srcs/sources_1/imports/fpga_pcie/lib/pcie/rtl/dma_if_pcie_wr.v:164]
WARNING: [Synth 8-11065] parameter 'RAM_WORD_WIDTH' becomes localparam in 'dma_if_pcie_wr' with formal parameter declaration list [D:/FPGA/mqnic_prj/mqnic_prj.srcs/sources_1/imports/fpga_pcie/lib/pcie/rtl/dma_if_pcie_wr.v:165]
WARNING: [Synth 8-11065] parameter 'RAM_WORD_SIZE' becomes localparam in 'dma_if_pcie_wr' with formal parameter declaration list [D:/FPGA/mqnic_prj/mqnic_prj.srcs/sources_1/imports/fpga_pcie/lib/pcie/rtl/dma_if_pcie_wr.v:166]
WARNING: [Synth 8-11065] parameter 'TLP_DATA_WIDTH_BYTES' becomes localparam in 'dma_if_pcie_wr' with formal parameter declaration list [D:/FPGA/mqnic_prj/mqnic_prj.srcs/sources_1/imports/fpga_pcie/lib/pcie/rtl/dma_if_pcie_wr.v:168]
WARNING: [Synth 8-11065] parameter 'TLP_DATA_WIDTH_DWORDS' becomes localparam in 'dma_if_pcie_wr' with formal parameter declaration list [D:/FPGA/mqnic_prj/mqnic_prj.srcs/sources_1/imports/fpga_pcie/lib/pcie/rtl/dma_if_pcie_wr.v:169]
WARNING: [Synth 8-11065] parameter 'OFFSET_WIDTH' becomes localparam in 'dma_if_pcie_wr' with formal parameter declaration list [D:/FPGA/mqnic_prj/mqnic_prj.srcs/sources_1/imports/fpga_pcie/lib/pcie/rtl/dma_if_pcie_wr.v:171]
WARNING: [Synth 8-11065] parameter 'RAM_OFFSET_WIDTH' becomes localparam in 'dma_if_pcie_wr' with formal parameter declaration list [D:/FPGA/mqnic_prj/mqnic_prj.srcs/sources_1/imports/fpga_pcie/lib/pcie/rtl/dma_if_pcie_wr.v:172]
WARNING: [Synth 8-11065] parameter 'WORD_LEN_WIDTH' becomes localparam in 'dma_if_pcie_wr' with formal parameter declaration list [D:/FPGA/mqnic_prj/mqnic_prj.srcs/sources_1/imports/fpga_pcie/lib/pcie/rtl/dma_if_pcie_wr.v:173]
WARNING: [Synth 8-11065] parameter 'CYCLE_COUNT_WIDTH' becomes localparam in 'dma_if_pcie_wr' with formal parameter declaration list [D:/FPGA/mqnic_prj/mqnic_prj.srcs/sources_1/imports/fpga_pcie/lib/pcie/rtl/dma_if_pcie_wr.v:174]
INFO: [Common 17-14] Message 'Synth 8-11065' appears 100 times and further instances of the messages will be disabled. Use the Tcl command set_msg_config to change the current settings.
WARNING: [Synth 8-6901] identifier 'DMA_CLIENT_LEN_WIDTH' is used before its declaration [D:/FPGA/mqnic_prj/mqnic_prj.srcs/sources_1/imports/fpga_pcie/rtl/common/mqnic_interface_rx.v:215]
WARNING: [Synth 8-6901] identifier 'DMA_CLIENT_LEN_WIDTH' is used before its declaration [D:/FPGA/mqnic_prj/mqnic_prj.srcs/sources_1/imports/fpga_pcie/rtl/common/mqnic_interface_tx.v:87]
WARNING: [Synth 8-6901] identifier 'DMA_CLIENT_LEN_WIDTH' is used before its declaration [D:/FPGA/mqnic_prj/mqnic_prj.srcs/sources_1/imports/fpga_pcie/rtl/common/mqnic_interface_tx.v:188]
WARNING: [Synth 8-9400] empty statement in sequential block [D:/FPGA/mqnic_prj/mqnic_prj.srcs/sources_1/imports/fpga_pcie/rtl/common/stats_collect.v:159]
WARNING: [Synth 8-9400] empty statement in sequential block [D:/FPGA/mqnic_prj/mqnic_prj.srcs/sources_1/imports/fpga_pcie/rtl/common/tx_scheduler_rr.v:667]
INFO: [Synth 8-6157] synthesizing module 'fpga' [D:/FPGA/mqnic_prj/mqnic_prj.srcs/sources_1/imports/fpga_pcie/rtl/fpga.v:15]
	Parameter FPGA_ID bound to: 74645651 - type: integer 
	Parameter FW_ID bound to: 0 - type: integer 
	Parameter FW_VER bound to: 256 - type: integer 
	Parameter BOARD_ID bound to: 284069994 - type: integer 
	Parameter BOARD_VER bound to: 16777216 - type: integer 
	Parameter BUILD_DATE bound to: 1783950777 - type: integer 
	Parameter GIT_HASH bound to: 0 - type: integer 
	Parameter RELEASE_INFO bound to: 0 - type: integer 
	Parameter TDMA_BER_ENABLE bound to: 0 - type: integer 
	Parameter IF_COUNT bound to: 1 - type: integer 
	Parameter PORTS_PER_IF bound to: 1 - type: integer 
	Parameter SCHED_PER_IF bound to: 1 - type: integer 
	Parameter PORT_MASK bound to: 0 - type: integer 
	Parameter CLK_PERIOD_NS_NUM bound to: 4 - type: integer 
	Parameter CLK_PERIOD_NS_DENOM bound to: 1 - type: integer 
	Parameter PTP_CLOCK_PIPELINE bound to: 0 - type: integer 
	Parameter PTP_CLOCK_CDC_PIPELINE bound to: 0 - type: integer 
	Parameter PTP_PORT_CDC_PIPELINE bound to: 0 - type: integer 
	Parameter PTP_PEROUT_ENABLE bound to: 1 - type: integer 
	Parameter PTP_PEROUT_COUNT bound to: 1 - type: integer 
	Parameter EVENT_QUEUE_OP_TABLE_SIZE bound to: 32 - type: integer 
	Parameter TX_QUEUE_OP_TABLE_SIZE bound to: 32 - type: integer 
	Parameter RX_QUEUE_OP_TABLE_SIZE bound to: 32 - type: integer 
	Parameter CQ_OP_TABLE_SIZE bound to: 32 - type: integer 
	Parameter EQN_WIDTH bound to: 6 - type: integer 
	Parameter TX_QUEUE_INDEX_WIDTH bound to: 13 - type: integer 
	Parameter RX_QUEUE_INDEX_WIDTH bound to: 8 - type: integer 
	Parameter CQN_WIDTH bound to: 14 - type: integer 
	Parameter EQ_PIPELINE bound to: 3 - type: integer 
	Parameter TX_QUEUE_PIPELINE bound to: 4 - type: integer 
	Parameter RX_QUEUE_PIPELINE bound to: 3 - type: integer 
	Parameter CQ_PIPELINE bound to: 5 - type: integer 
	Parameter TX_DESC_TABLE_SIZE bound to: 32 - type: integer 
	Parameter RX_DESC_TABLE_SIZE bound to: 32 - type: integer 
	Parameter RX_INDIR_TBL_ADDR_WIDTH bound to: 8 - type: integer 
	Parameter TX_SCHEDULER_OP_TABLE_SIZE bound to: 32 - type: integer 
	Parameter TX_SCHEDULER_PIPELINE bound to: 4 - type: integer 
	Parameter TDMA_INDEX_WIDTH bound to: 6 - type: integer 
	Parameter PTP_TS_ENABLE bound to: 1 - type: integer 
	Parameter TX_CPL_FIFO_DEPTH bound to: 32 - type: integer 
	Parameter TX_CHECKSUM_ENABLE bound to: 1 - type: integer 
	Parameter RX_HASH_ENABLE bound to: 1 - type: integer 
	Parameter RX_CHECKSUM_ENABLE bound to: 1 - type: integer 
	Parameter ENABLE_PADDING bound to: 1 - type: integer 
	Parameter ENABLE_DIC bound to: 1 - type: integer 
	Parameter MIN_FRAME_LENGTH bound to: 64 - type: integer 
	Parameter TX_FIFO_DEPTH bound to: 32768 - type: integer 
	Parameter RX_FIFO_DEPTH bound to: 65536 - type: integer 
	Parameter MAX_TX_SIZE bound to: 9214 - type: integer 
	Parameter MAX_RX_SIZE bound to: 9214 - type: integer 
	Parameter TX_RAM_SIZE bound to: 32768 - type: integer 
	Parameter RX_RAM_SIZE bound to: 32768 - type: integer 
	Parameter DDR_CH bound to: 1 - type: integer 
	Parameter DDR_ENABLE bound to: 0 - type: integer 
	Parameter AXI_DDR_ID_WIDTH bound to: 8 - type: integer 
	Parameter AXI_DDR_MAX_BURST_LEN bound to: 256 - type: integer 
	Parameter APP_ID bound to: 0 - type: integer 
	Parameter APP_ENABLE bound to: 0 - type: integer 
	Parameter APP_CTRL_ENABLE bound to: 1 - type: integer 
	Parameter APP_DMA_ENABLE bound to: 1 - type: integer 
	Parameter APP_AXIS_DIRECT_ENABLE bound to: 1 - type: integer 
	Parameter APP_AXIS_SYNC_ENABLE bound to: 1 - type: integer 
	Parameter APP_AXIS_IF_ENABLE bound to: 1 - type: integer 
	Parameter APP_STAT_ENABLE bound to: 1 - type: integer 
	Parameter DMA_IMM_ENABLE bound to: 0 - type: integer 
	Parameter DMA_IMM_WIDTH bound to: 32 - type: integer 
	Parameter DMA_LEN_WIDTH bound to: 16 - type: integer 
	Parameter DMA_TAG_WIDTH bound to: 16 - type: integer 
	Parameter RAM_ADDR_WIDTH bound to: 15 - type: integer 
	Parameter RAM_PIPELINE bound to: 2 - type: integer 
	Parameter AXIS_PCIE_DATA_WIDTH bound to: 128 - type: integer 
	Parameter IRQ_INDEX_WIDTH bound to: 6 - type: integer 
	Parameter AXIL_CTRL_DATA_WIDTH bound to: 32 - type: integer 
	Parameter AXIL_CTRL_ADDR_WIDTH bound to: 24 - type: integer 
	Parameter AXIL_APP_CTRL_DATA_WIDTH bound to: 32 - type: integer 
	Parameter AXIL_APP_CTRL_ADDR_WIDTH bound to: 24 - type: integer 
	Parameter AXIS_ETH_TX_PIPELINE bound to: 0 - type: integer 
	Parameter AXIS_ETH_TX_FIFO_PIPELINE bound to: 2 - type: integer 
	Parameter AXIS_ETH_TX_TS_PIPELINE bound to: 0 - type: integer 
	Parameter AXIS_ETH_RX_PIPELINE bound to: 0 - type: integer 
	Parameter AXIS_ETH_RX_FIFO_PIPELINE bound to: 2 - type: integer 
	Parameter STAT_ENABLE bound to: 1 - type: integer 
	Parameter STAT_DMA_ENABLE bound to: 1 - type: integer 
	Parameter STAT_PCIE_ENABLE bound to: 1 - type: integer 
	Parameter STAT_INC_WIDTH bound to: 24 - type: integer 
	Parameter STAT_ID_WIDTH bound to: 12 - type: integer 
INFO: [Synth 8-6157] synthesizing module 'OBUFTDS' [F:/xilinx_2023_2/Vivado/2023.2/scripts/rt/data/unisim_comp.v:93462]
INFO: [Synth 8-6155] done synthesizing module 'OBUFTDS' (0#1) [F:/xilinx_2023_2/Vivado/2023.2/scripts/rt/data/unisim_comp.v:93462]
INFO: [Synth 8-6157] synthesizing module 'IBUFGDS' [F:/xilinx_2023_2/Vivado/2023.2/scripts/rt/data/unisim_comp.v:74129]
	Parameter DIFF_TERM bound to: FALSE - type: string 
	Parameter IBUF_LOW_PWR bound to: FALSE - type: string 
INFO: [Synth 8-6155] done synthesizing module 'IBUFGDS' (0#1) [F:/xilinx_2023_2/Vivado/2023.2/scripts/rt/data/unisim_comp.v:74129]
INFO: [Synth 8-6157] synthesizing module 'MMCME3_BASE' [F:/xilinx_2023_2/Vivado/2023.2/scripts/rt/data/unisim_comp.v:82492]
	Parameter BANDWIDTH bound to: OPTIMIZED - type: string 
	Parameter CLKFBOUT_MULT_F bound to: 8.000000 - type: double 
	Parameter CLKFBOUT_PHASE bound to: 0.000000 - type: double 
	Parameter CLKIN1_PERIOD bound to: 8.000000 - type: double 
	Parameter CLKOUT0_DIVIDE_F bound to: 8.000000 - type: double 
	Parameter CLKOUT0_DUTY_CYCLE bound to: 0.500000 - type: double 
	Parameter CLKOUT0_PHASE bound to: 0.000000 - type: double 
	Parameter CLKOUT1_DIVIDE bound to: 20 - type: integer 
	Parameter CLKOUT1_DUTY_CYCLE bound to: 0.500000 - type: double 
	Parameter CLKOUT1_PHASE bound to: 0.000000 - type: double 
	Parameter CLKOUT2_DIVIDE bound to: 1 - type: integer 
	Parameter CLKOUT2_DUTY_CYCLE bound to: 0.500000 - type: double 
	Parameter CLKOUT2_PHASE bound to: 0.000000 - type: double 
	Parameter CLKOUT3_DIVIDE bound to: 1 - type: integer 
	Parameter CLKOUT3_DUTY_CYCLE bound to: 0.500000 - type: double 
	Parameter CLKOUT3_PHASE bound to: 0.000000 - type: double 
	Parameter CLKOUT4_CASCADE bound to: FALSE - type: string 
	Parameter CLKOUT4_DIVIDE bound to: 1 - type: integer 
	Parameter CLKOUT4_DUTY_CYCLE bound to: 0.500000 - type: double 
	Parameter CLKOUT4_PHASE bound to: 0.000000 - type: double 
	Parameter CLKOUT5_DIVIDE bound to: 1 - type: integer 
	Parameter CLKOUT5_DUTY_CYCLE bound to: 0.500000 - type: double 
	Parameter CLKOUT5_PHASE bound to: 0.000000 - type: double 
	Parameter CLKOUT6_DIVIDE bound to: 1 - type: integer 
	Parameter CLKOUT6_DUTY_CYCLE bound to: 0.500000 - type: double 
	Parameter CLKOUT6_PHASE bound to: 0.000000 - type: double 
	Parameter DIVCLK_DIVIDE bound to: 1 - type: integer 
	Parameter REF_JITTER1 bound to: 0.010000 - type: double 
	Parameter STARTUP_WAIT bound to: FALSE - type: string 
INFO: [Synth 8-6155] done synthesizing module 'MMCME3_BASE' (0#1) [F:/xilinx_2023_2/Vivado/2023.2/scripts/rt/data/unisim_comp.v:82492]
INFO: [Synth 8-6157] synthesizing module 'BUFG' [F:/xilinx_2023_2/Vivado/2023.2/scripts/rt/data/unisim_comp.v:1951]
INFO: [Synth 8-6155] done synthesizing module 'BUFG' (0#1) [F:/xilinx_2023_2/Vivado/2023.2/scripts/rt/data/unisim_comp.v:1951]
INFO: [Synth 8-6157] synthesizing module 'sync_reset' [D:/FPGA/mqnic_prj/mqnic_prj.srcs/sources_1/imports/fpga_pcie/lib/axis/rtl/sync_reset.v:35]
	Parameter N bound to: 4 - type: integer 
INFO: [Synth 8-6155] done synthesizing module 'sync_reset' (0#1) [D:/FPGA/mqnic_prj/mqnic_prj.srcs/sources_1/imports/fpga_pcie/lib/axis/rtl/sync_reset.v:35]
INFO: [Synth 8-6157] synthesizing module 'debounce_switch' [D:/FPGA/mqnic_prj/mqnic_prj.srcs/sources_1/imports/fpga_pcie/rtl/debounce_switch.v:34]
	Parameter WIDTH bound to: 13 - type: integer 
	Parameter N bound to: 4 - type: integer 
	Parameter RATE bound to: 250000 - type: integer 
INFO: [Synth 8-6155] done synthesizing module 'debounce_switch' (0#1) [D:/FPGA/mqnic_prj/mqnic_prj.srcs/sources_1/imports/fpga_pcie/rtl/debounce_switch.v:34]
INFO: [Synth 8-6157] synthesizing module 'sync_signal' [D:/FPGA/mqnic_prj/mqnic_prj.srcs/sources_1/imports/fpga_pcie/rtl/sync_signal.v:35]
	Parameter WIDTH bound to: 2 - type: integer 
	Parameter N bound to: 2 - type: integer 
INFO: [Synth 8-6155] done synthesizing module 'sync_signal' (0#1) [D:/FPGA/mqnic_prj/mqnic_prj.srcs/sources_1/imports/fpga_pcie/rtl/sync_signal.v:35]
INFO: [Synth 8-6157] synthesizing module 'IBUFDS_GTE4' [F:/xilinx_2023_2/Vivado/2023.2/scripts/rt/data/unisim_comp.v:73823]
	Parameter REFCLK_HROW_CK_SEL bound to: 2'b00 
INFO: [Synth 8-6155] done synthesizing module 'IBUFDS_GTE4' (0#1) [F:/xilinx_2023_2/Vivado/2023.2/scripts/rt/data/unisim_comp.v:73823]
INFO: [Synth 8-6157] synthesizing module 'pcie4_uscale_plus_0' [D:/FPGA/mqnic_prj/mqnic_prj.runs/synth_1/.Xil/Vivado-13472-DESKTOP-JBLB3NJ/realtime/pcie4_uscale_plus_0_stub.v:6]
INFO: [Synth 8-6155] done synthesizing module 'pcie4_uscale_plus_0' (0#1) [D:/FPGA/mqnic_prj/mqnic_prj.runs/synth_1/.Xil/Vivado-13472-DESKTOP-JBLB3NJ/realtime/pcie4_uscale_plus_0_stub.v:6]
WARNING: [Synth 8-689] width (1) of port connection 's_axis_rq_tready' does not match port width (4) of module 'pcie4_uscale_plus_0' [D:/FPGA/mqnic_prj/mqnic_prj.srcs/sources_1/imports/fpga_pcie/rtl/fpga.v:553]
WARNING: [Synth 8-689] width (85) of port connection 'm_axis_cq_tuser' does not match port width (88) of module 'pcie4_uscale_plus_0' [D:/FPGA/mqnic_prj/mqnic_prj.srcs/sources_1/imports/fpga_pcie/rtl/fpga.v:568]
WARNING: [Synth 8-689] width (1) of port connection 's_axis_cc_tready' does not match port width (4) of module 'pcie4_uscale_plus_0' [D:/FPGA/mqnic_prj/mqnic_prj.srcs/sources_1/imports/fpga_pcie/rtl/fpga.v:574]
WARNING: [Synth 8-689] width (3) of port connection 'cfg_max_payload' does not match port width (2) of module 'pcie4_uscale_plus_0' [D:/FPGA/mqnic_prj/mqnic_prj.srcs/sources_1/imports/fpga_pcie/rtl/fpga.v:598]
WARNING: [Synth 8-7071] port 'cfg_bus_number' of module 'pcie4_uscale_plus_0' is unconnected for instance 'pcie4_uscale_plus_inst' [D:/FPGA/mqnic_prj/mqnic_prj.srcs/sources_1/imports/fpga_pcie/rtl/fpga.v:541]
WARNING: [Synth 8-7023] instance 'pcie4_uscale_plus_inst' of module 'pcie4_uscale_plus_0' has 133 connections declared, but only 132 given [D:/FPGA/mqnic_prj/mqnic_prj.srcs/sources_1/imports/fpga_pcie/rtl/fpga.v:541]
INFO: [Synth 8-6157] synthesizing module 'gig_ethernet_pcs_pma_0' [D:/FPGA/mqnic_prj/mqnic_prj.runs/synth_1/.Xil/Vivado-13472-DESKTOP-JBLB3NJ/realtime/gig_ethernet_pcs_pma_0_stub.v:6]
INFO: [Synth 8-6155] done synthesizing module 'gig_ethernet_pcs_pma_0' (0#1) [D:/FPGA/mqnic_prj/mqnic_prj.runs/synth_1/.Xil/Vivado-13472-DESKTOP-JBLB3NJ/realtime/gig_ethernet_pcs_pma_0_stub.v:6]
INFO: [Synth 8-6157] synthesizing module 'fpga_core' [D:/FPGA/mqnic_prj/mqnic_prj.srcs/sources_1/imports/fpga_pcie/rtl/fpga_core.v:103]
	Parameter FPGA_ID bound to: 74645651 - type: integer 
	Parameter FW_ID bound to: 0 - type: integer 
	Parameter FW_VER bound to: 256 - type: integer 
	Parameter BOARD_ID bound to: 284069994 - type: integer 
	Parameter BOARD_VER bound to: 16777216 - type: integer 
	Parameter BUILD_DATE bound to: 1783950777 - type: integer 
	Parameter GIT_HASH bound to: 0 - type: integer 
	Parameter RELEASE_INFO bound to: 0 - type: integer 
	Parameter TDMA_BER_ENABLE bound to: 0 - type: integer 
	Parameter IF_COUNT bound to: 1 - type: integer 
	Parameter PORTS_PER_IF bound to: 1 - type: integer 
	Parameter SCHED_PER_IF bound to: 1 - type: integer 
	Parameter PORT_MASK bound to: 0 - type: integer 
	Parameter CLK_PERIOD_NS_NUM bound to: 4 - type: integer 
	Parameter CLK_PERIOD_NS_DENOM bound to: 1 - type: integer 
	Parameter PTP_CLOCK_PIPELINE bound to: 0 - type: integer 
	Parameter PTP_CLOCK_CDC_PIPELINE bound to: 0 - type: integer 
	Parameter PTP_PORT_CDC_PIPELINE bound to: 0 - type: integer 
	Parameter PTP_PEROUT_ENABLE bound to: 1 - type: integer 
	Parameter PTP_PEROUT_COUNT bound to: 1 - type: integer 
	Parameter EVENT_QUEUE_OP_TABLE_SIZE bound to: 32 - type: integer 
	Parameter TX_QUEUE_OP_TABLE_SIZE bound to: 32 - type: integer 
	Parameter RX_QUEUE_OP_TABLE_SIZE bound to: 32 - type: integer 
	Parameter CQ_OP_TABLE_SIZE bound to: 32 - type: integer 
	Parameter EQN_WIDTH bound to: 6 - type: integer 
	Parameter TX_QUEUE_INDEX_WIDTH bound to: 13 - type: integer 
	Parameter RX_QUEUE_INDEX_WIDTH bound to: 8 - type: integer 
	Parameter CQN_WIDTH bound to: 14 - type: integer 
	Parameter EQ_PIPELINE bound to: 3 - type: integer 
	Parameter TX_QUEUE_PIPELINE bound to: 4 - type: integer 
	Parameter RX_QUEUE_PIPELINE bound to: 3 - type: integer 
	Parameter CQ_PIPELINE bound to: 5 - type: integer 
	Parameter TX_DESC_TABLE_SIZE bound to: 32 - type: integer 
	Parameter RX_DESC_TABLE_SIZE bound to: 32 - type: integer 
	Parameter RX_INDIR_TBL_ADDR_WIDTH bound to: 8 - type: integer 
	Parameter TX_SCHEDULER_OP_TABLE_SIZE bound to: 32 - type: integer 
	Parameter TX_SCHEDULER_PIPELINE bound to: 4 - type: integer 
	Parameter TDMA_INDEX_WIDTH bound to: 6 - type: integer 
	Parameter PTP_TS_ENABLE bound to: 1 - type: integer 
	Parameter TX_CPL_FIFO_DEPTH bound to: 32 - type: integer 
	Parameter TX_CHECKSUM_ENABLE bound to: 1 - type: integer 
	Parameter RX_HASH_ENABLE bound to: 1 - type: integer 
	Parameter RX_CHECKSUM_ENABLE bound to: 1 - type: integer 
	Parameter ENABLE_PADDING bound to: 1 - type: integer 
	Parameter ENABLE_DIC bound to: 1 - type: integer 
	Parameter MIN_FRAME_LENGTH bound to: 64 - type: integer 
	Parameter TX_FIFO_DEPTH bound to: 32768 - type: integer 
	Parameter RX_FIFO_DEPTH bound to: 65536 - type: integer 
	Parameter MAX_TX_SIZE bound to: 9214 - type: integer 
	Parameter MAX_RX_SIZE bound to: 9214 - type: integer 
	Parameter TX_RAM_SIZE bound to: 32768 - type: integer 
	Parameter RX_RAM_SIZE bound to: 32768 - type: integer 
	Parameter DDR_CH bound to: 1 - type: integer 
	Parameter DDR_ENABLE bound to: 0 - type: integer 
	Parameter AXI_DDR_DATA_WIDTH bound to: 512 - type: integer 
	Parameter AXI_DDR_ADDR_WIDTH bound to: 31 - type: integer 
	Parameter AXI_DDR_ID_WIDTH bound to: 8 - type: integer 
	Parameter AXI_DDR_MAX_BURST_LEN bound to: 256 - type: integer 
	Parameter AXI_DDR_NARROW_BURST bound to: 0 - type: integer 
	Parameter APP_ID bound to: 0 - type: integer 
	Parameter APP_ENABLE bound to: 0 - type: integer 
	Parameter APP_CTRL_ENABLE bound to: 1 - type: integer 
	Parameter APP_DMA_ENABLE bound to: 1 - type: integer 
	Parameter APP_AXIS_DIRECT_ENABLE bound to: 1 - type: integer 
	Parameter APP_AXIS_SYNC_ENABLE bound to: 1 - type: integer 
	Parameter APP_AXIS_IF_ENABLE bound to: 1 - type: integer 
	Parameter APP_STAT_ENABLE bound to: 1 - type: integer 
	Parameter DMA_IMM_ENABLE bound to: 0 - type: integer 
	Parameter DMA_IMM_WIDTH bound to: 32 - type: integer 
	Parameter DMA_LEN_WIDTH bound to: 16 - type: integer 
	Parameter DMA_TAG_WIDTH bound to: 16 - type: integer 
	Parameter RAM_ADDR_WIDTH bound to: 15 - type: integer 
	Parameter RAM_PIPELINE bound to: 2 - type: integer 
	Parameter AXIS_PCIE_DATA_WIDTH bound to: 128 - type: integer 
	Parameter PF_COUNT bound to: 1 - type: integer 
	Parameter VF_COUNT bound to: 0 - type: integer 
	Parameter IRQ_INDEX_WIDTH bound to: 6 - type: integer 
	Parameter AXIL_CTRL_DATA_WIDTH bound to: 32 - type: integer 
	Parameter AXIL_CTRL_ADDR_WIDTH bound to: 24 - type: integer 
	Parameter AXIL_APP_CTRL_DATA_WIDTH bound to: 32 - type: integer 
	Parameter AXIL_APP_CTRL_ADDR_WIDTH bound to: 24 - type: integer 
	Parameter AXIS_ETH_TX_PIPELINE bound to: 0 - type: integer 
	Parameter AXIS_ETH_TX_FIFO_PIPELINE bound to: 2 - type: integer 
	Parameter AXIS_ETH_TX_TS_PIPELINE bound to: 0 - type: integer 
	Parameter AXIS_ETH_RX_PIPELINE bound to: 0 - type: integer 
	Parameter AXIS_ETH_RX_FIFO_PIPELINE bound to: 2 - type: integer 
	Parameter STAT_ENABLE bound to: 1 - type: integer 
	Parameter STAT_DMA_ENABLE bound to: 1 - type: integer 
	Parameter STAT_PCIE_ENABLE bound to: 1 - type: integer 
	Parameter STAT_INC_WIDTH bound to: 24 - type: integer 
	Parameter STAT_ID_WIDTH bound to: 12 - type: integer 
	Parameter PTP_CLK_PERIOD_NS_NUM bound to: 8 - type: integer 
	Parameter PTP_CLK_PERIOD_NS_DENOM bound to: 1 - type: integer 
	Parameter PTP_TS_WIDTH bound to: 96 - type: integer 
	Parameter TX_TAG_WIDTH bound to: 16 - type: integer 
	Parameter AXI_DDR_STRB_WIDTH bound to: 64 - type: integer 
	Parameter AXIS_PCIE_KEEP_WIDTH bound to: 4 - type: integer 
	Parameter AXIS_PCIE_RC_USER_WIDTH bound to: 75 - type: integer 
	Parameter AXIS_PCIE_RQ_USER_WIDTH bound to: 62 - type: integer 
	Parameter AXIS_PCIE_CQ_USER_WIDTH bound to: 85 - type: integer 
	Parameter AXIS_PCIE_CC_USER_WIDTH bound to: 33 - type: integer 
	Parameter RC_STRADDLE bound to: 1'b0 
	Parameter RQ_STRADDLE bound to: 1'b0 
	Parameter CQ_STRADDLE bound to: 1'b0 
	Parameter CC_STRADDLE bound to: 1'b0 
	Parameter RQ_SEQ_NUM_WIDTH bound to: 6 - type: integer 
	Parameter PCIE_TAG_COUNT bound to: 256 - type: integer 
	Parameter XGMII_DATA_WIDTH bound to: 64 - type: integer 
	Parameter XGMII_CTRL_WIDTH bound to: 8 - type: integer 
	Parameter AXIS_ETH_DATA_WIDTH bound to: 64 - type: integer 
	Parameter AXIS_ETH_KEEP_WIDTH bound to: 8 - type: integer 
	Parameter AXIS_ETH_SYNC_DATA_WIDTH bound to: 64 - type: integer 
	Parameter AXIS_ETH_TX_USER_WIDTH bound to: 17 - type: integer 
	Parameter AXIS_ETH_RX_USER_WIDTH bound to: 97 - type: integer 
INFO: [Synth 8-6157] synthesizing module 'eth_mac_1g_fifo' [D:/FPGA/mqnic_prj/rtl/gmii_mac/eth_mac_1g_fifo.v:34]
	Parameter AXIS_DATA_WIDTH bound to: 64 - type: integer 
	Parameter AXIS_KEEP_ENABLE bound to: 1 - type: integer 
	Parameter AXIS_KEEP_WIDTH bound to: 8 - type: integer 
	Parameter ENABLE_PADDING bound to: 1 - type: integer 
	Parameter MIN_FRAME_LENGTH bound to: 64 - type: integer 
	Parameter TX_FIFO_DEPTH bound to: 32768 - type: integer 
	Parameter TX_FRAME_FIFO bound to: 1 - type: integer 
	Parameter TX_DROP_OVERSIZE_FRAME bound to: 1 - type: integer 
	Parameter TX_DROP_BAD_FRAME bound to: 1 - type: integer 
	Parameter TX_DROP_WHEN_FULL bound to: 0 - type: integer 
	Parameter RX_FIFO_DEPTH bound to: 65536 - type: integer 
	Parameter RX_FRAME_FIFO bound to: 1 - type: integer 
	Parameter RX_DROP_OVERSIZE_FRAME bound to: 1 - type: integer 
	Parameter RX_DROP_BAD_FRAME bound to: 1 - type: integer 
	Parameter RX_DROP_WHEN_FULL bound to: 1 - type: integer 
INFO: [Synth 8-6157] synthesizing module 'eth_mac_1g' [D:/FPGA/mqnic_prj/rtl/gmii_mac/eth_mac_1g.v:34]
	Parameter ENABLE_PADDING bound to: 1 - type: integer 
	Parameter MIN_FRAME_LENGTH bound to: 64 - type: integer 
INFO: [Synth 8-6157] synthesizing module 'axis_gmii_rx' [D:/FPGA/mqnic_prj/rtl/gmii_mac/axis_gmii_rx.v:34]
	Parameter DATA_WIDTH bound to: 8 - type: integer 
	Parameter PTP_TS_ENABLE bound to: 0 - type: integer 
	Parameter PTP_TS_WIDTH bound to: 96 - type: integer 
	Parameter USER_WIDTH bound to: 1 - type: integer 
INFO: [Synth 8-6157] synthesizing module 'lfsr' [D:/FPGA/mqnic_prj/mqnic_prj.srcs/sources_1/imports/fpga_pcie/lib/eth/rtl/lfsr.v:34]
	Parameter LFSR_WIDTH bound to: 32 - type: integer 
	Parameter LFSR_POLY bound to: 79764919 - type: integer 
	Parameter LFSR_CONFIG bound to: GALOIS - type: string 
	Parameter LFSR_FEED_FORWARD bound to: 0 - type: integer 
	Parameter REVERSE bound to: 1 - type: integer 
	Parameter DATA_WIDTH bound to: 8 - type: integer 
	Parameter STYLE bound to: AUTO - type: string 
INFO: [Synth 8-6155] done synthesizing module 'lfsr' (0#1) [D:/FPGA/mqnic_prj/mqnic_prj.srcs/sources_1/imports/fpga_pcie/lib/eth/rtl/lfsr.v:34]
INFO: [Synth 8-155] case statement is not full and has no default [D:/FPGA/mqnic_prj/rtl/gmii_mac/axis_gmii_rx.v:189]
INFO: [Synth 8-6155] done synthesizing module 'axis_gmii_rx' (0#1) [D:/FPGA/mqnic_prj/rtl/gmii_mac/axis_gmii_rx.v:34]
INFO: [Synth 8-6157] synthesizing module 'axis_gmii_tx' [D:/FPGA/mqnic_prj/rtl/gmii_mac/axis_gmii_tx.v:34]
	Parameter DATA_WIDTH bound to: 8 - type: integer 
	Parameter ENABLE_PADDING bound to: 1 - type: integer 
	Parameter MIN_FRAME_LENGTH bound to: 64 - type: integer 
	Parameter PTP_TS_ENABLE bound to: 0 - type: integer 
	Parameter PTP_TS_WIDTH bound to: 96 - type: integer 
	Parameter PTP_TS_CTRL_IN_TUSER bound to: 0 - type: integer 
	Parameter PTP_TAG_ENABLE bound to: 0 - type: integer 
	Parameter PTP_TAG_WIDTH bound to: 16 - type: integer 
	Parameter USER_WIDTH bound to: 1 - type: integer 
INFO: [Synth 8-155] case statement is not full and has no default [D:/FPGA/mqnic_prj/rtl/gmii_mac/axis_gmii_tx.v:367]
INFO: [Synth 8-155] case statement is not full and has no default [D:/FPGA/mqnic_prj/rtl/gmii_mac/axis_gmii_tx.v:241]
INFO: [Synth 8-6155] done synthesizing module 'axis_gmii_tx' (0#1) [D:/FPGA/mqnic_prj/rtl/gmii_mac/axis_gmii_tx.v:34]
INFO: [Synth 8-6155] done synthesizing module 'eth_mac_1g' (0#1) [D:/FPGA/mqnic_prj/rtl/gmii_mac/eth_mac_1g.v:34]
WARNING: [Synth 8-7071] port 'tx_ptp_ts' of module 'eth_mac_1g' is unconnected for instance 'eth_mac_1g_inst' [D:/FPGA/mqnic_prj/rtl/gmii_mac/eth_mac_1g_fifo.v:197]
WARNING: [Synth 8-7071] port 'rx_ptp_ts' of module 'eth_mac_1g' is unconnected for instance 'eth_mac_1g_inst' [D:/FPGA/mqnic_prj/rtl/gmii_mac/eth_mac_1g_fifo.v:197]
WARNING: [Synth 8-7071] port 'tx_axis_ptp_ts' of module 'eth_mac_1g' is unconnected for instance 'eth_mac_1g_inst' [D:/FPGA/mqnic_prj/rtl/gmii_mac/eth_mac_1g_fifo.v:197]
WARNING: [Synth 8-7071] port 'tx_axis_ptp_ts_tag' of module 'eth_mac_1g' is unconnected for instance 'eth_mac_1g_inst' [D:/FPGA/mqnic_prj/rtl/gmii_mac/eth_mac_1g_fifo.v:197]
WARNING: [Synth 8-7071] port 'tx_axis_ptp_ts_valid' of module 'eth_mac_1g' is unconnected for instance 'eth_mac_1g_inst' [D:/FPGA/mqnic_prj/rtl/gmii_mac/eth_mac_1g_fifo.v:197]
WARNING: [Synth 8-7071] port 'tx_lfc_req' of module 'eth_mac_1g' is unconnected for instance 'eth_mac_1g_inst' [D:/FPGA/mqnic_prj/rtl/gmii_mac/eth_mac_1g_fifo.v:197]
WARNING: [Synth 8-7071] port 'tx_lfc_resend' of module 'eth_mac_1g' is unconnected for instance 'eth_mac_1g_inst' [D:/FPGA/mqnic_prj/rtl/gmii_mac/eth_mac_1g_fifo.v:197]
WARNING: [Synth 8-7071] port 'rx_lfc_en' of module 'eth_mac_1g' is unconnected for instance 'eth_mac_1g_inst' [D:/FPGA/mqnic_prj/rtl/gmii_mac/eth_mac_1g_fifo.v:197]
WARNING: [Synth 8-7071] port 'rx_lfc_req' of module 'eth_mac_1g' is unconnected for instance 'eth_mac_1g_inst' [D:/FPGA/mqnic_prj/rtl/gmii_mac/eth_mac_1g_fifo.v:197]
WARNING: [Synth 8-7071] port 'rx_lfc_ack' of module 'eth_mac_1g' is unconnected for instance 'eth_mac_1g_inst' [D:/FPGA/mqnic_prj/rtl/gmii_mac/eth_mac_1g_fifo.v:197]
WARNING: [Synth 8-7071] port 'tx_pfc_req' of module 'eth_mac_1g' is unconnected for instance 'eth_mac_1g_inst' [D:/FPGA/mqnic_prj/rtl/gmii_mac/eth_mac_1g_fifo.v:197]
WARNING: [Synth 8-7071] port 'tx_pfc_resend' of module 'eth_mac_1g' is unconnected for instance 'eth_mac_1g_inst' [D:/FPGA/mqnic_prj/rtl/gmii_mac/eth_mac_1g_fifo.v:197]
WARNING: [Synth 8-7071] port 'rx_pfc_en' of module 'eth_mac_1g' is unconnected for instance 'eth_mac_1g_inst' [D:/FPGA/mqnic_prj/rtl/gmii_mac/eth_mac_1g_fifo.v:197]
WARNING: [Synth 8-7071] port 'rx_pfc_req' of module 'eth_mac_1g' is unconnected for instance 'eth_mac_1g_inst' [D:/FPGA/mqnic_prj/rtl/gmii_mac/eth_mac_1g_fifo.v:197]
WARNING: [Synth 8-7071] port 'rx_pfc_ack' of module 'eth_mac_1g' is unconnected for instance 'eth_mac_1g_inst' [D:/FPGA/mqnic_prj/rtl/gmii_mac/eth_mac_1g_fifo.v:197]
WARNING: [Synth 8-7071] port 'tx_lfc_pause_en' of module 'eth_mac_1g' is unconnected for instance 'eth_mac_1g_inst' [D:/FPGA/mqnic_prj/rtl/gmii_mac/eth_mac_1g_fifo.v:197]
WARNING: [Synth 8-7071] port 'tx_pause_req' of module 'eth_mac_1g' is unconnected for instance 'eth_mac_1g_inst' [D:/FPGA/mqnic_prj/rtl/gmii_mac/eth_mac_1g_fifo.v:197]
WARNING: [Synth 8-7071] port 'tx_pause_ack' of module 'eth_mac_1g' is unconnected for instance 'eth_mac_1g_inst' [D:/FPGA/mqnic_prj/rtl/gmii_mac/eth_mac_1g_fifo.v:197]
WARNING: [Synth 8-7071] port 'tx_start_packet' of module 'eth_mac_1g' is unconnected for instance 'eth_mac_1g_inst' [D:/FPGA/mqnic_prj/rtl/gmii_mac/eth_mac_1g_fifo.v:197]
WARNING: [Synth 8-7071] port 'rx_start_packet' of module 'eth_mac_1g' is unconnected for instance 'eth_mac_1g_inst' [D:/FPGA/mqnic_prj/rtl/gmii_mac/eth_mac_1g_fifo.v:197]
WARNING: [Synth 8-7071] port 'stat_tx_mcf' of module 'eth_mac_1g' is unconnected for instance 'eth_mac_1g_inst' [D:/FPGA/mqnic_prj/rtl/gmii_mac/eth_mac_1g_fifo.v:197]
WARNING: [Synth 8-7071] port 'stat_rx_mcf' of module 'eth_mac_1g' is unconnected for instance 'eth_mac_1g_inst' [D:/FPGA/mqnic_prj/rtl/gmii_mac/eth_mac_1g_fifo.v:197]
WARNING: [Synth 8-7071] port 'stat_tx_lfc_pkt' of module 'eth_mac_1g' is unconnected for instance 'eth_mac_1g_inst' [D:/FPGA/mqnic_prj/rtl/gmii_mac/eth_mac_1g_fifo.v:197]
WARNING: [Synth 8-7071] port 'stat_tx_lfc_xon' of module 'eth_mac_1g' is unconnected for instance 'eth_mac_1g_inst' [D:/FPGA/mqnic_prj/rtl/gmii_mac/eth_mac_1g_fifo.v:197]
WARNING: [Synth 8-7071] port 'stat_tx_lfc_xoff' of module 'eth_mac_1g' is unconnected for instance 'eth_mac_1g_inst' [D:/FPGA/mqnic_prj/rtl/gmii_mac/eth_mac_1g_fifo.v:197]
WARNING: [Synth 8-7071] port 'stat_tx_lfc_paused' of module 'eth_mac_1g' is unconnected for instance 'eth_mac_1g_inst' [D:/FPGA/mqnic_prj/rtl/gmii_mac/eth_mac_1g_fifo.v:197]
WARNING: [Synth 8-7071] port 'stat_tx_pfc_pkt' of module 'eth_mac_1g' is unconnected for instance 'eth_mac_1g_inst' [D:/FPGA/mqnic_prj/rtl/gmii_mac/eth_mac_1g_fifo.v:197]
WARNING: [Synth 8-7071] port 'stat_tx_pfc_xon' of module 'eth_mac_1g' is unconnected for instance 'eth_mac_1g_inst' [D:/FPGA/mqnic_prj/rtl/gmii_mac/eth_mac_1g_fifo.v:197]
WARNING: [Synth 8-7071] port 'stat_tx_pfc_xoff' of module 'eth_mac_1g' is unconnected for instance 'eth_mac_1g_inst' [D:/FPGA/mqnic_prj/rtl/gmii_mac/eth_mac_1g_fifo.v:197]
WARNING: [Synth 8-7071] port 'stat_tx_pfc_paused' of module 'eth_mac_1g' is unconnected for instance 'eth_mac_1g_inst' [D:/FPGA/mqnic_prj/rtl/gmii_mac/eth_mac_1g_fifo.v:197]
WARNING: [Synth 8-7071] port 'stat_rx_lfc_pkt' of module 'eth_mac_1g' is unconnected for instance 'eth_mac_1g_inst' [D:/FPGA/mqnic_prj/rtl/gmii_mac/eth_mac_1g_fifo.v:197]
WARNING: [Synth 8-7071] port 'stat_rx_lfc_xon' of module 'eth_mac_1g' is unconnected for instance 'eth_mac_1g_inst' [D:/FPGA/mqnic_prj/rtl/gmii_mac/eth_mac_1g_fifo.v:197]
WARNING: [Synth 8-7071] port 'stat_rx_lfc_xoff' of module 'eth_mac_1g' is unconnected for instance 'eth_mac_1g_inst' [D:/FPGA/mqnic_prj/rtl/gmii_mac/eth_mac_1g_fifo.v:197]
WARNING: [Synth 8-7071] port 'stat_rx_lfc_paused' of module 'eth_mac_1g' is unconnected for instance 'eth_mac_1g_inst' [D:/FPGA/mqnic_prj/rtl/gmii_mac/eth_mac_1g_fifo.v:197]
WARNING: [Synth 8-7071] port 'stat_rx_pfc_pkt' of module 'eth_mac_1g' is unconnected for instance 'eth_mac_1g_inst' [D:/FPGA/mqnic_prj/rtl/gmii_mac/eth_mac_1g_fifo.v:197]
WARNING: [Synth 8-7071] port 'stat_rx_pfc_xon' of module 'eth_mac_1g' is unconnected for instance 'eth_mac_1g_inst' [D:/FPGA/mqnic_prj/rtl/gmii_mac/eth_mac_1g_fifo.v:197]
WARNING: [Synth 8-7071] port 'stat_rx_pfc_xoff' of module 'eth_mac_1g' is unconnected for instance 'eth_mac_1g_inst' [D:/FPGA/mqnic_prj/rtl/gmii_mac/eth_mac_1g_fifo.v:197]
WARNING: [Synth 8-7071] port 'stat_rx_pfc_paused' of module 'eth_mac_1g' is unconnected for instance 'eth_mac_1g_inst' [D:/FPGA/mqnic_prj/rtl/gmii_mac/eth_mac_1g_fifo.v:197]
WARNING: [Synth 8-7071] port 'cfg_mcf_rx_eth_dst_mcast' of module 'eth_mac_1g' is unconnected for instance 'eth_mac_1g_inst' [D:/FPGA/mqnic_prj/rtl/gmii_mac/eth_mac_1g_fifo.v:197]
WARNING: [Synth 8-7071] port 'cfg_mcf_rx_check_eth_dst_mcast' of module 'eth_mac_1g' is unconnected for instance 'eth_mac_1g_inst' [D:/FPGA/mqnic_prj/rtl/gmii_mac/eth_mac_1g_fifo.v:197]
WARNING: [Synth 8-7071] port 'cfg_mcf_rx_eth_dst_ucast' of module 'eth_mac_1g' is unconnected for instance 'eth_mac_1g_inst' [D:/FPGA/mqnic_prj/rtl/gmii_mac/eth_mac_1g_fifo.v:197]
WARNING: [Synth 8-7071] port 'cfg_mcf_rx_check_eth_dst_ucast' of module 'eth_mac_1g' is unconnected for instance 'eth_mac_1g_inst' [D:/FPGA/mqnic_prj/rtl/gmii_mac/eth_mac_1g_fifo.v:197]
WARNING: [Synth 8-7071] port 'cfg_mcf_rx_eth_src' of module 'eth_mac_1g' is unconnected for instance 'eth_mac_1g_inst' [D:/FPGA/mqnic_prj/rtl/gmii_mac/eth_mac_1g_fifo.v:197]
WARNING: [Synth 8-7071] port 'cfg_mcf_rx_check_eth_src' of module 'eth_mac_1g' is unconnected for instance 'eth_mac_1g_inst' [D:/FPGA/mqnic_prj/rtl/gmii_mac/eth_mac_1g_fifo.v:197]
WARNING: [Synth 8-7071] port 'cfg_mcf_rx_eth_type' of module 'eth_mac_1g' is unconnected for instance 'eth_mac_1g_inst' [D:/FPGA/mqnic_prj/rtl/gmii_mac/eth_mac_1g_fifo.v:197]
WARNING: [Synth 8-7071] port 'cfg_mcf_rx_opcode_lfc' of module 'eth_mac_1g' is unconnected for instance 'eth_mac_1g_inst' [D:/FPGA/mqnic_prj/rtl/gmii_mac/eth_mac_1g_fifo.v:197]
WARNING: [Synth 8-7071] port 'cfg_mcf_rx_check_opcode_lfc' of module 'eth_mac_1g' is unconnected for instance 'eth_mac_1g_inst' [D:/FPGA/mqnic_prj/rtl/gmii_mac/eth_mac_1g_fifo.v:197]
WARNING: [Synth 8-7071] port 'cfg_mcf_rx_opcode_pfc' of module 'eth_mac_1g' is unconnected for instance 'eth_mac_1g_inst' [D:/FPGA/mqnic_prj/rtl/gmii_mac/eth_mac_1g_fifo.v:197]
WARNING: [Synth 8-7071] port 'cfg_mcf_rx_check_opcode_pfc' of module 'eth_mac_1g' is unconnected for instance 'eth_mac_1g_inst' [D:/FPGA/mqnic_prj/rtl/gmii_mac/eth_mac_1g_fifo.v:197]
WARNING: [Synth 8-7071] port 'cfg_mcf_rx_forward' of module 'eth_mac_1g' is unconnected for instance 'eth_mac_1g_inst' [D:/FPGA/mqnic_prj/rtl/gmii_mac/eth_mac_1g_fifo.v:197]
WARNING: [Synth 8-7071] port 'cfg_mcf_rx_enable' of module 'eth_mac_1g' is unconnected for instance 'eth_mac_1g_inst' [D:/FPGA/mqnic_prj/rtl/gmii_mac/eth_mac_1g_fifo.v:197]
WARNING: [Synth 8-7071] port 'cfg_tx_lfc_eth_dst' of module 'eth_mac_1g' is unconnected for instance 'eth_mac_1g_inst' [D:/FPGA/mqnic_prj/rtl/gmii_mac/eth_mac_1g_fifo.v:197]
WARNING: [Synth 8-7071] port 'cfg_tx_lfc_eth_src' of module 'eth_mac_1g' is unconnected for instance 'eth_mac_1g_inst' [D:/FPGA/mqnic_prj/rtl/gmii_mac/eth_mac_1g_fifo.v:197]
WARNING: [Synth 8-7071] port 'cfg_tx_lfc_eth_type' of module 'eth_mac_1g' is unconnected for instance 'eth_mac_1g_inst' [D:/FPGA/mqnic_prj/rtl/gmii_mac/eth_mac_1g_fifo.v:197]
WARNING: [Synth 8-7071] port 'cfg_tx_lfc_opcode' of module 'eth_mac_1g' is unconnected for instance 'eth_mac_1g_inst' [D:/FPGA/mqnic_prj/rtl/gmii_mac/eth_mac_1g_fifo.v:197]
WARNING: [Synth 8-7071] port 'cfg_tx_lfc_en' of module 'eth_mac_1g' is unconnected for instance 'eth_mac_1g_inst' [D:/FPGA/mqnic_prj/rtl/gmii_mac/eth_mac_1g_fifo.v:197]
WARNING: [Synth 8-7071] port 'cfg_tx_lfc_quanta' of module 'eth_mac_1g' is unconnected for instance 'eth_mac_1g_inst' [D:/FPGA/mqnic_prj/rtl/gmii_mac/eth_mac_1g_fifo.v:197]
WARNING: [Synth 8-7071] port 'cfg_tx_lfc_refresh' of module 'eth_mac_1g' is unconnected for instance 'eth_mac_1g_inst' [D:/FPGA/mqnic_prj/rtl/gmii_mac/eth_mac_1g_fifo.v:197]
WARNING: [Synth 8-7071] port 'cfg_tx_pfc_eth_dst' of module 'eth_mac_1g' is unconnected for instance 'eth_mac_1g_inst' [D:/FPGA/mqnic_prj/rtl/gmii_mac/eth_mac_1g_fifo.v:197]
WARNING: [Synth 8-7071] port 'cfg_tx_pfc_eth_src' of module 'eth_mac_1g' is unconnected for instance 'eth_mac_1g_inst' [D:/FPGA/mqnic_prj/rtl/gmii_mac/eth_mac_1g_fifo.v:197]
WARNING: [Synth 8-7071] port 'cfg_tx_pfc_eth_type' of module 'eth_mac_1g' is unconnected for instance 'eth_mac_1g_inst' [D:/FPGA/mqnic_prj/rtl/gmii_mac/eth_mac_1g_fifo.v:197]
WARNING: [Synth 8-7071] port 'cfg_tx_pfc_opcode' of module 'eth_mac_1g' is unconnected for instance 'eth_mac_1g_inst' [D:/FPGA/mqnic_prj/rtl/gmii_mac/eth_mac_1g_fifo.v:197]
WARNING: [Synth 8-7071] port 'cfg_tx_pfc_en' of module 'eth_mac_1g' is unconnected for instance 'eth_mac_1g_inst' [D:/FPGA/mqnic_prj/rtl/gmii_mac/eth_mac_1g_fifo.v:197]
WARNING: [Synth 8-7071] port 'cfg_tx_pfc_quanta' of module 'eth_mac_1g' is unconnected for instance 'eth_mac_1g_inst' [D:/FPGA/mqnic_prj/rtl/gmii_mac/eth_mac_1g_fifo.v:197]
WARNING: [Synth 8-7071] port 'cfg_tx_pfc_refresh' of module 'eth_mac_1g' is unconnected for instance 'eth_mac_1g_inst' [D:/FPGA/mqnic_prj/rtl/gmii_mac/eth_mac_1g_fifo.v:197]
WARNING: [Synth 8-7071] port 'cfg_rx_lfc_opcode' of module 'eth_mac_1g' is unconnected for instance 'eth_mac_1g_inst' [D:/FPGA/mqnic_prj/rtl/gmii_mac/eth_mac_1g_fifo.v:197]
WARNING: [Synth 8-7071] port 'cfg_rx_lfc_en' of module 'eth_mac_1g' is unconnected for instance 'eth_mac_1g_inst' [D:/FPGA/mqnic_prj/rtl/gmii_mac/eth_mac_1g_fifo.v:197]
WARNING: [Synth 8-7071] port 'cfg_rx_pfc_opcode' of module 'eth_mac_1g' is unconnected for instance 'eth_mac_1g_inst' [D:/FPGA/mqnic_prj/rtl/gmii_mac/eth_mac_1g_fifo.v:197]
WARNING: [Synth 8-7071] port 'cfg_rx_pfc_en' of module 'eth_mac_1g' is unconnected for instance 'eth_mac_1g_inst' [D:/FPGA/mqnic_prj/rtl/gmii_mac/eth_mac_1g_fifo.v:197]
WARNING: [Synth 8-7023] instance 'eth_mac_1g_inst' of module 'eth_mac_1g' has 98 connections declared, but only 29 given [D:/FPGA/mqnic_prj/rtl/gmii_mac/eth_mac_1g_fifo.v:197]
INFO: [Synth 8-6157] synthesizing module 'axis_async_fifo_adapter' [D:/FPGA/mqnic_prj/mqnic_prj.srcs/sources_1/imports/fpga_pcie/lib/axis/rtl/axis_async_fifo_adapter.v:34]
	Parameter DEPTH bound to: 32768 - type: integer 
	Parameter S_DATA_WIDTH bound to: 64 - type: integer 
	Parameter S_KEEP_ENABLE bound to: 1 - type: integer 
	Parameter S_KEEP_WIDTH bound to: 8 - type: integer 
	Parameter M_DATA_WIDTH bound to: 8 - type: integer 
	Parameter M_KEEP_ENABLE bound to: 0 - type: integer 
	Parameter ID_ENABLE bound to: 0 - type: integer 
	Parameter DEST_ENABLE bound to: 0 - type: integer 
	Parameter USER_ENABLE bound to: 1 - type: integer 
	Parameter USER_WIDTH bound to: 1 - type: integer 
	Parameter RAM_PIPELINE bound to: 1 - type: integer 
	Parameter FRAME_FIFO bound to: 1 - type: integer 
	Parameter USER_BAD_FRAME_VALUE bound to: 1'b1 
	Parameter USER_BAD_FRAME_MASK bound to: 1'b1 
	Parameter DROP_OVERSIZE_FRAME bound to: 1 - type: integer 
	Parameter DROP_BAD_FRAME bound to: 1 - type: integer 
	Parameter DROP_WHEN_FULL bound to: 0 - type: integer 
INFO: [Synth 8-6157] synthesizing module 'axis_adapter' [D:/FPGA/mqnic_prj/mqnic_prj.srcs/sources_1/imports/fpga_pcie/lib/axis/rtl/axis_adapter.v:34]
	Parameter S_DATA_WIDTH bound to: 64 - type: integer 
	Parameter S_KEEP_ENABLE bound to: 1 - type: integer 
	Parameter S_KEEP_WIDTH bound to: 8 - type: integer 
	Parameter M_DATA_WIDTH bound to: 8 - type: integer 
	Parameter M_KEEP_ENABLE bound to: 0 - type: integer 
	Parameter M_KEEP_WIDTH bound to: 1 - type: integer 
	Parameter ID_ENABLE bound to: 0 - type: integer 
	Parameter ID_WIDTH bound to: 8 - type: integer 
	Parameter DEST_ENABLE bound to: 0 - type: integer 
	Parameter DEST_WIDTH bound to: 8 - type: integer 
	Parameter USER_ENABLE bound to: 1 - type: integer 
	Parameter USER_WIDTH bound to: 1 - type: integer 
INFO: [Synth 8-6155] done synthesizing module 'axis_adapter' (0#1) [D:/FPGA/mqnic_prj/mqnic_prj.srcs/sources_1/imports/fpga_pcie/lib/axis/rtl/axis_adapter.v:34]
INFO: [Synth 8-6157] synthesizing module 'axis_async_fifo' [D:/FPGA/mqnic_prj/mqnic_prj.srcs/sources_1/imports/fpga_pcie/lib/axis/rtl/axis_async_fifo.v:34]
	Parameter DEPTH bound to: 32768 - type: integer 
	Parameter DATA_WIDTH bound to: 64 - type: integer 
	Parameter KEEP_ENABLE bound to: 1 - type: integer 
	Parameter KEEP_WIDTH bound to: 8 - type: integer 
	Parameter LAST_ENABLE bound to: 1 - type: integer 
	Parameter ID_ENABLE bound to: 0 - type: integer 
	Parameter ID_WIDTH bound to: 8 - type: integer 
	Parameter DEST_ENABLE bound to: 0 - type: integer 
	Parameter DEST_WIDTH bound to: 8 - type: integer 
	Parameter USER_ENABLE bound to: 1 - type: integer 
	Parameter USER_WIDTH bound to: 1 - type: integer 
	Parameter RAM_PIPELINE bound to: 1 - type: integer 
	Parameter OUTPUT_FIFO_ENABLE bound to: 0 - type: integer 
	Parameter FRAME_FIFO bound to: 1 - type: integer 
	Parameter USER_BAD_FRAME_VALUE bound to: 1'b1 
	Parameter USER_BAD_FRAME_MASK bound to: 1'b1 
	Parameter DROP_OVERSIZE_FRAME bound to: 1 - type: integer 
	Parameter DROP_BAD_FRAME bound to: 1 - type: integer 
	Parameter DROP_WHEN_FULL bound to: 0 - type: integer 
	Parameter MARK_WHEN_FULL bound to: 0 - type: integer 
	Parameter PAUSE_ENABLE bound to: 0 - type: integer 
	Parameter FRAME_PAUSE bound to: 1 - type: integer 
INFO: [Synth 8-6155] done synthesizing module 'axis_async_fifo' (0#1) [D:/FPGA/mqnic_prj/mqnic_prj.srcs/sources_1/imports/fpga_pcie/lib/axis/rtl/axis_async_fifo.v:34]
INFO: [Synth 8-6155] done synthesizing module 'axis_async_fifo_adapter' (0#1) [D:/FPGA/mqnic_prj/mqnic_prj.srcs/sources_1/imports/fpga_pcie/lib/axis/rtl/axis_async_fifo_adapter.v:34]
WARNING: [Synth 8-7071] port 's_pause_req' of module 'axis_async_fifo_adapter' is unconnected for instance 'tx_fifo' [D:/FPGA/mqnic_prj/rtl/gmii_mac/eth_mac_1g_fifo.v:248]
WARNING: [Synth 8-7071] port 's_pause_ack' of module 'axis_async_fifo_adapter' is unconnected for instance 'tx_fifo' [D:/FPGA/mqnic_prj/rtl/gmii_mac/eth_mac_1g_fifo.v:248]
WARNING: [Synth 8-7071] port 'm_pause_req' of module 'axis_async_fifo_adapter' is unconnected for instance 'tx_fifo' [D:/FPGA/mqnic_prj/rtl/gmii_mac/eth_mac_1g_fifo.v:248]
WARNING: [Synth 8-7071] port 'm_pause_ack' of module 'axis_async_fifo_adapter' is unconnected for instance 'tx_fifo' [D:/FPGA/mqnic_prj/rtl/gmii_mac/eth_mac_1g_fifo.v:248]
WARNING: [Synth 8-7071] port 's_status_depth' of module 'axis_async_fifo_adapter' is unconnected for instance 'tx_fifo' [D:/FPGA/mqnic_prj/rtl/gmii_mac/eth_mac_1g_fifo.v:248]
WARNING: [Synth 8-7071] port 's_status_depth_commit' of module 'axis_async_fifo_adapter' is unconnected for instance 'tx_fifo' [D:/FPGA/mqnic_prj/rtl/gmii_mac/eth_mac_1g_fifo.v:248]
WARNING: [Synth 8-7071] port 'm_status_depth' of module 'axis_async_fifo_adapter' is unconnected for instance 'tx_fifo' [D:/FPGA/mqnic_prj/rtl/gmii_mac/eth_mac_1g_fifo.v:248]
WARNING: [Synth 8-7071] port 'm_status_depth_commit' of module 'axis_async_fifo_adapter' is unconnected for instance 'tx_fifo' [D:/FPGA/mqnic_prj/rtl/gmii_mac/eth_mac_1g_fifo.v:248]
WARNING: [Synth 8-7023] instance 'tx_fifo' of module 'axis_async_fifo_adapter' has 34 connections declared, but only 26 given [D:/FPGA/mqnic_prj/rtl/gmii_mac/eth_mac_1g_fifo.v:248]
INFO: [Synth 8-6157] synthesizing module 'axis_async_fifo_adapter__parameterized0' [D:/FPGA/mqnic_prj/mqnic_prj.srcs/sources_1/imports/fpga_pcie/lib/axis/rtl/axis_async_fifo_adapter.v:34]
	Parameter DEPTH bound to: 65536 - type: integer 
	Parameter S_DATA_WIDTH bound to: 8 - type: integer 
	Parameter S_KEEP_ENABLE bound to: 0 - type: integer 
	Parameter M_DATA_WIDTH bound to: 64 - type: integer 
	Parameter M_KEEP_ENABLE bound to: 1 - type: integer 
	Parameter M_KEEP_WIDTH bound to: 8 - type: integer 
	Parameter ID_ENABLE bound to: 0 - type: integer 
	Parameter DEST_ENABLE bound to: 0 - type: integer 
	Parameter USER_ENABLE bound to: 1 - type: integer 
	Parameter USER_WIDTH bound to: 1 - type: integer 
	Parameter RAM_PIPELINE bound to: 1 - type: integer 
	Parameter FRAME_FIFO bound to: 1 - type: integer 
	Parameter USER_BAD_FRAME_VALUE bound to: 1'b1 
	Parameter USER_BAD_FRAME_MASK bound to: 1'b1 
	Parameter DROP_OVERSIZE_FRAME bound to: 1 - type: integer 
	Parameter DROP_BAD_FRAME bound to: 1 - type: integer 
	Parameter DROP_WHEN_FULL bound to: 1 - type: integer 
INFO: [Synth 8-6157] synthesizing module 'axis_adapter__parameterized0' [D:/FPGA/mqnic_prj/mqnic_prj.srcs/sources_1/imports/fpga_pcie/lib/axis/rtl/axis_adapter.v:34]
	Parameter S_DATA_WIDTH bound to: 8 - type: integer 
	Parameter S_KEEP_ENABLE bound to: 0 - type: integer 
	Parameter S_KEEP_WIDTH bound to: 1 - type: integer 
	Parameter M_DATA_WIDTH bound to: 64 - type: integer 
	Parameter M_KEEP_ENABLE bound to: 1 - type: integer 
	Parameter M_KEEP_WIDTH bound to: 8 - type: integer 
	Parameter ID_ENABLE bound to: 0 - type: integer 
	Parameter ID_WIDTH bound to: 8 - type: integer 
	Parameter DEST_ENABLE bound to: 0 - type: integer 
	Parameter DEST_WIDTH bound to: 8 - type: integer 
	Parameter USER_ENABLE bound to: 1 - type: integer 
	Parameter USER_WIDTH bound to: 1 - type: integer 
INFO: [Synth 8-6155] done synthesizing module 'axis_adapter__parameterized0' (0#1) [D:/FPGA/mqnic_prj/mqnic_prj.srcs/sources_1/imports/fpga_pcie/lib/axis/rtl/axis_adapter.v:34]
INFO: [Synth 8-6157] synthesizing module 'axis_async_fifo__parameterized0' [D:/FPGA/mqnic_prj/mqnic_prj.srcs/sources_1/imports/fpga_pcie/lib/axis/rtl/axis_async_fifo.v:34]
	Parameter DEPTH bound to: 65536 - type: integer 
	Parameter DATA_WIDTH bound to: 64 - type: integer 
	Parameter KEEP_ENABLE bound to: 1 - type: integer 
	Parameter KEEP_WIDTH bound to: 8 - type: integer 
	Parameter LAST_ENABLE bound to: 1 - type: integer 
	Parameter ID_ENABLE bound to: 0 - type: integer 
	Parameter ID_WIDTH bound to: 8 - type: integer 
	Parameter DEST_ENABLE bound to: 0 - type: integer 
	Parameter DEST_WIDTH bound to: 8 - type: integer 
	Parameter USER_ENABLE bound to: 1 - type: integer 
	Parameter USER_WIDTH bound to: 1 - type: integer 
	Parameter RAM_PIPELINE bound to: 1 - type: integer 
	Parameter OUTPUT_FIFO_ENABLE bound to: 0 - type: integer 
	Parameter FRAME_FIFO bound to: 1 - type: integer 
	Parameter USER_BAD_FRAME_VALUE bound to: 1'b1 
	Parameter USER_BAD_FRAME_MASK bound to: 1'b1 
	Parameter DROP_OVERSIZE_FRAME bound to: 1 - type: integer 
	Parameter DROP_BAD_FRAME bound to: 1 - type: integer 
	Parameter DROP_WHEN_FULL bound to: 1 - type: integer 
	Parameter MARK_WHEN_FULL bound to: 0 - type: integer 
	Parameter PAUSE_ENABLE bound to: 0 - type: integer 
	Parameter FRAME_PAUSE bound to: 1 - type: integer 
INFO: [Synth 8-6155] done synthesizing module 'axis_async_fifo__parameterized0' (0#1) [D:/FPGA/mqnic_prj/mqnic_prj.srcs/sources_1/imports/fpga_pcie/lib/axis/rtl/axis_async_fifo.v:34]
INFO: [Synth 8-6155] done synthesizing module 'axis_async_fifo_adapter__parameterized0' (0#1) [D:/FPGA/mqnic_prj/mqnic_prj.srcs/sources_1/imports/fpga_pcie/lib/axis/rtl/axis_async_fifo_adapter.v:34]
WARNING: [Synth 8-7071] port 's_pause_req' of module 'axis_async_fifo_adapter' is unconnected for instance 'rx_fifo' [D:/FPGA/mqnic_prj/rtl/gmii_mac/eth_mac_1g_fifo.v:299]
WARNING: [Synth 8-7071] port 's_pause_ack' of module 'axis_async_fifo_adapter' is unconnected for instance 'rx_fifo' [D:/FPGA/mqnic_prj/rtl/gmii_mac/eth_mac_1g_fifo.v:299]
WARNING: [Synth 8-7071] port 'm_pause_req' of module 'axis_async_fifo_adapter' is unconnected for instance 'rx_fifo' [D:/FPGA/mqnic_prj/rtl/gmii_mac/eth_mac_1g_fifo.v:299]
WARNING: [Synth 8-7071] port 'm_pause_ack' of module 'axis_async_fifo_adapter' is unconnected for instance 'rx_fifo' [D:/FPGA/mqnic_prj/rtl/gmii_mac/eth_mac_1g_fifo.v:299]
WARNING: [Synth 8-7071] port 's_status_depth' of module 'axis_async_fifo_adapter' is unconnected for instance 'rx_fifo' [D:/FPGA/mqnic_prj/rtl/gmii_mac/eth_mac_1g_fifo.v:299]
WARNING: [Synth 8-7071] port 's_status_depth_commit' of module 'axis_async_fifo_adapter' is unconnected for instance 'rx_fifo' [D:/FPGA/mqnic_prj/rtl/gmii_mac/eth_mac_1g_fifo.v:299]
WARNING: [Synth 8-7071] port 'm_status_depth' of module 'axis_async_fifo_adapter' is unconnected for instance 'rx_fifo' [D:/FPGA/mqnic_prj/rtl/gmii_mac/eth_mac_1g_fifo.v:299]
WARNING: [Synth 8-7071] port 'm_status_depth_commit' of module 'axis_async_fifo_adapter' is unconnected for instance 'rx_fifo' [D:/FPGA/mqnic_prj/rtl/gmii_mac/eth_mac_1g_fifo.v:299]
WARNING: [Synth 8-7023] instance 'rx_fifo' of module 'axis_async_fifo_adapter' has 34 connections declared, but only 26 given [D:/FPGA/mqnic_prj/rtl/gmii_mac/eth_mac_1g_fifo.v:299]
INFO: [Synth 8-6155] done synthesizing module 'eth_mac_1g_fifo' (0#1) [D:/FPGA/mqnic_prj/rtl/gmii_mac/eth_mac_1g_fifo.v:34]
INFO: [Synth 8-6157] synthesizing module 'mqnic_core_pcie_us' [D:/FPGA/mqnic_prj/mqnic_prj.srcs/sources_1/imports/fpga_pcie/rtl/common/mqnic_core_pcie_us.v:15]
	Parameter FPGA_ID bound to: 74645651 - type: integer 
	Parameter FW_ID bound to: 0 - type: integer 
	Parameter FW_VER bound to: 256 - type: integer 
	Parameter BOARD_ID bound to: 284069994 - type: integer 
	Parameter BOARD_VER bound to: 16777216 - type: integer 
	Parameter BUILD_DATE bound to: 1783950777 - type: integer 
	Parameter GIT_HASH bound to: 0 - type: integer 
	Parameter RELEASE_INFO bound to: 0 - type: integer 
	Parameter IF_COUNT bound to: 1 - type: integer 
	Parameter PORTS_PER_IF bound to: 1 - type: integer 
	Parameter SCHED_PER_IF bound to: 1 - type: integer 
	Parameter PORT_COUNT bound to: 1 - type: integer 
	Parameter CLK_PERIOD_NS_NUM bound to: 4 - type: integer 
	Parameter CLK_PERIOD_NS_DENOM bound to: 1 - type: integer 
	Parameter PTP_CLK_PERIOD_NS_NUM bound to: 8 - type: integer 
	Parameter PTP_CLK_PERIOD_NS_DENOM bound to: 1 - type: integer 
	Parameter PTP_TS_WIDTH bound to: 96 - type: integer 
	Parameter PTP_CLOCK_PIPELINE bound to: 0 - type: integer 
	Parameter PTP_CLOCK_CDC_PIPELINE bound to: 0 - type: integer 
	Parameter PTP_SEPARATE_TX_CLOCK bound to: 0 - type: integer 
	Parameter PTP_SEPARATE_RX_CLOCK bound to: 0 - type: integer 
	Parameter PTP_PORT_CDC_PIPELINE bound to: 0 - type: integer 
	Parameter PTP_PEROUT_ENABLE bound to: 1 - type: integer 
	Parameter PTP_PEROUT_COUNT bound to: 1 - type: integer 
	Parameter EVENT_QUEUE_OP_TABLE_SIZE bound to: 32 - type: integer 
	Parameter TX_QUEUE_OP_TABLE_SIZE bound to: 32 - type: integer 
	Parameter RX_QUEUE_OP_TABLE_SIZE bound to: 32 - type: integer 
	Parameter CQ_OP_TABLE_SIZE bound to: 32 - type: integer 
	Parameter EQN_WIDTH bound to: 6 - type: integer 
	Parameter TX_QUEUE_INDEX_WIDTH bound to: 13 - type: integer 
	Parameter RX_QUEUE_INDEX_WIDTH bound to: 8 - type: integer 
	Parameter CQN_WIDTH bound to: 14 - type: integer 
	Parameter EQ_PIPELINE bound to: 3 - type: integer 
	Parameter TX_QUEUE_PIPELINE bound to: 4 - type: integer 
	Parameter RX_QUEUE_PIPELINE bound to: 3 - type: integer 
	Parameter CQ_PIPELINE bound to: 5 - type: integer 
	Parameter TX_DESC_TABLE_SIZE bound to: 32 - type: integer 
	Parameter RX_DESC_TABLE_SIZE bound to: 32 - type: integer 
	Parameter RX_INDIR_TBL_ADDR_WIDTH bound to: 8 - type: integer 
	Parameter TX_SCHEDULER_OP_TABLE_SIZE bound to: 32 - type: integer 
	Parameter TX_SCHEDULER_PIPELINE bound to: 4 - type: integer 
	Parameter TDMA_INDEX_WIDTH bound to: 6 - type: integer 
	Parameter PTP_TS_ENABLE bound to: 1 - type: integer 
	Parameter TX_CPL_ENABLE bound to: 0 - type: integer 
	Parameter TX_CPL_FIFO_DEPTH bound to: 32 - type: integer 
	Parameter TX_TAG_WIDTH bound to: 16 - type: integer 
	Parameter TX_CHECKSUM_ENABLE bound to: 1 - type: integer 
	Parameter RX_HASH_ENABLE bound to: 1 - type: integer 
	Parameter RX_CHECKSUM_ENABLE bound to: 1 - type: integer 
	Parameter TX_FIFO_DEPTH bound to: 32768 - type: integer 
	Parameter RX_FIFO_DEPTH bound to: 65536 - type: integer 
	Parameter MAX_TX_SIZE bound to: 9214 - type: integer 
	Parameter MAX_RX_SIZE bound to: 9214 - type: integer 
	Parameter TX_RAM_SIZE bound to: 32768 - type: integer 
	Parameter RX_RAM_SIZE bound to: 32768 - type: integer 
	Parameter APP_ID bound to: 0 - type: integer 
	Parameter APP_ENABLE bound to: 0 - type: integer 
	Parameter APP_CTRL_ENABLE bound to: 1 - type: integer 
	Parameter APP_DMA_ENABLE bound to: 1 - type: integer 
	Parameter APP_AXIS_DIRECT_ENABLE bound to: 1 - type: integer 
	Parameter APP_AXIS_SYNC_ENABLE bound to: 1 - type: integer 
	Parameter APP_AXIS_IF_ENABLE bound to: 1 - type: integer 
	Parameter APP_STAT_ENABLE bound to: 1 - type: integer 
	Parameter APP_GPIO_IN_WIDTH bound to: 32 - type: integer 
	Parameter APP_GPIO_OUT_WIDTH bound to: 32 - type: integer 
	Parameter DDR_CH bound to: 1 - type: integer 
	Parameter DDR_ENABLE bound to: 0 - type: integer 
	Parameter DDR_GROUP_SIZE bound to: 1 - type: integer 
	Parameter AXI_DDR_DATA_WIDTH bound to: 512 - type: integer 
	Parameter AXI_DDR_ADDR_WIDTH bound to: 31 - type: integer 
	Parameter AXI_DDR_STRB_WIDTH bound to: 64 - type: integer 
	Parameter AXI_DDR_ID_WIDTH bound to: 8 - type: integer 
	Parameter AXI_DDR_AWUSER_ENABLE bound to: 0 - type: integer 
	Parameter AXI_DDR_WUSER_ENABLE bound to: 0 - type: integer 
	Parameter AXI_DDR_BUSER_ENABLE bound to: 0 - type: integer 
	Parameter AXI_DDR_ARUSER_ENABLE bound to: 0 - type: integer 
	Parameter AXI_DDR_RUSER_ENABLE bound to: 0 - type: integer 
	Parameter AXI_DDR_MAX_BURST_LEN bound to: 256 - type: integer 
	Parameter AXI_DDR_NARROW_BURST bound to: 0 - type: integer 
	Parameter AXI_DDR_FIXED_BURST bound to: 0 - type: integer 
	Parameter AXI_DDR_WRAP_BURST bound to: 1 - type: integer 
	Parameter HBM_ENABLE bound to: 0 - type: integer 
	Parameter DMA_IMM_ENABLE bound to: 0 - type: integer 
	Parameter DMA_IMM_WIDTH bound to: 32 - type: integer 
	Parameter DMA_LEN_WIDTH bound to: 16 - type: integer 
	Parameter DMA_TAG_WIDTH bound to: 16 - type: integer 
	Parameter RAM_ADDR_WIDTH bound to: 15 - type: integer 
	Parameter RAM_PIPELINE bound to: 2 - type: integer 
	Parameter AXIS_PCIE_DATA_WIDTH bound to: 128 - type: integer 
	Parameter AXIS_PCIE_KEEP_WIDTH bound to: 4 - type: integer 
	Parameter AXIS_PCIE_RC_USER_WIDTH bound to: 75 - type: integer 
	Parameter AXIS_PCIE_RQ_USER_WIDTH bound to: 62 - type: integer 
	Parameter AXIS_PCIE_CQ_USER_WIDTH bound to: 85 - type: integer 
	Parameter AXIS_PCIE_CC_USER_WIDTH bound to: 33 - type: integer 
	Parameter RC_STRADDLE bound to: 1'b0 
	Parameter RQ_STRADDLE bound to: 1'b0 
	Parameter CQ_STRADDLE bound to: 1'b0 
	Parameter CC_STRADDLE bound to: 1'b0 
	Parameter RQ_SEQ_NUM_WIDTH bound to: 6 - type: integer 
	Parameter PF_COUNT bound to: 1 - type: integer 
	Parameter VF_COUNT bound to: 0 - type: integer 
	Parameter F_COUNT bound to: 1 - type: integer 
	Parameter PCIE_TAG_COUNT bound to: 256 - type: integer 
	Parameter IRQ_INDEX_WIDTH bound to: 6 - type: integer 
	Parameter AXIL_CTRL_DATA_WIDTH bound to: 32 - type: integer 
	Parameter AXIL_CTRL_ADDR_WIDTH bound to: 24 - type: integer 
	Parameter AXIL_CTRL_STRB_WIDTH bound to: 4 - type: integer 
	Parameter AXIL_IF_CTRL_ADDR_WIDTH bound to: 24 - type: integer 
	Parameter AXIL_CSR_ADDR_WIDTH bound to: 19 - type: integer 
	Parameter AXIL_CSR_PASSTHROUGH_ENABLE bound to: 0 - type: integer 
	Parameter RB_NEXT_PTR bound to: 16'b0001000000000000 
	Parameter AXIL_APP_CTRL_DATA_WIDTH bound to: 32 - type: integer 
	Parameter AXIL_APP_CTRL_ADDR_WIDTH bound to: 24 - type: integer 
	Parameter AXIS_ETH_DATA_WIDTH bound to: 64 - type: integer 
	Parameter AXIS_ETH_KEEP_WIDTH bound to: 8 - type: integer 
	Parameter AXIS_ETH_SYNC_DATA_WIDTH bound to: 64 - type: integer 
	Parameter AXIS_ETH_TX_USER_WIDTH bound to: 17 - type: integer 
	Parameter AXIS_ETH_RX_USER_WIDTH bound to: 97 - type: integer 
	Parameter AXIS_ETH_RX_USE_READY bound to: 1 - type: integer 
	Parameter AXIS_ETH_TX_PIPELINE bound to: 0 - type: integer 
	Parameter AXIS_ETH_TX_FIFO_PIPELINE bound to: 2 - type: integer 
	Parameter AXIS_ETH_TX_TS_PIPELINE bound to: 0 - type: integer 
	Parameter AXIS_ETH_RX_PIPELINE bound to: 0 - type: integer 
	Parameter AXIS_ETH_RX_FIFO_PIPELINE bound to: 2 - type: integer 
	Parameter STAT_ENABLE bound to: 1 - type: integer 
	Parameter STAT_DMA_ENABLE bound to: 1 - type: integer 
	Parameter STAT_PCIE_ENABLE bound to: 1 - type: integer 
	Parameter STAT_INC_WIDTH bound to: 24 - type: integer 
	Parameter STAT_ID_WIDTH bound to: 12 - type: integer 
INFO: [Synth 8-6157] synthesizing module 'pcie_us_if' [D:/FPGA/mqnic_prj/mqnic_prj.srcs/sources_1/imports/fpga_pcie/lib/pcie/rtl/pcie_us_if.v:34]
	Parameter AXIS_PCIE_DATA_WIDTH bound to: 128 - type: integer 
	Parameter AXIS_PCIE_KEEP_WIDTH bound to: 4 - type: integer 
	Parameter AXIS_PCIE_RC_USER_WIDTH bound to: 75 - type: integer 
	Parameter AXIS_PCIE_RQ_USER_WIDTH bound to: 62 - type: integer 
	Parameter AXIS_PCIE_CQ_USER_WIDTH bound to: 85 - type: integer 
	Parameter AXIS_PCIE_CC_USER_WIDTH bound to: 33 - type: integer 
	Parameter RC_STRADDLE bound to: 1'b0 
	Parameter RQ_STRADDLE bound to: 1'b0 
	Parameter CQ_STRADDLE bound to: 1'b0 
	Parameter CC_STRADDLE bound to: 1'b0 
	Parameter RQ_SEQ_NUM_WIDTH bound to: 6 - type: integer 
	Parameter TLP_DATA_WIDTH bound to: 128 - type: integer 
	Parameter TLP_STRB_WIDTH bound to: 4 - type: integer 
	Parameter TLP_HDR_WIDTH bound to: 128 - type: integer 
	Parameter TLP_SEG_COUNT bound to: 1 - type: integer 
	Parameter TX_SEQ_NUM_COUNT bound to: 1 - type: integer 
	Parameter TX_SEQ_NUM_WIDTH bound to: 5 - type: integer 
	Parameter PF_COUNT bound to: 1 - type: integer 
	Parameter VF_COUNT bound to: 0 - type: integer 
	Parameter READ_EXT_TAG_ENABLE bound to: 1 - type: integer 
	Parameter READ_MAX_READ_REQ_SIZE bound to: 1 - type: integer 
	Parameter READ_MAX_PAYLOAD_SIZE bound to: 1 - type: integer 
	Parameter MSIX_ENABLE bound to: 1 - type: integer 
	Parameter MSI_ENABLE bound to: 0 - type: integer 
INFO: [Synth 8-6157] synthesizing module 'pcie_us_cfg' [D:/FPGA/mqnic_prj/mqnic_prj.srcs/sources_1/imports/fpga_pcie/lib/pcie/rtl/pcie_us_cfg.v:34]
	Parameter PF_COUNT bound to: 1 - type: integer 
	Parameter VF_COUNT bound to: 0 - type: integer 
	Parameter VF_OFFSET bound to: 4 - type: integer 
	Parameter PCIE_CAP_OFFSET bound to: 12'b000001110000 
INFO: [Synth 8-6155] done synthesizing module 'pcie_us_cfg' (0#1) [D:/FPGA/mqnic_prj/mqnic_prj.srcs/sources_1/imports/fpga_pcie/lib/pcie/rtl/pcie_us_cfg.v:34]
INFO: [Synth 8-6157] synthesizing module 'pcie_us_if_rc' [D:/FPGA/mqnic_prj/mqnic_prj.srcs/sources_1/imports/fpga_pcie/lib/pcie/rtl/pcie_us_if_rc.v:34]
	Parameter AXIS_PCIE_DATA_WIDTH bound to: 128 - type: integer 
	Parameter AXIS_PCIE_KEEP_WIDTH bound to: 4 - type: integer 
	Parameter AXIS_PCIE_RC_USER_WIDTH bound to: 75 - type: integer 
	Parameter RC_STRADDLE bound to: 1'b0 
	Parameter TLP_DATA_WIDTH bound to: 128 - type: integer 
	Parameter TLP_STRB_WIDTH bound to: 4 - type: integer 
	Parameter TLP_HDR_WIDTH bound to: 128 - type: integer 
	Parameter TLP_SEG_COUNT bound to: 1 - type: integer 
INFO: [Synth 8-6157] synthesizing module 'pcie_tlp_fifo' [D:/FPGA/mqnic_prj/mqnic_prj.srcs/sources_1/imports/fpga_pcie/lib/pcie/rtl/pcie_tlp_fifo.v:34]
	Parameter DEPTH bound to: 512 - type: integer 
	Parameter TLP_DATA_WIDTH bound to: 128 - type: integer 
	Parameter TLP_STRB_WIDTH bound to: 4 - type: integer 
	Parameter TLP_HDR_WIDTH bound to: 128 - type: integer 
	Parameter SEQ_NUM_WIDTH bound to: 1 - type: integer 
	Parameter IN_TLP_SEG_COUNT bound to: 1 - type: integer 
	Parameter OUT_TLP_SEG_COUNT bound to: 1 - type: integer 
INFO: [Synth 8-6157] synthesizing module 'pcie_tlp_fifo_raw' [D:/FPGA/mqnic_prj/mqnic_prj.srcs/sources_1/imports/fpga_pcie/lib/pcie/rtl/pcie_tlp_fifo_raw.v:34]
	Parameter DEPTH bound to: 512 - type: integer 
	Parameter TLP_DATA_WIDTH bound to: 128 - type: integer 
	Parameter TLP_STRB_WIDTH bound to: 4 - type: integer 
	Parameter TLP_HDR_WIDTH bound to: 128 - type: integer 
	Parameter SEQ_NUM_WIDTH bound to: 1 - type: integer 
	Parameter IN_TLP_SEG_COUNT bound to: 1 - type: integer 
	Parameter OUT_TLP_SEG_COUNT bound to: 1 - type: integer 
	Parameter SEG_SEL_WIDTH bound to: 0 - type: integer 
	Parameter WATERMARK bound to: 256 - type: integer 
	Parameter CTRL_OUT_EN bound to: 1'b0 
INFO: [Synth 8-6155] done synthesizing module 'pcie_tlp_fifo_raw' (0#1) [D:/FPGA/mqnic_prj/mqnic_prj.srcs/sources_1/imports/fpga_pcie/lib/pcie/rtl/pcie_tlp_fifo_raw.v:34]
INFO: [Synth 8-6155] done synthesizing module 'pcie_tlp_fifo' (0#1) [D:/FPGA/mqnic_prj/mqnic_prj.srcs/sources_1/imports/fpga_pcie/lib/pcie/rtl/pcie_tlp_fifo.v:34]
INFO: [Synth 8-6155] done synthesizing module 'pcie_us_if_rc' (0#1) [D:/FPGA/mqnic_prj/mqnic_prj.srcs/sources_1/imports/fpga_pcie/lib/pcie/rtl/pcie_us_if_rc.v:34]
INFO: [Synth 8-6157] synthesizing module 'pcie_us_if_rq' [D:/FPGA/mqnic_prj/mqnic_prj.srcs/sources_1/imports/fpga_pcie/lib/pcie/rtl/pcie_us_if_rq.v:34]
	Parameter AXIS_PCIE_DATA_WIDTH bound to: 128 - type: integer 
	Parameter AXIS_PCIE_KEEP_WIDTH bound to: 4 - type: integer 
	Parameter AXIS_PCIE_RQ_USER_WIDTH bound to: 62 - type: integer 
	Parameter RQ_STRADDLE bound to: 1'b0 
	Parameter RQ_SEQ_NUM_WIDTH bound to: 6 - type: integer 
	Parameter TLP_DATA_WIDTH bound to: 128 - type: integer 
	Parameter TLP_STRB_WIDTH bound to: 4 - type: integer 
	Parameter TLP_HDR_WIDTH bound to: 128 - type: integer 
	Parameter TLP_SEG_COUNT bound to: 1 - type: integer 
	Parameter TX_SEQ_NUM_COUNT bound to: 1 - type: integer 
	Parameter TX_SEQ_NUM_WIDTH bound to: 5 - type: integer 
INFO: [Synth 8-6157] synthesizing module 'pcie_tlp_fifo_raw__parameterized0' [D:/FPGA/mqnic_prj/mqnic_prj.srcs/sources_1/imports/fpga_pcie/lib/pcie/rtl/pcie_tlp_fifo_raw.v:34]
	Parameter DEPTH bound to: 512 - type: integer 
	Parameter TLP_DATA_WIDTH bound to: 128 - type: integer 
	Parameter TLP_STRB_WIDTH bound to: 4 - type: integer 
	Parameter TLP_HDR_WIDTH bound to: 128 - type: integer 
	Parameter SEQ_NUM_WIDTH bound to: 5 - type: integer 
	Parameter IN_TLP_SEG_COUNT bound to: 1 - type: integer 
	Parameter OUT_TLP_SEG_COUNT bound to: 1 - type: integer 
	Parameter CTRL_OUT_EN bound to: 0 - type: integer 
INFO: [Synth 8-6155] done synthesizing module 'pcie_tlp_fifo_raw__parameterized0' (0#1) [D:/FPGA/mqnic_prj/mqnic_prj.srcs/sources_1/imports/fpga_pcie/lib/pcie/rtl/pcie_tlp_fifo_raw.v:34]
INFO: [Synth 8-6155] done synthesizing module 'pcie_us_if_rq' (0#1) [D:/FPGA/mqnic_prj/mqnic_prj.srcs/sources_1/imports/fpga_pcie/lib/pcie/rtl/pcie_us_if_rq.v:34]
INFO: [Synth 8-6157] synthesizing module 'pcie_us_if_cq' [D:/FPGA/mqnic_prj/mqnic_prj.srcs/sources_1/imports/fpga_pcie/lib/pcie/rtl/pcie_us_if_cq.v:34]
	Parameter AXIS_PCIE_DATA_WIDTH bound to: 128 - type: integer 
	Parameter AXIS_PCIE_KEEP_WIDTH bound to: 4 - type: integer 
	Parameter AXIS_PCIE_CQ_USER_WIDTH bound to: 85 - type: integer 
	Parameter CQ_STRADDLE bound to: 1'b0 
	Parameter TLP_DATA_WIDTH bound to: 128 - type: integer 
	Parameter TLP_STRB_WIDTH bound to: 4 - type: integer 
	Parameter TLP_HDR_WIDTH bound to: 128 - type: integer 
	Parameter TLP_SEG_COUNT bound to: 1 - type: integer 
INFO: [Synth 8-6155] done synthesizing module 'pcie_us_if_cq' (0#1) [D:/FPGA/mqnic_prj/mqnic_prj.srcs/sources_1/imports/fpga_pcie/lib/pcie/rtl/pcie_us_if_cq.v:34]
INFO: [Synth 8-6157] synthesizing module 'pcie_us_if_cc' [D:/FPGA/mqnic_prj/mqnic_prj.srcs/sources_1/imports/fpga_pcie/lib/pcie/rtl/pcie_us_if_cc.v:34]
	Parameter AXIS_PCIE_DATA_WIDTH bound to: 128 - type: integer 
	Parameter AXIS_PCIE_KEEP_WIDTH bound to: 4 - type: integer 
	Parameter AXIS_PCIE_CC_USER_WIDTH bound to: 33 - type: integer 
	Parameter CC_STRADDLE bound to: 1'b0 
	Parameter TLP_DATA_WIDTH bound to: 128 - type: integer 
	Parameter TLP_STRB_WIDTH bound to: 4 - type: integer 
	Parameter TLP_HDR_WIDTH bound to: 128 - type: integer 
	Parameter TLP_SEG_COUNT bound to: 1 - type: integer 
INFO: [Synth 8-6157] synthesizing module 'pcie_tlp_fifo_raw__parameterized1' [D:/FPGA/mqnic_prj/mqnic_prj.srcs/sources_1/imports/fpga_pcie/lib/pcie/rtl/pcie_tlp_fifo_raw.v:34]
	Parameter DEPTH bound to: 512 - type: integer 
	Parameter TLP_DATA_WIDTH bound to: 128 - type: integer 
	Parameter TLP_STRB_WIDTH bound to: 4 - type: integer 
	Parameter TLP_HDR_WIDTH bound to: 128 - type: integer 
	Parameter SEQ_NUM_WIDTH bound to: 1 - type: integer 
	Parameter IN_TLP_SEG_COUNT bound to: 1 - type: integer 
	Parameter OUT_TLP_SEG_COUNT bound to: 1 - type: integer 
	Parameter CTRL_OUT_EN bound to: 0 - type: integer 
INFO: [Synth 8-6155] done synthesizing module 'pcie_tlp_fifo_raw__parameterized1' (0#1) [D:/FPGA/mqnic_prj/mqnic_prj.srcs/sources_1/imports/fpga_pcie/lib/pcie/rtl/pcie_tlp_fifo_raw.v:34]
INFO: [Synth 8-6155] done synthesizing module 'pcie_us_if_cc' (0#1) [D:/FPGA/mqnic_prj/mqnic_prj.srcs/sources_1/imports/fpga_pcie/lib/pcie/rtl/pcie_us_if_cc.v:34]
INFO: [Synth 8-6155] done synthesizing module 'pcie_us_if' (0#1) [D:/FPGA/mqnic_prj/mqnic_prj.srcs/sources_1/imports/fpga_pcie/lib/pcie/rtl/pcie_us_if.v:34]
INFO: [Synth 8-6157] synthesizing module 'mqnic_core_pcie' [D:/FPGA/mqnic_prj/mqnic_prj.srcs/sources_1/imports/fpga_pcie/rtl/common/mqnic_core_pcie.v:15]
	Parameter FPGA_ID bound to: 74645651 - type: integer 
	Parameter FW_ID bound to: 0 - type: integer 
	Parameter FW_VER bound to: 256 - type: integer 
	Parameter BOARD_ID bound to: 284069994 - type: integer 
	Parameter BOARD_VER bound to: 16777216 - type: integer 
	Parameter BUILD_DATE bound to: 1783950777 - type: integer 
	Parameter GIT_HASH bound to: 0 - type: integer 
	Parameter RELEASE_INFO bound to: 0 - type: integer 
	Parameter IF_COUNT bound to: 1 - type: integer 
	Parameter PORTS_PER_IF bound to: 1 - type: integer 
	Parameter SCHED_PER_IF bound to: 1 - type: integer 
	Parameter PORT_COUNT bound to: 1 - type: integer 
	Parameter CLK_PERIOD_NS_NUM bound to: 4 - type: integer 
	Parameter CLK_PERIOD_NS_DENOM bound to: 1 - type: integer 
	Parameter PTP_CLK_PERIOD_NS_NUM bound to: 8 - type: integer 
	Parameter PTP_CLK_PERIOD_NS_DENOM bound to: 1 - type: integer 
	Parameter PTP_TS_WIDTH bound to: 96 - type: integer 
	Parameter PTP_CLOCK_PIPELINE bound to: 0 - type: integer 
	Parameter PTP_CLOCK_CDC_PIPELINE bound to: 0 - type: integer 
	Parameter PTP_SEPARATE_TX_CLOCK bound to: 0 - type: integer 
	Parameter PTP_SEPARATE_RX_CLOCK bound to: 0 - type: integer 
	Parameter PTP_PORT_CDC_PIPELINE bound to: 0 - type: integer 
	Parameter PTP_PEROUT_ENABLE bound to: 1 - type: integer 
	Parameter PTP_PEROUT_COUNT bound to: 1 - type: integer 
	Parameter EVENT_QUEUE_OP_TABLE_SIZE bound to: 32 - type: integer 
	Parameter TX_QUEUE_OP_TABLE_SIZE bound to: 32 - type: integer 
	Parameter RX_QUEUE_OP_TABLE_SIZE bound to: 32 - type: integer 
	Parameter CQ_OP_TABLE_SIZE bound to: 32 - type: integer 
	Parameter EQN_WIDTH bound to: 6 - type: integer 
	Parameter TX_QUEUE_INDEX_WIDTH bound to: 13 - type: integer 
	Parameter RX_QUEUE_INDEX_WIDTH bound to: 8 - type: integer 
	Parameter CQN_WIDTH bound to: 14 - type: integer 
	Parameter EQ_PIPELINE bound to: 3 - type: integer 
	Parameter TX_QUEUE_PIPELINE bound to: 4 - type: integer 
	Parameter RX_QUEUE_PIPELINE bound to: 3 - type: integer 
	Parameter CQ_PIPELINE bound to: 5 - type: integer 
	Parameter TX_DESC_TABLE_SIZE bound to: 32 - type: integer 
	Parameter RX_DESC_TABLE_SIZE bound to: 32 - type: integer 
	Parameter RX_INDIR_TBL_ADDR_WIDTH bound to: 8 - type: integer 
	Parameter TX_SCHEDULER_OP_TABLE_SIZE bound to: 32 - type: integer 
	Parameter TX_SCHEDULER_PIPELINE bound to: 4 - type: integer 
	Parameter TDMA_INDEX_WIDTH bound to: 6 - type: integer 
	Parameter PTP_TS_ENABLE bound to: 1 - type: integer 
	Parameter TX_CPL_ENABLE bound to: 0 - type: integer 
	Parameter TX_CPL_FIFO_DEPTH bound to: 32 - type: integer 
	Parameter TX_TAG_WIDTH bound to: 16 - type: integer 
	Parameter TX_CHECKSUM_ENABLE bound to: 1 - type: integer 
	Parameter RX_HASH_ENABLE bound to: 1 - type: integer 
	Parameter RX_CHECKSUM_ENABLE bound to: 1 - type: integer 
	Parameter PFC_ENABLE bound to: 1 - type: integer 
	Parameter LFC_ENABLE bound to: 1 - type: integer 
	Parameter MAC_CTRL_ENABLE bound to: 0 - type: integer 
	Parameter TX_FIFO_DEPTH bound to: 32768 - type: integer 
	Parameter RX_FIFO_DEPTH bound to: 65536 - type: integer 
	Parameter MAX_TX_SIZE bound to: 9214 - type: integer 
	Parameter MAX_RX_SIZE bound to: 9214 - type: integer 
	Parameter TX_RAM_SIZE bound to: 32768 - type: integer 
	Parameter RX_RAM_SIZE bound to: 32768 - type: integer 
	Parameter DDR_CH bound to: 1 - type: integer 
	Parameter DDR_ENABLE bound to: 0 - type: integer 
	Parameter DDR_GROUP_SIZE bound to: 1 - type: integer 
	Parameter AXI_DDR_DATA_WIDTH bound to: 512 - type: integer 
	Parameter AXI_DDR_ADDR_WIDTH bound to: 31 - type: integer 
	Parameter AXI_DDR_STRB_WIDTH bound to: 64 - type: integer 
	Parameter AXI_DDR_ID_WIDTH bound to: 8 - type: integer 
	Parameter AXI_DDR_AWUSER_ENABLE bound to: 0 - type: integer 
	Parameter AXI_DDR_AWUSER_WIDTH bound to: 1 - type: integer 
	Parameter AXI_DDR_WUSER_ENABLE bound to: 0 - type: integer 
	Parameter AXI_DDR_WUSER_WIDTH bound to: 1 - type: integer 
	Parameter AXI_DDR_BUSER_ENABLE bound to: 0 - type: integer 
	Parameter AXI_DDR_BUSER_WIDTH bound to: 1 - type: integer 
	Parameter AXI_DDR_ARUSER_ENABLE bound to: 0 - type: integer 
	Parameter AXI_DDR_ARUSER_WIDTH bound to: 1 - type: integer 
	Parameter AXI_DDR_RUSER_ENABLE bound to: 0 - type: integer 
	Parameter AXI_DDR_RUSER_WIDTH bound to: 1 - type: integer 
	Parameter AXI_DDR_MAX_BURST_LEN bound to: 256 - type: integer 
	Parameter AXI_DDR_NARROW_BURST bound to: 0 - type: integer 
	Parameter AXI_DDR_FIXED_BURST bound to: 0 - type: integer 
	Parameter AXI_DDR_WRAP_BURST bound to: 1 - type: integer 
	Parameter HBM_CH bound to: 1 - type: integer 
	Parameter HBM_ENABLE bound to: 0 - type: integer 
	Parameter HBM_GROUP_SIZE bound to: 1 - type: integer 
	Parameter AXI_HBM_DATA_WIDTH bound to: 256 - type: integer 
	Parameter AXI_HBM_ADDR_WIDTH bound to: 32 - type: integer 
	Parameter AXI_HBM_STRB_WIDTH bound to: 32 - type: integer 
	Parameter AXI_HBM_ID_WIDTH bound to: 8 - type: integer 
	Parameter AXI_HBM_AWUSER_ENABLE bound to: 0 - type: integer 
	Parameter AXI_HBM_AWUSER_WIDTH bound to: 1 - type: integer 
	Parameter AXI_HBM_WUSER_ENABLE bound to: 0 - type: integer 
	Parameter AXI_HBM_WUSER_WIDTH bound to: 1 - type: integer 
	Parameter AXI_HBM_BUSER_ENABLE bound to: 0 - type: integer 
	Parameter AXI_HBM_BUSER_WIDTH bound to: 1 - type: integer 
	Parameter AXI_HBM_ARUSER_ENABLE bound to: 0 - type: integer 
	Parameter AXI_HBM_ARUSER_WIDTH bound to: 1 - type: integer 
	Parameter AXI_HBM_RUSER_ENABLE bound to: 0 - type: integer 
	Parameter AXI_HBM_RUSER_WIDTH bound to: 1 - type: integer 
	Parameter AXI_HBM_MAX_BURST_LEN bound to: 256 - type: integer 
	Parameter AXI_HBM_NARROW_BURST bound to: 0 - type: integer 
	Parameter AXI_HBM_FIXED_BURST bound to: 0 - type: integer 
	Parameter AXI_HBM_WRAP_BURST bound to: 0 - type: integer 
	Parameter APP_ID bound to: 0 - type: integer 
	Parameter APP_ENABLE bound to: 0 - type: integer 
	Parameter APP_CTRL_ENABLE bound to: 1 - type: integer 
	Parameter APP_DMA_ENABLE bound to: 1 - type: integer 
	Parameter APP_AXIS_DIRECT_ENABLE bound to: 1 - type: integer 
	Parameter APP_AXIS_SYNC_ENABLE bound to: 1 - type: integer 
	Parameter APP_AXIS_IF_ENABLE bound to: 1 - type: integer 
	Parameter APP_STAT_ENABLE bound to: 1 - type: integer 
	Parameter DMA_LEN_WIDTH bound to: 16 - type: integer 
	Parameter DMA_TAG_WIDTH bound to: 16 - type: integer 
	Parameter DMA_IMM_ENABLE bound to: 0 - type: integer 
	Parameter DMA_IMM_WIDTH bound to: 32 - type: integer 
	Parameter RAM_ADDR_WIDTH bound to: 15 - type: integer 
	Parameter RAM_PIPELINE bound to: 2 - type: integer 
	Parameter TLP_DATA_WIDTH bound to: 128 - type: integer 
	Parameter TLP_STRB_WIDTH bound to: 4 - type: integer 
	Parameter TLP_HDR_WIDTH bound to: 128 - type: integer 
	Parameter TLP_SEG_COUNT bound to: 1 - type: integer 
	Parameter TX_SEQ_NUM_COUNT bound to: 1 - type: integer 
	Parameter TX_SEQ_NUM_WIDTH bound to: 5 - type: integer 
	Parameter TX_SEQ_NUM_ENABLE bound to: 1 - type: integer 
	Parameter PF_COUNT bound to: 1 - type: integer 
	Parameter VF_COUNT bound to: 0 - type: integer 
	Parameter F_COUNT bound to: 1 - type: integer 
	Parameter PCIE_TAG_COUNT bound to: 256 - type: integer 
	Parameter PCIE_DMA_READ_OP_TABLE_SIZE bound to: 256 - type: integer 
	Parameter PCIE_DMA_READ_TX_LIMIT bound to: 32 - type: integer 
	Parameter PCIE_DMA_READ_CPLH_FC_LIMIT bound to: 256 - type: integer 
	Parameter PCIE_DMA_READ_CPLD_FC_LIMIT bound to: 1792 - type: integer 
	Parameter PCIE_DMA_WRITE_OP_TABLE_SIZE bound to: 32 - type: integer 
	Parameter PCIE_DMA_WRITE_TX_LIMIT bound to: 32 - type: integer 
	Parameter TLP_FORCE_64_BIT_ADDR bound to: 1 - type: integer 
	Parameter CHECK_BUS_NUMBER bound to: 0 - type: integer 
	Parameter IRQ_INDEX_WIDTH bound to: 6 - type: integer 
	Parameter AXIL_CTRL_DATA_WIDTH bound to: 32 - type: integer 
	Parameter AXIL_CTRL_ADDR_WIDTH bound to: 24 - type: integer 
	Parameter AXIL_CTRL_STRB_WIDTH bound to: 4 - type: integer 
	Parameter AXIL_IF_CTRL_ADDR_WIDTH bound to: 24 - type: integer 
	Parameter AXIL_CSR_ADDR_WIDTH bound to: 19 - type: integer 
	Parameter AXIL_CSR_PASSTHROUGH_ENABLE bound to: 0 - type: integer 
	Parameter RB_NEXT_PTR bound to: 16'b0001000000000000 
	Parameter AXIL_APP_CTRL_DATA_WIDTH bound to: 32 - type: integer 
	Parameter AXIL_APP_CTRL_ADDR_WIDTH bound to: 24 - type: integer 
	Parameter AXIS_DATA_WIDTH bound to: 64 - type: integer 
	Parameter AXIS_KEEP_WIDTH bound to: 8 - type: integer 
	Parameter AXIS_SYNC_DATA_WIDTH bound to: 64 - type: integer 
	Parameter AXIS_IF_DATA_WIDTH bound to: 64 - type: integer 
	Parameter AXIS_TX_USER_WIDTH bound to: 17 - type: integer 
	Parameter AXIS_RX_USER_WIDTH bound to: 97 - type: integer 
	Parameter AXIS_RX_USE_READY bound to: 1 - type: integer 
	Parameter AXIS_TX_PIPELINE bound to: 0 - type: integer 
	Parameter AXIS_TX_FIFO_PIPELINE bound to: 2 - type: integer 
	Parameter AXIS_TX_TS_PIPELINE bound to: 0 - type: integer 
	Parameter AXIS_RX_PIPELINE bound to: 0 - type: integer 
	Parameter AXIS_RX_FIFO_PIPELINE bound to: 2 - type: integer 
	Parameter STAT_ENABLE bound to: 1 - type: integer 
	Parameter STAT_DMA_ENABLE bound to: 1 - type: integer 
	Parameter STAT_PCIE_ENABLE bound to: 1 - type: integer 
	Parameter STAT_INC_WIDTH bound to: 24 - type: integer 
	Parameter STAT_ID_WIDTH bound to: 12 - type: integer 
INFO: [Synth 8-6157] synthesizing module 'stats_pcie_if' [D:/FPGA/mqnic_prj/mqnic_prj.srcs/sources_1/imports/fpga_pcie/rtl/common/stats_pcie_if.v:34]
	Parameter TLP_HDR_WIDTH bound to: 128 - type: integer 
	Parameter TLP_SEG_COUNT bound to: 1 - type: integer 
	Parameter STAT_INC_WIDTH bound to: 24 - type: integer 
	Parameter STAT_ID_WIDTH bound to: 5 - type: integer 
	Parameter UPDATE_PERIOD bound to: 1024 - type: integer 
INFO: [Synth 8-6157] synthesizing module 'stats_pcie_tlp' [D:/FPGA/mqnic_prj/mqnic_prj.srcs/sources_1/imports/fpga_pcie/rtl/common/stats_pcie_tlp.v:34]
	Parameter TLP_HDR_WIDTH bound to: 128 - type: integer 
	Parameter TLP_SEG_COUNT bound to: 1 - type: integer 
INFO: [Synth 8-155] case statement is not full and has no default [D:/FPGA/mqnic_prj/mqnic_prj.srcs/sources_1/imports/fpga_pcie/rtl/common/stats_pcie_tlp.v:151]
INFO: [Synth 8-6155] done synthesizing module 'stats_pcie_tlp' (0#1) [D:/FPGA/mqnic_prj/mqnic_prj.srcs/sources_1/imports/fpga_pcie/rtl/common/stats_pcie_tlp.v:34]
INFO: [Synth 8-6157] synthesizing module 'stats_collect' [D:/FPGA/mqnic_prj/mqnic_prj.srcs/sources_1/imports/fpga_pcie/rtl/common/stats_collect.v:34]
	Parameter COUNT bound to: 32 - type: integer 
	Parameter INC_WIDTH bound to: 11 - type: integer 
	Parameter STAT_INC_WIDTH bound to: 24 - type: integer 
	Parameter STAT_ID_WIDTH bound to: 5 - type: integer 
	Parameter UPDATE_PERIOD bound to: 1024 - type: integer 
INFO: [Synth 8-155] case statement is not full and has no default [D:/FPGA/mqnic_prj/mqnic_prj.srcs/sources_1/imports/fpga_pcie/rtl/common/stats_collect.v:154]
INFO: [Synth 8-6155] done synthesizing module 'stats_collect' (0#1) [D:/FPGA/mqnic_prj/mqnic_prj.srcs/sources_1/imports/fpga_pcie/rtl/common/stats_collect.v:34]
INFO: [Synth 8-6155] done synthesizing module 'stats_pcie_if' (0#1) [D:/FPGA/mqnic_prj/mqnic_prj.srcs/sources_1/imports/fpga_pcie/rtl/common/stats_pcie_if.v:34]
INFO: [Synth 8-6157] synthesizing module 'stats_dma_if_pcie' [D:/FPGA/mqnic_prj/mqnic_prj.srcs/sources_1/imports/fpga_pcie/rtl/common/stats_dma_if_pcie.v:34]
	Parameter PCIE_TAG_COUNT bound to: 256 - type: integer 
	Parameter LEN_WIDTH bound to: 16 - type: integer 
	Parameter READ_OP_TABLE_SIZE bound to: 256 - type: integer 
	Parameter WRITE_OP_TABLE_SIZE bound to: 32 - type: integer 
	Parameter STAT_INC_WIDTH bound to: 24 - type: integer 
	Parameter STAT_ID_WIDTH bound to: 5 - type: integer 
	Parameter UPDATE_PERIOD bound to: 1024 - type: integer 
INFO: [Synth 8-6157] synthesizing module 'stats_dma_latency' [D:/FPGA/mqnic_prj/mqnic_prj.srcs/sources_1/imports/fpga_pcie/rtl/common/stats_dma_latency.v:34]
	Parameter COUNT_WIDTH bound to: 16 - type: integer 
	Parameter TAG_WIDTH bound to: 8 - type: integer 
	Parameter LEN_WIDTH bound to: 16 - type: integer 
	Parameter STATUS_WIDTH bound to: 4 - type: integer 
INFO: [Synth 8-6155] done synthesizing module 'stats_dma_latency' (0#1) [D:/FPGA/mqnic_prj/mqnic_prj.srcs/sources_1/imports/fpga_pcie/rtl/common/stats_dma_latency.v:34]
INFO: [Synth 8-6157] synthesizing module 'stats_dma_latency__parameterized0' [D:/FPGA/mqnic_prj/mqnic_prj.srcs/sources_1/imports/fpga_pcie/rtl/common/stats_dma_latency.v:34]
	Parameter COUNT_WIDTH bound to: 16 - type: integer 
	Parameter TAG_WIDTH bound to: 8 - type: integer 
	Parameter LEN_WIDTH bound to: 13 - type: integer 
	Parameter STATUS_WIDTH bound to: 4 - type: integer 
INFO: [Synth 8-6155] done synthesizing module 'stats_dma_latency__parameterized0' (0#1) [D:/FPGA/mqnic_prj/mqnic_prj.srcs/sources_1/imports/fpga_pcie/rtl/common/stats_dma_latency.v:34]
INFO: [Synth 8-6157] synthesizing module 'stats_dma_latency__parameterized1' [D:/FPGA/mqnic_prj/mqnic_prj.srcs/sources_1/imports/fpga_pcie/rtl/common/stats_dma_latency.v:34]
	Parameter COUNT_WIDTH bound to: 16 - type: integer 
	Parameter TAG_WIDTH bound to: 5 - type: integer 
	Parameter LEN_WIDTH bound to: 16 - type: integer 
	Parameter STATUS_WIDTH bound to: 4 - type: integer 
INFO: [Synth 8-6155] done synthesizing module 'stats_dma_latency__parameterized1' (0#1) [D:/FPGA/mqnic_prj/mqnic_prj.srcs/sources_1/imports/fpga_pcie/rtl/common/stats_dma_latency.v:34]
INFO: [Synth 8-6157] synthesizing module 'stats_dma_latency__parameterized2' [D:/FPGA/mqnic_prj/mqnic_prj.srcs/sources_1/imports/fpga_pcie/rtl/common/stats_dma_latency.v:34]
	Parameter COUNT_WIDTH bound to: 16 - type: integer 
	Parameter TAG_WIDTH bound to: 5 - type: integer 
	Parameter LEN_WIDTH bound to: 13 - type: integer 
	Parameter STATUS_WIDTH bound to: 4 - type: integer 
INFO: [Synth 8-6155] done synthesizing module 'stats_dma_latency__parameterized2' (0#1) [D:/FPGA/mqnic_prj/mqnic_prj.srcs/sources_1/imports/fpga_pcie/rtl/common/stats_dma_latency.v:34]
INFO: [Synth 8-6157] synthesizing module 'stats_collect__parameterized0' [D:/FPGA/mqnic_prj/mqnic_prj.srcs/sources_1/imports/fpga_pcie/rtl/common/stats_collect.v:34]
	Parameter COUNT bound to: 32 - type: integer 
	Parameter INC_WIDTH bound to: 16 - type: integer 
	Parameter STAT_INC_WIDTH bound to: 24 - type: integer 
	Parameter STAT_ID_WIDTH bound to: 5 - type: integer 
	Parameter UPDATE_PERIOD bound to: 1024 - type: integer 
INFO: [Synth 8-155] case statement is not full and has no default [D:/FPGA/mqnic_prj/mqnic_prj.srcs/sources_1/imports/fpga_pcie/rtl/common/stats_collect.v:154]
INFO: [Synth 8-6155] done synthesizing module 'stats_collect__parameterized0' (0#1) [D:/FPGA/mqnic_prj/mqnic_prj.srcs/sources_1/imports/fpga_pcie/rtl/common/stats_collect.v:34]
INFO: [Synth 8-6155] done synthesizing module 'stats_dma_if_pcie' (0#1) [D:/FPGA/mqnic_prj/mqnic_prj.srcs/sources_1/imports/fpga_pcie/rtl/common/stats_dma_if_pcie.v:34]
INFO: [Synth 8-6157] synthesizing module 'axis_arb_mux' [D:/FPGA/mqnic_prj/mqnic_prj.srcs/sources_1/imports/fpga_pcie/lib/axis/rtl/axis_arb_mux.v:34]
	Parameter S_COUNT bound to: 3 - type: integer 
	Parameter DATA_WIDTH bound to: 24 - type: integer 
	Parameter KEEP_ENABLE bound to: 0 - type: integer 
	Parameter ID_ENABLE bound to: 1 - type: integer 
	Parameter S_ID_WIDTH bound to: 12 - type: integer 
	Parameter M_ID_WIDTH bound to: 12 - type: integer 
	Parameter DEST_ENABLE bound to: 0 - type: integer 
	Parameter USER_ENABLE bound to: 0 - type: integer 
	Parameter LAST_ENABLE bound to: 0 - type: integer 
	Parameter ARB_TYPE_ROUND_ROBIN bound to: 1 - type: integer 
	Parameter ARB_LSB_HIGH_PRIORITY bound to: 1 - type: integer 
INFO: [Synth 8-6157] synthesizing module 'arbiter' [D:/FPGA/mqnic_prj/mqnic_prj.srcs/sources_1/imports/fpga_pcie/lib/axi/rtl/arbiter.v:34]
	Parameter PORTS bound to: 3 - type: integer 
	Parameter ARB_TYPE_ROUND_ROBIN bound to: 1 - type: integer 
	Parameter ARB_BLOCK bound to: 1 - type: integer 
	Parameter ARB_BLOCK_ACK bound to: 1 - type: integer 
	Parameter ARB_LSB_HIGH_PRIORITY bound to: 1 - type: integer 
INFO: [Synth 8-6157] synthesizing module 'priority_encoder' [D:/FPGA/mqnic_prj/mqnic_prj.srcs/sources_1/imports/fpga_pcie/lib/axi/rtl/priority_encoder.v:34]
	Parameter WIDTH bound to: 3 - type: integer 
	Parameter LSB_HIGH_PRIORITY bound to: 1 - type: integer 
INFO: [Synth 8-6155] done synthesizing module 'priority_encoder' (0#1) [D:/FPGA/mqnic_prj/mqnic_prj.srcs/sources_1/imports/fpga_pcie/lib/axi/rtl/priority_encoder.v:34]
INFO: [Synth 8-6155] done synthesizing module 'arbiter' (0#1) [D:/FPGA/mqnic_prj/mqnic_prj.srcs/sources_1/imports/fpga_pcie/lib/axi/rtl/arbiter.v:34]
INFO: [Synth 8-6155] done synthesizing module 'axis_arb_mux' (0#1) [D:/FPGA/mqnic_prj/mqnic_prj.srcs/sources_1/imports/fpga_pcie/lib/axis/rtl/axis_arb_mux.v:34]
INFO: [Synth 8-6157] synthesizing module 'pcie_axil_master' [D:/FPGA/mqnic_prj/mqnic_prj.srcs/sources_1/imports/fpga_pcie/lib/pcie/rtl/pcie_axil_master.v:34]
	Parameter TLP_DATA_WIDTH bound to: 128 - type: integer 
	Parameter TLP_STRB_WIDTH bound to: 4 - type: integer 
	Parameter TLP_HDR_WIDTH bound to: 128 - type: integer 
	Parameter TLP_SEG_COUNT bound to: 1 - type: integer 
	Parameter AXIL_DATA_WIDTH bound to: 32 - type: integer 
	Parameter AXIL_ADDR_WIDTH bound to: 24 - type: integer 
	Parameter AXIL_STRB_WIDTH bound to: 4 - type: integer 
	Parameter TLP_FORCE_64_BIT_ADDR bound to: 1 - type: integer 
INFO: [Synth 8-155] case statement is not full and has no default [D:/FPGA/mqnic_prj/mqnic_prj.srcs/sources_1/imports/fpga_pcie/lib/pcie/rtl/pcie_axil_master.v:428]
INFO: [Synth 8-6155] done synthesizing module 'pcie_axil_master' (0#1) [D:/FPGA/mqnic_prj/mqnic_prj.srcs/sources_1/imports/fpga_pcie/lib/pcie/rtl/pcie_axil_master.v:34]
INFO: [Synth 8-6157] synthesizing module 'dma_if_pcie' [D:/FPGA/mqnic_prj/mqnic_prj.srcs/sources_1/imports/fpga_pcie/lib/pcie/rtl/dma_if_pcie.v:34]
	Parameter TLP_DATA_WIDTH bound to: 128 - type: integer 
	Parameter TLP_STRB_WIDTH bound to: 4 - type: integer 
	Parameter TLP_HDR_WIDTH bound to: 128 - type: integer 
	Parameter TLP_SEG_COUNT bound to: 1 - type: integer 
	Parameter TX_SEQ_NUM_COUNT bound to: 1 - type: integer 
	Parameter TX_SEQ_NUM_WIDTH bound to: 5 - type: integer 
	Parameter TX_SEQ_NUM_ENABLE bound to: 1 - type: integer 
	Parameter RAM_SEL_WIDTH bound to: 2 - type: integer 
	Parameter RAM_ADDR_WIDTH bound to: 15 - type: integer 
	Parameter RAM_SEG_COUNT bound to: 2 - type: integer 
	Parameter RAM_SEG_DATA_WIDTH bound to: 128 - type: integer 
	Parameter RAM_SEG_BE_WIDTH bound to: 16 - type: integer 
	Parameter RAM_SEG_ADDR_WIDTH bound to: 10 - type: integer 
	Parameter PCIE_ADDR_WIDTH bound to: 64 - type: integer 
	Parameter PCIE_TAG_COUNT bound to: 256 - type: integer 
	Parameter IMM_ENABLE bound to: 0 - type: integer 
	Parameter IMM_WIDTH bound to: 32 - type: integer 
	Parameter LEN_WIDTH bound to: 16 - type: integer 
	Parameter TAG_WIDTH bound to: 16 - type: integer 
	Parameter READ_OP_TABLE_SIZE bound to: 256 - type: integer 
	Parameter READ_TX_LIMIT bound to: 32 - type: integer 
	Parameter READ_CPLH_FC_LIMIT bound to: 256 - type: integer 
	Parameter READ_CPLD_FC_LIMIT bound to: 1792 - type: integer 
	Parameter WRITE_OP_TABLE_SIZE bound to: 32 - type: integer 
	Parameter WRITE_TX_LIMIT bound to: 32 - type: integer 
	Parameter TLP_FORCE_64_BIT_ADDR bound to: 1 - type: integer 
	Parameter CHECK_BUS_NUMBER bound to: 0 - type: integer 
INFO: [Synth 8-6157] synthesizing module 'dma_if_pcie_rd' [D:/FPGA/mqnic_prj/mqnic_prj.srcs/sources_1/imports/fpga_pcie/lib/pcie/rtl/dma_if_pcie_rd.v:34]
	Parameter TLP_DATA_WIDTH bound to: 128 - type: integer 
	Parameter TLP_HDR_WIDTH bound to: 128 - type: integer 
	Parameter TLP_SEG_COUNT bound to: 1 - type: integer 
	Parameter TX_SEQ_NUM_COUNT bound to: 1 - type: integer 
	Parameter TX_SEQ_NUM_WIDTH bound to: 5 - type: integer 
	Parameter TX_SEQ_NUM_ENABLE bound to: 1 - type: integer 
	Parameter RAM_SEL_WIDTH bound to: 2 - type: integer 
	Parameter RAM_ADDR_WIDTH bound to: 15 - type: integer 
	Parameter RAM_SEG_COUNT bound to: 2 - type: integer 
	Parameter RAM_SEG_DATA_WIDTH bound to: 128 - type: integer 
	Parameter RAM_SEG_BE_WIDTH bound to: 16 - type: integer 
	Parameter RAM_SEG_ADDR_WIDTH bound to: 10 - type: integer 
	Parameter PCIE_ADDR_WIDTH bound to: 64 - type: integer 
	Parameter PCIE_TAG_COUNT bound to: 256 - type: integer 
	Parameter LEN_WIDTH bound to: 16 - type: integer 
	Parameter TAG_WIDTH bound to: 16 - type: integer 
	Parameter OP_TABLE_SIZE bound to: 256 - type: integer 
	Parameter TX_LIMIT bound to: 32 - type: integer 
	Parameter CPLH_FC_LIMIT bound to: 256 - type: integer 
	Parameter CPLD_FC_LIMIT bound to: 1792 - type: integer 
	Parameter TLP_FORCE_64_BIT_ADDR bound to: 1 - type: integer 
	Parameter CHECK_BUS_NUMBER bound to: 0 - type: integer 
INFO: [Synth 8-155] case statement is not full and has no default [D:/FPGA/mqnic_prj/mqnic_prj.srcs/sources_1/imports/fpga_pcie/lib/pcie/rtl/dma_if_pcie_rd.v:995]
INFO: [Synth 8-6155] done synthesizing module 'dma_if_pcie_rd' (0#1) [D:/FPGA/mqnic_prj/mqnic_prj.srcs/sources_1/imports/fpga_pcie/lib/pcie/rtl/dma_if_pcie_rd.v:34]
INFO: [Synth 8-6157] synthesizing module 'dma_if_pcie_wr' [D:/FPGA/mqnic_prj/mqnic_prj.srcs/sources_1/imports/fpga_pcie/lib/pcie/rtl/dma_if_pcie_wr.v:34]
	Parameter TLP_DATA_WIDTH bound to: 128 - type: integer 
	Parameter TLP_STRB_WIDTH bound to: 4 - type: integer 
	Parameter TLP_HDR_WIDTH bound to: 128 - type: integer 
	Parameter TLP_SEG_COUNT bound to: 1 - type: integer 
	Parameter TX_SEQ_NUM_COUNT bound to: 1 - type: integer 
	Parameter TX_SEQ_NUM_WIDTH bound to: 5 - type: integer 
	Parameter TX_SEQ_NUM_ENABLE bound to: 1 - type: integer 
	Parameter RAM_SEL_WIDTH bound to: 2 - type: integer 
	Parameter RAM_ADDR_WIDTH bound to: 15 - type: integer 
	Parameter RAM_SEG_COUNT bound to: 2 - type: integer 
	Parameter RAM_SEG_DATA_WIDTH bound to: 128 - type: integer 
	Parameter RAM_SEG_BE_WIDTH bound to: 16 - type: integer 
	Parameter RAM_SEG_ADDR_WIDTH bound to: 10 - type: integer 
	Parameter PCIE_ADDR_WIDTH bound to: 64 - type: integer 
	Parameter IMM_ENABLE bound to: 0 - type: integer 
	Parameter IMM_WIDTH bound to: 32 - type: integer 
	Parameter LEN_WIDTH bound to: 16 - type: integer 
	Parameter TAG_WIDTH bound to: 16 - type: integer 
	Parameter OP_TABLE_SIZE bound to: 32 - type: integer 
	Parameter TX_LIMIT bound to: 32 - type: integer 
	Parameter TLP_FORCE_64_BIT_ADDR bound to: 1 - type: integer 
INFO: [Synth 8-6155] done synthesizing module 'dma_if_pcie_wr' (0#1) [D:/FPGA/mqnic_prj/mqnic_prj.srcs/sources_1/imports/fpga_pcie/lib/pcie/rtl/dma_if_pcie_wr.v:34]
INFO: [Synth 8-6155] done synthesizing module 'dma_if_pcie' (0#1) [D:/FPGA/mqnic_prj/mqnic_prj.srcs/sources_1/imports/fpga_pcie/lib/pcie/rtl/dma_if_pcie.v:34]
INFO: [Synth 8-6157] synthesizing module 'pcie_msix' [D:/FPGA/mqnic_prj/mqnic_prj.srcs/sources_1/imports/fpga_pcie/lib/pcie/rtl/pcie_msix.v:34]
	Parameter IRQ_INDEX_WIDTH bound to: 6 - type: integer 
	Parameter AXIL_DATA_WIDTH bound to: 32 - type: integer 
	Parameter AXIL_ADDR_WIDTH bound to: 16 - type: integer 
	Parameter AXIL_STRB_WIDTH bound to: 4 - type: integer 
	Parameter TLP_HDR_WIDTH bound to: 128 - type: integer 
	Parameter TLP_FORCE_64_BIT_ADDR bound to: 1 - type: integer 
INFO: [Synth 8-6155] done synthesizing module 'pcie_msix' (0#1) [D:/FPGA/mqnic_prj/mqnic_prj.srcs/sources_1/imports/fpga_pcie/lib/pcie/rtl/pcie_msix.v:34]
INFO: [Synth 8-6157] synthesizing module 'pulse_merge' [D:/FPGA/mqnic_prj/mqnic_prj.srcs/sources_1/imports/fpga_pcie/lib/pcie/rtl/pulse_merge.v:34]
	Parameter INPUT_WIDTH bound to: 3 - type: integer 
	Parameter COUNT_WIDTH bound to: 4 - type: integer 
INFO: [Synth 8-6155] done synthesizing module 'pulse_merge' (0#1) [D:/FPGA/mqnic_prj/mqnic_prj.srcs/sources_1/imports/fpga_pcie/lib/pcie/rtl/pulse_merge.v:34]
INFO: [Synth 8-6157] synthesizing module 'mqnic_core' [D:/FPGA/mqnic_prj/mqnic_prj.srcs/sources_1/imports/fpga_pcie/rtl/common/mqnic_core.v:15]
	Parameter FPGA_ID bound to: 74645651 - type: integer 
	Parameter FW_ID bound to: 0 - type: integer 
	Parameter FW_VER bound to: 256 - type: integer 
	Parameter BOARD_ID bound to: 284069994 - type: integer 
	Parameter BOARD_VER bound to: 16777216 - type: integer 
	Parameter BUILD_DATE bound to: 1783950777 - type: integer 
	Parameter GIT_HASH bound to: 0 - type: integer 
	Parameter RELEASE_INFO bound to: 0 - type: integer 
	Parameter IF_COUNT bound to: 1 - type: integer 
	Parameter PORTS_PER_IF bound to: 1 - type: integer 
	Parameter SCHED_PER_IF bound to: 1 - type: integer 
	Parameter PORT_COUNT bound to: 1 - type: integer 
	Parameter CLK_PERIOD_NS_NUM bound to: 4 - type: integer 
	Parameter CLK_PERIOD_NS_DENOM bound to: 1 - type: integer 
	Parameter PTP_CLK_PERIOD_NS_NUM bound to: 8 - type: integer 
	Parameter PTP_CLK_PERIOD_NS_DENOM bound to: 1 - type: integer 
	Parameter PTP_TS_WIDTH bound to: 96 - type: integer 
	Parameter PTP_CLOCK_PIPELINE bound to: 0 - type: integer 
	Parameter PTP_CLOCK_CDC_PIPELINE bound to: 0 - type: integer 
	Parameter PTP_SEPARATE_TX_CLOCK bound to: 0 - type: integer 
	Parameter PTP_SEPARATE_RX_CLOCK bound to: 0 - type: integer 
	Parameter PTP_PORT_CDC_PIPELINE bound to: 0 - type: integer 
	Parameter PTP_PEROUT_ENABLE bound to: 1 - type: integer 
	Parameter PTP_PEROUT_COUNT bound to: 1 - type: integer 
	Parameter EVENT_QUEUE_OP_TABLE_SIZE bound to: 32 - type: integer 
	Parameter TX_QUEUE_OP_TABLE_SIZE bound to: 32 - type: integer 
	Parameter RX_QUEUE_OP_TABLE_SIZE bound to: 32 - type: integer 
	Parameter CQ_OP_TABLE_SIZE bound to: 32 - type: integer 
	Parameter EQN_WIDTH bound to: 6 - type: integer 
	Parameter TX_QUEUE_INDEX_WIDTH bound to: 13 - type: integer 
	Parameter RX_QUEUE_INDEX_WIDTH bound to: 8 - type: integer 
	Parameter CQN_WIDTH bound to: 14 - type: integer 
	Parameter EQ_PIPELINE bound to: 3 - type: integer 
	Parameter TX_QUEUE_PIPELINE bound to: 4 - type: integer 
	Parameter RX_QUEUE_PIPELINE bound to: 3 - type: integer 
	Parameter CQ_PIPELINE bound to: 5 - type: integer 
	Parameter TX_DESC_TABLE_SIZE bound to: 32 - type: integer 
	Parameter RX_DESC_TABLE_SIZE bound to: 32 - type: integer 
	Parameter RX_INDIR_TBL_ADDR_WIDTH bound to: 8 - type: integer 
	Parameter TX_SCHEDULER_OP_TABLE_SIZE bound to: 32 - type: integer 
	Parameter TX_SCHEDULER_PIPELINE bound to: 4 - type: integer 
	Parameter TDMA_INDEX_WIDTH bound to: 6 - type: integer 
	Parameter PTP_TS_ENABLE bound to: 1 - type: integer 
	Parameter TX_CPL_ENABLE bound to: 0 - type: integer 
	Parameter TX_CPL_FIFO_DEPTH bound to: 32 - type: integer 
	Parameter TX_TAG_WIDTH bound to: 16 - type: integer 
	Parameter TX_CHECKSUM_ENABLE bound to: 1 - type: integer 
	Parameter RX_HASH_ENABLE bound to: 1 - type: integer 
	Parameter RX_CHECKSUM_ENABLE bound to: 1 - type: integer 
	Parameter PFC_ENABLE bound to: 1 - type: integer 
	Parameter LFC_ENABLE bound to: 1 - type: integer 
	Parameter MAC_CTRL_ENABLE bound to: 0 - type: integer 
	Parameter TX_FIFO_DEPTH bound to: 32768 - type: integer 
	Parameter RX_FIFO_DEPTH bound to: 65536 - type: integer 
	Parameter MAX_TX_SIZE bound to: 9214 - type: integer 
	Parameter MAX_RX_SIZE bound to: 9214 - type: integer 
	Parameter TX_RAM_SIZE bound to: 32768 - type: integer 
	Parameter RX_RAM_SIZE bound to: 32768 - type: integer 
	Parameter DDR_CH bound to: 1 - type: integer 
	Parameter DDR_ENABLE bound to: 0 - type: integer 
	Parameter DDR_GROUP_SIZE bound to: 1 - type: integer 
	Parameter AXI_DDR_DATA_WIDTH bound to: 512 - type: integer 
	Parameter AXI_DDR_ADDR_WIDTH bound to: 31 - type: integer 
	Parameter AXI_DDR_STRB_WIDTH bound to: 64 - type: integer 
	Parameter AXI_DDR_ID_WIDTH bound to: 8 - type: integer 
	Parameter AXI_DDR_AWUSER_ENABLE bound to: 0 - type: integer 
	Parameter AXI_DDR_AWUSER_WIDTH bound to: 1 - type: integer 
	Parameter AXI_DDR_WUSER_ENABLE bound to: 0 - type: integer 
	Parameter AXI_DDR_WUSER_WIDTH bound to: 1 - type: integer 
	Parameter AXI_DDR_BUSER_ENABLE bound to: 0 - type: integer 
	Parameter AXI_DDR_BUSER_WIDTH bound to: 1 - type: integer 
	Parameter AXI_DDR_ARUSER_ENABLE bound to: 0 - type: integer 
	Parameter AXI_DDR_ARUSER_WIDTH bound to: 1 - type: integer 
	Parameter AXI_DDR_RUSER_ENABLE bound to: 0 - type: integer 
	Parameter AXI_DDR_RUSER_WIDTH bound to: 1 - type: integer 
	Parameter AXI_DDR_MAX_BURST_LEN bound to: 256 - type: integer 
	Parameter AXI_DDR_NARROW_BURST bound to: 0 - type: integer 
	Parameter AXI_DDR_FIXED_BURST bound to: 0 - type: integer 
	Parameter AXI_DDR_WRAP_BURST bound to: 1 - type: integer 
	Parameter HBM_CH bound to: 1 - type: integer 
	Parameter HBM_ENABLE bound to: 0 - type: integer 
	Parameter HBM_GROUP_SIZE bound to: 1 - type: integer 
	Parameter AXI_HBM_DATA_WIDTH bound to: 256 - type: integer 
	Parameter AXI_HBM_ADDR_WIDTH bound to: 32 - type: integer 
	Parameter AXI_HBM_STRB_WIDTH bound to: 32 - type: integer 
	Parameter AXI_HBM_ID_WIDTH bound to: 8 - type: integer 
	Parameter AXI_HBM_AWUSER_ENABLE bound to: 0 - type: integer 
	Parameter AXI_HBM_AWUSER_WIDTH bound to: 1 - type: integer 
	Parameter AXI_HBM_WUSER_ENABLE bound to: 0 - type: integer 
	Parameter AXI_HBM_WUSER_WIDTH bound to: 1 - type: integer 
	Parameter AXI_HBM_BUSER_ENABLE bound to: 0 - type: integer 
	Parameter AXI_HBM_BUSER_WIDTH bound to: 1 - type: integer 
	Parameter AXI_HBM_ARUSER_ENABLE bound to: 0 - type: integer 
	Parameter AXI_HBM_ARUSER_WIDTH bound to: 1 - type: integer 
	Parameter AXI_HBM_RUSER_ENABLE bound to: 0 - type: integer 
	Parameter AXI_HBM_RUSER_WIDTH bound to: 1 - type: integer 
	Parameter AXI_HBM_MAX_BURST_LEN bound to: 256 - type: integer 
	Parameter AXI_HBM_NARROW_BURST bound to: 0 - type: integer 
	Parameter AXI_HBM_FIXED_BURST bound to: 0 - type: integer 
	Parameter AXI_HBM_WRAP_BURST bound to: 0 - type: integer 
	Parameter APP_ID bound to: 0 - type: integer 
	Parameter APP_ENABLE bound to: 0 - type: integer 
	Parameter APP_CTRL_ENABLE bound to: 1 - type: integer 
	Parameter APP_DMA_ENABLE bound to: 1 - type: integer 
	Parameter APP_AXIS_DIRECT_ENABLE bound to: 1 - type: integer 
	Parameter APP_AXIS_SYNC_ENABLE bound to: 1 - type: integer 
	Parameter APP_AXIS_IF_ENABLE bound to: 1 - type: integer 
	Parameter APP_STAT_ENABLE bound to: 1 - type: integer 
	Parameter DMA_ADDR_WIDTH bound to: 64 - type: integer 
	Parameter DMA_IMM_ENABLE bound to: 0 - type: integer 
	Parameter DMA_IMM_WIDTH bound to: 32 - type: integer 
	Parameter DMA_LEN_WIDTH bound to: 16 - type: integer 
	Parameter DMA_TAG_WIDTH bound to: 16 - type: integer 
	Parameter IF_RAM_SEL_WIDTH bound to: 1 - type: integer 
	Parameter RAM_SEL_WIDTH bound to: 2 - type: integer 
	Parameter RAM_ADDR_WIDTH bound to: 15 - type: integer 
	Parameter RAM_SEG_COUNT bound to: 2 - type: integer 
	Parameter RAM_SEG_DATA_WIDTH bound to: 128 - type: integer 
	Parameter RAM_SEG_BE_WIDTH bound to: 16 - type: integer 
	Parameter RAM_SEG_ADDR_WIDTH bound to: 10 - type: integer 
	Parameter RAM_PIPELINE bound to: 2 - type: integer 
	Parameter IRQ_INDEX_WIDTH bound to: 6 - type: integer 
	Parameter MSIX_ENABLE bound to: 1 - type: integer 
	Parameter AXIL_MSIX_ADDR_WIDTH bound to: 16 - type: integer 
	Parameter AXIL_CTRL_DATA_WIDTH bound to: 32 - type: integer 
	Parameter AXIL_CTRL_ADDR_WIDTH bound to: 24 - type: integer 
	Parameter AXIL_CTRL_STRB_WIDTH bound to: 4 - type: integer 
	Parameter AXIL_IF_CTRL_ADDR_WIDTH bound to: 24 - type: integer 
	Parameter AXIL_CSR_ADDR_WIDTH bound to: 19 - type: integer 
	Parameter AXIL_CSR_PASSTHROUGH_ENABLE bound to: 0 - type: integer 
	Parameter RB_NEXT_PTR bound to: 16'b0001000000000000 
	Parameter AXIL_APP_CTRL_DATA_WIDTH bound to: 32 - type: integer 
	Parameter AXIL_APP_CTRL_ADDR_WIDTH bound to: 24 - type: integer 
	Parameter AXIL_APP_CTRL_STRB_WIDTH bound to: 4 - type: integer 
	Parameter AXIS_DATA_WIDTH bound to: 64 - type: integer 
	Parameter AXIS_KEEP_WIDTH bound to: 8 - type: integer 
	Parameter AXIS_SYNC_DATA_WIDTH bound to: 64 - type: integer 
	Parameter AXIS_IF_DATA_WIDTH bound to: 64 - type: integer 
	Parameter AXIS_TX_USER_WIDTH bound to: 17 - type: integer 
	Parameter AXIS_RX_USER_WIDTH bound to: 97 - type: integer 
	Parameter AXIS_RX_USE_READY bound to: 1 - type: integer 
	Parameter AXIS_TX_PIPELINE bound to: 0 - type: integer 
	Parameter AXIS_TX_FIFO_PIPELINE bound to: 2 - type: integer 
	Parameter AXIS_TX_TS_PIPELINE bound to: 0 - type: integer 
	Parameter AXIS_RX_PIPELINE bound to: 0 - type: integer 
	Parameter AXIS_RX_FIFO_PIPELINE bound to: 2 - type: integer 
	Parameter STAT_ENABLE bound to: 1 - type: integer 
	Parameter STAT_INC_WIDTH bound to: 24 - type: integer 
	Parameter STAT_ID_WIDTH bound to: 12 - type: integer 
INFO: [Synth 8-6157] synthesizing module 'stats_counter' [D:/FPGA/mqnic_prj/mqnic_prj.srcs/sources_1/imports/fpga_pcie/rtl/common/stats_counter.v:34]
	Parameter STAT_INC_WIDTH bound to: 24 - type: integer 
	Parameter STAT_ID_WIDTH bound to: 12 - type: integer 
	Parameter STAT_COUNT_WIDTH bound to: 64 - type: integer 
	Parameter AXIL_DATA_WIDTH bound to: 32 - type: integer 
	Parameter AXIL_ADDR_WIDTH bound to: 16 - type: integer 
	Parameter AXIL_STRB_WIDTH bound to: 4 - type: integer 
INFO: [Synth 8-6155] done synthesizing module 'stats_counter' (0#1) [D:/FPGA/mqnic_prj/mqnic_prj.srcs/sources_1/imports/fpga_pcie/rtl/common/stats_counter.v:34]
WARNING: [Synth 8-689] width (19) of port connection 's_axil_awaddr' does not match port width (16) of module 'stats_counter' [D:/FPGA/mqnic_prj/mqnic_prj.srcs/sources_1/imports/fpga_pcie/rtl/common/mqnic_core.v:1420]
WARNING: [Synth 8-689] width (19) of port connection 's_axil_araddr' does not match port width (16) of module 'stats_counter' [D:/FPGA/mqnic_prj/mqnic_prj.srcs/sources_1/imports/fpga_pcie/rtl/common/mqnic_core.v:1431]
INFO: [Synth 8-6157] synthesizing module 'ptp_td_leaf' [D:/FPGA/mqnic_prj/mqnic_prj.srcs/sources_1/imports/fpga_pcie/lib/eth/rtl/ptp_td_leaf.v:34]
	Parameter TS_REL_EN bound to: 0 - type: integer 
	Parameter TS_TOD_EN bound to: 1 - type: integer 
	Parameter TS_FNS_W bound to: 16 - type: integer 
	Parameter TS_REL_NS_W bound to: 48 - type: integer 
	Parameter TS_TOD_S_W bound to: 48 - type: integer 
	Parameter TS_REL_W bound to: 64 - type: integer 
	Parameter TS_TOD_W bound to: 96 - type: integer 
	Parameter TD_SDI_PIPELINE bound to: 0 - type: integer 
INFO: [Synth 8-226] default block is never used [D:/FPGA/mqnic_prj/mqnic_prj.srcs/sources_1/imports/fpga_pcie/lib/eth/rtl/ptp_td_leaf.v:430]
INFO: [Synth 8-226] default block is never used [D:/FPGA/mqnic_prj/mqnic_prj.srcs/sources_1/imports/fpga_pcie/lib/eth/rtl/ptp_td_leaf.v:858]
INFO: [Synth 8-6155] done synthesizing module 'ptp_td_leaf' (0#1) [D:/FPGA/mqnic_prj/mqnic_prj.srcs/sources_1/imports/fpga_pcie/lib/eth/rtl/ptp_td_leaf.v:34]
INFO: [Synth 8-6157] synthesizing module 'mqnic_interface' [D:/FPGA/mqnic_prj/mqnic_prj.srcs/sources_1/imports/fpga_pcie/rtl/common/mqnic_interface.v:15]
	Parameter PORTS bound to: 1 - type: integer 
	Parameter SCHEDULERS bound to: 1 - type: integer 
	Parameter CLK_PERIOD_NS_NUM bound to: 4 - type: integer 
	Parameter CLK_PERIOD_NS_DENOM bound to: 1 - type: integer 
	Parameter PTP_CLK_PERIOD_NS_NUM bound to: 8 - type: integer 
	Parameter PTP_CLK_PERIOD_NS_DENOM bound to: 1 - type: integer 
	Parameter PTP_TS_WIDTH bound to: 96 - type: integer 
	Parameter PTP_CLOCK_CDC_PIPELINE bound to: 0 - type: integer 
	Parameter PTP_PEROUT_ENABLE bound to: 1 - type: integer 
	Parameter PTP_PEROUT_COUNT bound to: 1 - type: integer 
	Parameter EVENT_QUEUE_OP_TABLE_SIZE bound to: 32 - type: integer 
	Parameter TX_QUEUE_OP_TABLE_SIZE bound to: 32 - type: integer 
	Parameter RX_QUEUE_OP_TABLE_SIZE bound to: 32 - type: integer 
	Parameter CQ_OP_TABLE_SIZE bound to: 32 - type: integer 
	Parameter EQN_WIDTH bound to: 6 - type: integer 
	Parameter TX_QUEUE_INDEX_WIDTH bound to: 13 - type: integer 
	Parameter RX_QUEUE_INDEX_WIDTH bound to: 8 - type: integer 
	Parameter CQN_WIDTH bound to: 14 - type: integer 
	Parameter EQ_PIPELINE bound to: 3 - type: integer 
	Parameter TX_QUEUE_PIPELINE bound to: 4 - type: integer 
	Parameter RX_QUEUE_PIPELINE bound to: 3 - type: integer 
	Parameter CQ_PIPELINE bound to: 5 - type: integer 
	Parameter QUEUE_PTR_WIDTH bound to: 16 - type: integer 
	Parameter LOG_QUEUE_SIZE_WIDTH bound to: 4 - type: integer 
	Parameter LOG_BLOCK_SIZE_WIDTH bound to: 2 - type: integer 
	Parameter TX_MAX_DESC_REQ bound to: 16 - type: integer 
	Parameter TX_DESC_FIFO_SIZE bound to: 128 - type: integer 
	Parameter RX_MAX_DESC_REQ bound to: 16 - type: integer 
	Parameter RX_DESC_FIFO_SIZE bound to: 128 - type: integer 
	Parameter TX_DESC_TABLE_SIZE bound to: 32 - type: integer 
	Parameter RX_DESC_TABLE_SIZE bound to: 32 - type: integer 
	Parameter RX_INDIR_TBL_ADDR_WIDTH bound to: 8 - type: integer 
	Parameter TX_SCHEDULER_OP_TABLE_SIZE bound to: 32 - type: integer 
	Parameter TX_SCHEDULER_PIPELINE bound to: 4 - type: integer 
	Parameter TDMA_INDEX_WIDTH bound to: 6 - type: integer 
	Parameter PTP_TS_ENABLE bound to: 1 - type: integer 
	Parameter TX_CPL_ENABLE bound to: 0 - type: integer 
	Parameter TX_CPL_FIFO_DEPTH bound to: 32 - type: integer 
	Parameter TX_TAG_WIDTH bound to: 16 - type: integer 
	Parameter TX_CHECKSUM_ENABLE bound to: 1 - type: integer 
	Parameter RX_HASH_ENABLE bound to: 1 - type: integer 
	Parameter RX_CHECKSUM_ENABLE bound to: 1 - type: integer 
	Parameter PFC_ENABLE bound to: 1 - type: integer 
	Parameter LFC_ENABLE bound to: 1 - type: integer 
	Parameter MAC_CTRL_ENABLE bound to: 0 - type: integer 
	Parameter TX_FIFO_DEPTH bound to: 32768 - type: integer 
	Parameter RX_FIFO_DEPTH bound to: 65536 - type: integer 
	Parameter MAX_TX_SIZE bound to: 9214 - type: integer 
	Parameter MAX_RX_SIZE bound to: 9214 - type: integer 
	Parameter TX_RAM_SIZE bound to: 32768 - type: integer 
	Parameter RX_RAM_SIZE bound to: 32768 - type: integer 
	Parameter APP_AXIS_DIRECT_ENABLE bound to: 1'b0 
	Parameter APP_AXIS_SYNC_ENABLE bound to: 1'b0 
	Parameter APP_AXIS_IF_ENABLE bound to: 1'b0 
	Parameter DMA_ADDR_WIDTH bound to: 64 - type: integer 
	Parameter DMA_IMM_ENABLE bound to: 0 - type: integer 
	Parameter DMA_IMM_WIDTH bound to: 32 - type: integer 
	Parameter DMA_LEN_WIDTH bound to: 16 - type: integer 
	Parameter DMA_TAG_WIDTH bound to: 15 - type: integer 
	Parameter RAM_SEL_WIDTH bound to: 1 - type: integer 
	Parameter RAM_ADDR_WIDTH bound to: 15 - type: integer 
	Parameter RAM_SEG_COUNT bound to: 2 - type: integer 
	Parameter RAM_SEG_DATA_WIDTH bound to: 128 - type: integer 
	Parameter RAM_SEG_BE_WIDTH bound to: 16 - type: integer 
	Parameter RAM_SEG_ADDR_WIDTH bound to: 10 - type: integer 
	Parameter RAM_PIPELINE bound to: 2 - type: integer 
	Parameter IRQ_INDEX_WIDTH bound to: 6 - type: integer 
	Parameter AXIL_DATA_WIDTH bound to: 32 - type: integer 
	Parameter AXIL_ADDR_WIDTH bound to: 24 - type: integer 
	Parameter AXIL_STRB_WIDTH bound to: 4 - type: integer 
	Parameter AXIS_DATA_WIDTH bound to: 64 - type: integer 
	Parameter AXIS_KEEP_WIDTH bound to: 8 - type: integer 
	Parameter AXIS_TX_USER_WIDTH bound to: 17 - type: integer 
	Parameter AXIS_RX_USER_WIDTH bound to: 97 - type: integer 
	Parameter AXIS_RX_USE_READY bound to: 1 - type: integer 
	Parameter AXIS_TX_PIPELINE bound to: 0 - type: integer 
	Parameter AXIS_TX_FIFO_PIPELINE bound to: 2 - type: integer 
	Parameter AXIS_TX_TS_PIPELINE bound to: 0 - type: integer 
	Parameter AXIS_RX_PIPELINE bound to: 0 - type: integer 
	Parameter AXIS_RX_FIFO_PIPELINE bound to: 2 - type: integer 
	Parameter AXIS_SYNC_DATA_WIDTH bound to: 64 - type: integer 
	Parameter AXIS_SYNC_KEEP_WIDTH bound to: 8 - type: integer 
	Parameter AXIS_SYNC_TX_USER_WIDTH bound to: 17 - type: integer 
	Parameter AXIS_SYNC_RX_USER_WIDTH bound to: 97 - type: integer 
	Parameter AXIS_IF_DATA_WIDTH bound to: 64 - type: integer 
	Parameter AXIS_IF_KEEP_WIDTH bound to: 8 - type: integer 
	Parameter AXIS_IF_TX_ID_WIDTH bound to: 13 - type: integer 
	Parameter AXIS_IF_RX_ID_WIDTH bound to: 1 - type: integer 
	Parameter AXIS_IF_TX_DEST_WIDTH bound to: 4 - type: integer 
	Parameter AXIS_IF_RX_DEST_WIDTH bound to: 9 - type: integer 
	Parameter AXIS_IF_TX_USER_WIDTH bound to: 17 - type: integer 
	Parameter AXIS_IF_RX_USER_WIDTH bound to: 97 - type: integer 
INFO: [Synth 8-6157] synthesizing module 'mqnic_tx_scheduler_block' [D:/FPGA/mqnic_prj/mqnic_prj.srcs/sources_1/imports/fpga_pcie/rtl/common/mqnic_tx_scheduler_block_rr.v:15]
	Parameter PORTS bound to: 1 - type: integer 
	Parameter INDEX bound to: 0 - type: integer 
	Parameter CLK_PERIOD_NS_NUM bound to: 4 - type: integer 
	Parameter CLK_PERIOD_NS_DENOM bound to: 1 - type: integer 
	Parameter PTP_CLK_PERIOD_NS_NUM bound to: 8 - type: integer 
	Parameter PTP_CLK_PERIOD_NS_DENOM bound to: 1 - type: integer 
	Parameter PTP_CLOCK_CDC_PIPELINE bound to: 0 - type: integer 
	Parameter PTP_PEROUT_ENABLE bound to: 1 - type: integer 
	Parameter PTP_PEROUT_COUNT bound to: 1 - type: integer 
	Parameter QUEUE_INDEX_WIDTH bound to: 13 - type: integer 
	Parameter TX_SCHEDULER_OP_TABLE_SIZE bound to: 32 - type: integer 
	Parameter TX_SCHEDULER_PIPELINE bound to: 4 - type: integer 
	Parameter TDMA_INDEX_WIDTH bound to: 6 - type: integer 
	Parameter DMA_LEN_WIDTH bound to: 16 - type: integer 
	Parameter TX_REQ_TAG_WIDTH bound to: 5 - type: integer 
	Parameter MAX_TX_SIZE bound to: 9214 - type: integer 
	Parameter REG_ADDR_WIDTH bound to: 19 - type: integer 
	Parameter REG_DATA_WIDTH bound to: 32 - type: integer 
	Parameter REG_STRB_WIDTH bound to: 4 - type: integer 
	Parameter RB_BASE_ADDR bound to: 532480 - type: integer 
	Parameter RB_NEXT_PTR bound to: 0 - type: integer 
	Parameter AXIL_DATA_WIDTH bound to: 32 - type: integer 
	Parameter AXIL_ADDR_WIDTH bound to: 21 - type: integer 
	Parameter AXIL_STRB_WIDTH bound to: 4 - type: integer 
	Parameter AXIL_OFFSET bound to: 8388608 - type: integer 
	Parameter AXIS_TX_DEST_WIDTH bound to: 4 - type: integer 
INFO: [Synth 8-6157] synthesizing module 'tx_scheduler_rr' [D:/FPGA/mqnic_prj/mqnic_prj.srcs/sources_1/imports/fpga_pcie/rtl/common/tx_scheduler_rr.v:15]
	Parameter AXIL_DATA_WIDTH bound to: 32 - type: integer 
	Parameter AXIL_ADDR_WIDTH bound to: 21 - type: integer 
	Parameter AXIL_STRB_WIDTH bound to: 4 - type: integer 
	Parameter LEN_WIDTH bound to: 16 - type: integer 
	Parameter REQ_TAG_WIDTH bound to: 5 - type: integer 
	Parameter OP_TABLE_SIZE bound to: 32 - type: integer 
	Parameter QUEUE_INDEX_WIDTH bound to: 13 - type: integer 
	Parameter PIPELINE bound to: 4 - type: integer 
	Parameter SCHED_CTRL_ENABLE bound to: 0 - type: integer 
INFO: [Synth 8-6157] synthesizing module 'axis_fifo' [D:/FPGA/mqnic_prj/mqnic_prj.srcs/sources_1/imports/fpga_pcie/lib/axis/rtl/axis_fifo.v:34]
	Parameter DEPTH bound to: 256 - type: integer 
	Parameter DATA_WIDTH bound to: 13 - type: integer 
	Parameter KEEP_ENABLE bound to: 0 - type: integer 
	Parameter KEEP_WIDTH bound to: 1 - type: integer 
	Parameter LAST_ENABLE bound to: 0 - type: integer 
	Parameter ID_ENABLE bound to: 0 - type: integer 
	Parameter DEST_ENABLE bound to: 0 - type: integer 
	Parameter USER_ENABLE bound to: 0 - type: integer 
	Parameter FRAME_FIFO bound to: 0 - type: integer 
INFO: [Synth 8-6155] done synthesizing module 'axis_fifo' (0#1) [D:/FPGA/mqnic_prj/mqnic_prj.srcs/sources_1/imports/fpga_pcie/lib/axis/rtl/axis_fifo.v:34]
WARNING: [Synth 8-7071] port 'pause_req' of module 'axis_fifo' is unconnected for instance 'doorbell_fifo' [D:/FPGA/mqnic_prj/mqnic_prj.srcs/sources_1/imports/fpga_pcie/rtl/common/tx_scheduler_rr.v:270]
WARNING: [Synth 8-7071] port 'pause_ack' of module 'axis_fifo' is unconnected for instance 'doorbell_fifo' [D:/FPGA/mqnic_prj/mqnic_prj.srcs/sources_1/imports/fpga_pcie/rtl/common/tx_scheduler_rr.v:270]
WARNING: [Synth 8-7071] port 'status_depth' of module 'axis_fifo' is unconnected for instance 'doorbell_fifo' [D:/FPGA/mqnic_prj/mqnic_prj.srcs/sources_1/imports/fpga_pcie/rtl/common/tx_scheduler_rr.v:270]
WARNING: [Synth 8-7071] port 'status_depth_commit' of module 'axis_fifo' is unconnected for instance 'doorbell_fifo' [D:/FPGA/mqnic_prj/mqnic_prj.srcs/sources_1/imports/fpga_pcie/rtl/common/tx_scheduler_rr.v:270]
WARNING: [Synth 8-7023] instance 'doorbell_fifo' of module 'axis_fifo' has 25 connections declared, but only 21 given [D:/FPGA/mqnic_prj/mqnic_prj.srcs/sources_1/imports/fpga_pcie/rtl/common/tx_scheduler_rr.v:270]
INFO: [Synth 8-6157] synthesizing module 'axis_fifo__parameterized0' [D:/FPGA/mqnic_prj/mqnic_prj.srcs/sources_1/imports/fpga_pcie/lib/axis/rtl/axis_fifo.v:34]
	Parameter DEPTH bound to: 8192 - type: integer 
	Parameter DATA_WIDTH bound to: 13 - type: integer 
	Parameter KEEP_ENABLE bound to: 0 - type: integer 
	Parameter KEEP_WIDTH bound to: 1 - type: integer 
	Parameter LAST_ENABLE bound to: 0 - type: integer 
	Parameter ID_ENABLE bound to: 0 - type: integer 
	Parameter DEST_ENABLE bound to: 0 - type: integer 
	Parameter USER_ENABLE bound to: 0 - type: integer 
	Parameter FRAME_FIFO bound to: 0 - type: integer 
INFO: [Synth 8-6155] done synthesizing module 'axis_fifo__parameterized0' (0#1) [D:/FPGA/mqnic_prj/mqnic_prj.srcs/sources_1/imports/fpga_pcie/lib/axis/rtl/axis_fifo.v:34]
WARNING: [Synth 8-7071] port 'pause_req' of module 'axis_fifo' is unconnected for instance 'rr_fifo' [D:/FPGA/mqnic_prj/mqnic_prj.srcs/sources_1/imports/fpga_pcie/rtl/common/tx_scheduler_rr.v:319]
WARNING: [Synth 8-7071] port 'pause_ack' of module 'axis_fifo' is unconnected for instance 'rr_fifo' [D:/FPGA/mqnic_prj/mqnic_prj.srcs/sources_1/imports/fpga_pcie/rtl/common/tx_scheduler_rr.v:319]
WARNING: [Synth 8-7071] port 'status_depth' of module 'axis_fifo' is unconnected for instance 'rr_fifo' [D:/FPGA/mqnic_prj/mqnic_prj.srcs/sources_1/imports/fpga_pcie/rtl/common/tx_scheduler_rr.v:319]
WARNING: [Synth 8-7071] port 'status_depth_commit' of module 'axis_fifo' is unconnected for instance 'rr_fifo' [D:/FPGA/mqnic_prj/mqnic_prj.srcs/sources_1/imports/fpga_pcie/rtl/common/tx_scheduler_rr.v:319]
WARNING: [Synth 8-7023] instance 'rr_fifo' of module 'axis_fifo' has 25 connections declared, but only 21 given [D:/FPGA/mqnic_prj/mqnic_prj.srcs/sources_1/imports/fpga_pcie/rtl/common/tx_scheduler_rr.v:319]
INFO: [Synth 8-6157] synthesizing module 'priority_encoder__parameterized0' [D:/FPGA/mqnic_prj/mqnic_prj.srcs/sources_1/imports/fpga_pcie/lib/axi/rtl/priority_encoder.v:34]
	Parameter WIDTH bound to: 32 - type: integer 
	Parameter LSB_HIGH_PRIORITY bound to: 1 - type: integer 
WARNING: [Synth 8-693] zero replication count - replication ignored [D:/FPGA/mqnic_prj/mqnic_prj.srcs/sources_1/imports/fpga_pcie/lib/axi/rtl/priority_encoder.v:51]
INFO: [Synth 8-6155] done synthesizing module 'priority_encoder__parameterized0' (0#1) [D:/FPGA/mqnic_prj/mqnic_prj.srcs/sources_1/imports/fpga_pcie/lib/axi/rtl/priority_encoder.v:34]
INFO: [Synth 8-6155] done synthesizing module 'tx_scheduler_rr' (0#1) [D:/FPGA/mqnic_prj/mqnic_prj.srcs/sources_1/imports/fpga_pcie/rtl/common/tx_scheduler_rr.v:15]
INFO: [Synth 8-6155] done synthesizing module 'mqnic_tx_scheduler_block' (0#1) [D:/FPGA/mqnic_prj/mqnic_prj.srcs/sources_1/imports/fpga_pcie/rtl/common/mqnic_tx_scheduler_block_rr.v:15]
WARNING: [Synth 8-689] width (24) of port connection 's_axil_awaddr' does not match port width (21) of module 'mqnic_tx_scheduler_block' [D:/FPGA/mqnic_prj/mqnic_prj.srcs/sources_1/imports/fpga_pcie/rtl/common/mqnic_interface.v:2314]
WARNING: [Synth 8-689] width (24) of port connection 's_axil_araddr' does not match port width (21) of module 'mqnic_tx_scheduler_block' [D:/FPGA/mqnic_prj/mqnic_prj.srcs/sources_1/imports/fpga_pcie/rtl/common/mqnic_interface.v:2325]
INFO: [Synth 8-6157] synthesizing module 'mqnic_port' [D:/FPGA/mqnic_prj/mqnic_prj.srcs/sources_1/imports/fpga_pcie/rtl/common/mqnic_port.v:15]
	Parameter PTP_TS_WIDTH bound to: 96 - type: integer 
	Parameter PTP_TS_ENABLE bound to: 1 - type: integer 
	Parameter TX_CPL_ENABLE bound to: 0 - type: integer 
	Parameter TX_CPL_FIFO_DEPTH bound to: 32 - type: integer 
	Parameter TX_TAG_WIDTH bound to: 16 - type: integer 
	Parameter PFC_ENABLE bound to: 1 - type: integer 
	Parameter LFC_ENABLE bound to: 1 - type: integer 
	Parameter MAC_CTRL_ENABLE bound to: 0 - type: integer 
	Parameter TX_FIFO_DEPTH bound to: 32768 - type: integer 
	Parameter RX_FIFO_DEPTH bound to: 65536 - type: integer 
	Parameter TX_FIFO_DEPTH_WIDTH bound to: 16 - type: integer 
	Parameter RX_FIFO_DEPTH_WIDTH bound to: 17 - type: integer 
	Parameter MAX_TX_SIZE bound to: 9214 - type: integer 
	Parameter MAX_RX_SIZE bound to: 9214 - type: integer 
	Parameter APP_AXIS_DIRECT_ENABLE bound to: 1'b0 
	Parameter APP_AXIS_SYNC_ENABLE bound to: 1'b0 
	Parameter REG_ADDR_WIDTH bound to: 19 - type: integer 
	Parameter REG_DATA_WIDTH bound to: 32 - type: integer 
	Parameter REG_STRB_WIDTH bound to: 4 - type: integer 
	Parameter RB_BASE_ADDR bound to: 528384 - type: integer 
	Parameter RB_NEXT_PTR bound to: 532480 - type: integer 
	Parameter AXIS_DATA_WIDTH bound to: 64 - type: integer 
	Parameter AXIS_KEEP_WIDTH bound to: 8 - type: integer 
	Parameter AXIS_TX_USER_WIDTH bound to: 17 - type: integer 
	Parameter AXIS_RX_USER_WIDTH bound to: 97 - type: integer 
	Parameter AXIS_RX_USE_READY bound to: 1 - type: integer 
	Parameter AXIS_TX_PIPELINE bound to: 0 - type: integer 
	Parameter AXIS_TX_FIFO_PIPELINE bound to: 2 - type: integer 
	Parameter AXIS_TX_TS_PIPELINE bound to: 0 - type: integer 
	Parameter AXIS_RX_PIPELINE bound to: 0 - type: integer 
	Parameter AXIS_RX_FIFO_PIPELINE bound to: 2 - type: integer 
	Parameter AXIS_SYNC_DATA_WIDTH bound to: 64 - type: integer 
	Parameter AXIS_SYNC_KEEP_WIDTH bound to: 8 - type: integer 
	Parameter AXIS_SYNC_TX_USER_WIDTH bound to: 17 - type: integer 
	Parameter AXIS_SYNC_RX_USER_WIDTH bound to: 97 - type: integer 
INFO: [Synth 8-6157] synthesizing module 'mqnic_port_tx' [D:/FPGA/mqnic_prj/mqnic_prj.srcs/sources_1/imports/fpga_pcie/rtl/common/mqnic_port_tx.v:15]
	Parameter PTP_TS_WIDTH bound to: 96 - type: integer 
	Parameter PTP_TS_ENABLE bound to: 1 - type: integer 
	Parameter TX_CPL_ENABLE bound to: 0 - type: integer 
	Parameter TX_CPL_FIFO_DEPTH bound to: 32 - type: integer 
	Parameter TX_TAG_WIDTH bound to: 16 - type: integer 
	Parameter PFC_ENABLE bound to: 1 - type: integer 
	Parameter LFC_ENABLE bound to: 1 - type: integer 
	Parameter MAC_CTRL_ENABLE bound to: 0 - type: integer 
	Parameter MAX_TX_SIZE bound to: 9214 - type: integer 
	Parameter APP_AXIS_DIRECT_ENABLE bound to: 1'b0 
	Parameter APP_AXIS_SYNC_ENABLE bound to: 1'b0 
	Parameter AXIS_DATA_WIDTH bound to: 64 - type: integer 
	Parameter AXIS_KEEP_WIDTH bound to: 8 - type: integer 
	Parameter AXIS_TX_USER_WIDTH bound to: 17 - type: integer 
	Parameter AXIS_TX_PIPELINE bound to: 0 - type: integer 
	Parameter AXIS_TX_FIFO_PIPELINE bound to: 2 - type: integer 
	Parameter AXIS_TX_TS_PIPELINE bound to: 0 - type: integer 
	Parameter AXIS_SYNC_DATA_WIDTH bound to: 64 - type: integer 
	Parameter AXIS_SYNC_KEEP_WIDTH bound to: 8 - type: integer 
	Parameter AXIS_SYNC_TX_USER_WIDTH bound to: 17 - type: integer 
INFO: [Synth 8-6157] synthesizing module 'axis_async_fifo__parameterized1' [D:/FPGA/mqnic_prj/mqnic_prj.srcs/sources_1/imports/fpga_pcie/lib/axis/rtl/axis_async_fifo.v:34]
	Parameter DEPTH bound to: 32 - type: integer 
	Parameter DATA_WIDTH bound to: 96 - type: integer 
	Parameter KEEP_ENABLE bound to: 0 - type: integer 
	Parameter LAST_ENABLE bound to: 0 - type: integer 
	Parameter ID_ENABLE bound to: 1 - type: integer 
	Parameter ID_WIDTH bound to: 16 - type: integer 
	Parameter DEST_ENABLE bound to: 0 - type: integer 
	Parameter USER_ENABLE bound to: 0 - type: integer 
	Parameter FRAME_FIFO bound to: 0 - type: integer 
INFO: [Synth 8-6155] done synthesizing module 'axis_async_fifo__parameterized1' (0#1) [D:/FPGA/mqnic_prj/mqnic_prj.srcs/sources_1/imports/fpga_pcie/lib/axis/rtl/axis_async_fifo.v:34]
WARNING: [Synth 8-7071] port 's_pause_req' of module 'axis_async_fifo' is unconnected for instance 'tx_cpl_fifo_inst' [D:/FPGA/mqnic_prj/mqnic_prj.srcs/sources_1/imports/fpga_pcie/rtl/common/mqnic_port_tx.v:238]
WARNING: [Synth 8-7071] port 's_pause_ack' of module 'axis_async_fifo' is unconnected for instance 'tx_cpl_fifo_inst' [D:/FPGA/mqnic_prj/mqnic_prj.srcs/sources_1/imports/fpga_pcie/rtl/common/mqnic_port_tx.v:238]
WARNING: [Synth 8-7071] port 'm_pause_req' of module 'axis_async_fifo' is unconnected for instance 'tx_cpl_fifo_inst' [D:/FPGA/mqnic_prj/mqnic_prj.srcs/sources_1/imports/fpga_pcie/rtl/common/mqnic_port_tx.v:238]
WARNING: [Synth 8-7071] port 'm_pause_ack' of module 'axis_async_fifo' is unconnected for instance 'tx_cpl_fifo_inst' [D:/FPGA/mqnic_prj/mqnic_prj.srcs/sources_1/imports/fpga_pcie/rtl/common/mqnic_port_tx.v:238]
WARNING: [Synth 8-7071] port 's_status_depth' of module 'axis_async_fifo' is unconnected for instance 'tx_cpl_fifo_inst' [D:/FPGA/mqnic_prj/mqnic_prj.srcs/sources_1/imports/fpga_pcie/rtl/common/mqnic_port_tx.v:238]
WARNING: [Synth 8-7071] port 's_status_depth_commit' of module 'axis_async_fifo' is unconnected for instance 'tx_cpl_fifo_inst' [D:/FPGA/mqnic_prj/mqnic_prj.srcs/sources_1/imports/fpga_pcie/rtl/common/mqnic_port_tx.v:238]
INFO: [Common 17-14] Message 'Synth 8-7071' appears 100 times and further instances of the messages will be disabled. Use the Tcl command set_msg_config to change the current settings.
WARNING: [Synth 8-7023] instance 'tx_cpl_fifo_inst' of module 'axis_async_fifo' has 34 connections declared, but only 26 given [D:/FPGA/mqnic_prj/mqnic_prj.srcs/sources_1/imports/fpga_pcie/rtl/common/mqnic_port_tx.v:238]
INFO: [Synth 8-6157] synthesizing module 'axis_pipeline_fifo' [D:/FPGA/mqnic_prj/mqnic_prj.srcs/sources_1/imports/fpga_pcie/lib/axis/rtl/axis_pipeline_fifo.v:34]
	Parameter DATA_WIDTH bound to: 96 - type: integer 
	Parameter KEEP_ENABLE bound to: 0 - type: integer 
	Parameter LAST_ENABLE bound to: 0 - type: integer 
	Parameter ID_ENABLE bound to: 1 - type: integer 
	Parameter ID_WIDTH bound to: 16 - type: integer 
	Parameter DEST_ENABLE bound to: 0 - type: integer 
	Parameter USER_ENABLE bound to: 0 - type: integer 
	Parameter LENGTH bound to: 0 - type: integer 
INFO: [Synth 8-6155] done synthesizing module 'axis_pipeline_fifo' (0#1) [D:/FPGA/mqnic_prj/mqnic_prj.srcs/sources_1/imports/fpga_pcie/lib/axis/rtl/axis_pipeline_fifo.v:34]
INFO: [Synth 8-6157] synthesizing module 'axis_pipeline_fifo__parameterized0' [D:/FPGA/mqnic_prj/mqnic_prj.srcs/sources_1/imports/fpga_pcie/lib/axis/rtl/axis_pipeline_fifo.v:34]
	Parameter DATA_WIDTH bound to: 64 - type: integer 
	Parameter KEEP_ENABLE bound to: 1'b1 
	Parameter KEEP_WIDTH bound to: 8 - type: integer 
	Parameter LAST_ENABLE bound to: 1 - type: integer 
	Parameter ID_ENABLE bound to: 0 - type: integer 
	Parameter DEST_ENABLE bound to: 0 - type: integer 
	Parameter USER_ENABLE bound to: 1 - type: integer 
	Parameter USER_WIDTH bound to: 17 - type: integer 
	Parameter LENGTH bound to: 0 - type: integer 
INFO: [Synth 8-6155] done synthesizing module 'axis_pipeline_fifo__parameterized0' (0#1) [D:/FPGA/mqnic_prj/mqnic_prj.srcs/sources_1/imports/fpga_pcie/lib/axis/rtl/axis_pipeline_fifo.v:34]
INFO: [Synth 8-6157] synthesizing module 'axis_async_fifo_adapter__parameterized1' [D:/FPGA/mqnic_prj/mqnic_prj.srcs/sources_1/imports/fpga_pcie/lib/axis/rtl/axis_async_fifo_adapter.v:34]
	Parameter DEPTH bound to: 256 - type: integer 
	Parameter S_DATA_WIDTH bound to: 64 - type: integer 
	Parameter S_KEEP_ENABLE bound to: 1'b1 
	Parameter S_KEEP_WIDTH bound to: 8 - type: integer 
	Parameter M_DATA_WIDTH bound to: 64 - type: integer 
	Parameter M_KEEP_ENABLE bound to: 1'b1 
	Parameter M_KEEP_WIDTH bound to: 8 - type: integer 
	Parameter ID_ENABLE bound to: 0 - type: integer 
	Parameter DEST_ENABLE bound to: 0 - type: integer 
	Parameter USER_ENABLE bound to: 1 - type: integer 
	Parameter USER_WIDTH bound to: 17 - type: integer 
	Parameter RAM_PIPELINE bound to: 0 - type: integer 
	Parameter FRAME_FIFO bound to: 1 - type: integer 
	Parameter USER_BAD_FRAME_VALUE bound to: 1'b1 
	Parameter USER_BAD_FRAME_MASK bound to: 1'b1 
	Parameter DROP_OVERSIZE_FRAME bound to: 0 - type: integer 
	Parameter DROP_BAD_FRAME bound to: 0 - type: integer 
	Parameter DROP_WHEN_FULL bound to: 0 - type: integer 
	Parameter MARK_WHEN_FULL bound to: 0 - type: integer 
	Parameter PAUSE_ENABLE bound to: 1 - type: integer 
	Parameter FRAME_PAUSE bound to: 1 - type: integer 
INFO: [Synth 8-6157] synthesizing module 'axis_async_fifo__parameterized2' [D:/FPGA/mqnic_prj/mqnic_prj.srcs/sources_1/imports/fpga_pcie/lib/axis/rtl/axis_async_fifo.v:34]
	Parameter DEPTH bound to: 256 - type: integer 
	Parameter DATA_WIDTH bound to: 64 - type: integer 
	Parameter KEEP_ENABLE bound to: 1'b1 
	Parameter KEEP_WIDTH bound to: 8 - type: integer 
	Parameter LAST_ENABLE bound to: 1 - type: integer 
	Parameter ID_ENABLE bound to: 0 - type: integer 
	Parameter ID_WIDTH bound to: 8 - type: integer 
	Parameter DEST_ENABLE bound to: 0 - type: integer 
	Parameter DEST_WIDTH bound to: 8 - type: integer 
	Parameter USER_ENABLE bound to: 1 - type: integer 
	Parameter USER_WIDTH bound to: 17 - type: integer 
	Parameter RAM_PIPELINE bound to: 0 - type: integer 
	Parameter OUTPUT_FIFO_ENABLE bound to: 0 - type: integer 
	Parameter FRAME_FIFO bound to: 1 - type: integer 
	Parameter USER_BAD_FRAME_VALUE bound to: 1'b1 
	Parameter USER_BAD_FRAME_MASK bound to: 1'b1 
	Parameter DROP_OVERSIZE_FRAME bound to: 0 - type: integer 
	Parameter DROP_BAD_FRAME bound to: 0 - type: integer 
	Parameter DROP_WHEN_FULL bound to: 0 - type: integer 
	Parameter MARK_WHEN_FULL bound to: 0 - type: integer 
	Parameter PAUSE_ENABLE bound to: 1 - type: integer 
	Parameter FRAME_PAUSE bound to: 1 - type: integer 
INFO: [Synth 8-6155] done synthesizing module 'axis_async_fifo__parameterized2' (0#1) [D:/FPGA/mqnic_prj/mqnic_prj.srcs/sources_1/imports/fpga_pcie/lib/axis/rtl/axis_async_fifo.v:34]
INFO: [Synth 8-6155] done synthesizing module 'axis_async_fifo_adapter__parameterized1' (0#1) [D:/FPGA/mqnic_prj/mqnic_prj.srcs/sources_1/imports/fpga_pcie/lib/axis/rtl/axis_async_fifo_adapter.v:34]
INFO: [Synth 8-6157] synthesizing module 'mqnic_l2_egress' [D:/FPGA/mqnic_prj/mqnic_prj.srcs/sources_1/imports/fpga_pcie/rtl/common/mqnic_l2_egress.v:15]
	Parameter PFC_ENABLE bound to: 1 - type: integer 
	Parameter LFC_ENABLE bound to: 1 - type: integer 
	Parameter MAC_CTRL_ENABLE bound to: 0 - type: integer 
	Parameter AXIS_DATA_WIDTH bound to: 64 - type: integer 
	Parameter AXIS_KEEP_WIDTH bound to: 8 - type: integer 
	Parameter AXIS_USER_WIDTH bound to: 17 - type: integer 
INFO: [Synth 8-6155] done synthesizing module 'mqnic_l2_egress' (0#1) [D:/FPGA/mqnic_prj/mqnic_prj.srcs/sources_1/imports/fpga_pcie/rtl/common/mqnic_l2_egress.v:15]
INFO: [Synth 8-6155] done synthesizing module 'mqnic_port_tx' (0#1) [D:/FPGA/mqnic_prj/mqnic_prj.srcs/sources_1/imports/fpga_pcie/rtl/common/mqnic_port_tx.v:15]
INFO: [Synth 8-6157] synthesizing module 'mqnic_port_rx' [D:/FPGA/mqnic_prj/mqnic_prj.srcs/sources_1/imports/fpga_pcie/rtl/common/mqnic_port_rx.v:15]
	Parameter PTP_TS_WIDTH bound to: 96 - type: integer 
	Parameter PTP_TS_ENABLE bound to: 1 - type: integer 
	Parameter PFC_ENABLE bound to: 1 - type: integer 
	Parameter LFC_ENABLE bound to: 1 - type: integer 
	Parameter MAC_CTRL_ENABLE bound to: 0 - type: integer 
	Parameter MAX_RX_SIZE bound to: 9214 - type: integer 
	Parameter APP_AXIS_DIRECT_ENABLE bound to: 1'b0 
	Parameter APP_AXIS_SYNC_ENABLE bound to: 1'b0 
	Parameter AXIS_DATA_WIDTH bound to: 64 - type: integer 
	Parameter AXIS_KEEP_WIDTH bound to: 8 - type: integer 
	Parameter AXIS_RX_USER_WIDTH bound to: 97 - type: integer 
	Parameter AXIS_RX_USE_READY bound to: 1 - type: integer 
	Parameter AXIS_RX_PIPELINE bound to: 0 - type: integer 
	Parameter AXIS_RX_FIFO_PIPELINE bound to: 2 - type: integer 
	Parameter AXIS_SYNC_DATA_WIDTH bound to: 64 - type: integer 
	Parameter AXIS_SYNC_KEEP_WIDTH bound to: 8 - type: integer 
	Parameter AXIS_SYNC_RX_USER_WIDTH bound to: 97 - type: integer 
INFO: [Synth 8-6157] synthesizing module 'mqnic_l2_ingress' [D:/FPGA/mqnic_prj/mqnic_prj.srcs/sources_1/imports/fpga_pcie/rtl/common/mqnic_l2_ingress.v:15]
	Parameter PFC_ENABLE bound to: 1 - type: integer 
	Parameter LFC_ENABLE bound to: 1 - type: integer 
	Parameter MAC_CTRL_ENABLE bound to: 0 - type: integer 
	Parameter AXIS_DATA_WIDTH bound to: 64 - type: integer 
	Parameter AXIS_KEEP_WIDTH bound to: 8 - type: integer 
	Parameter AXIS_USER_WIDTH bound to: 97 - type: integer 
	Parameter AXIS_USE_READY bound to: 1 - type: integer 
INFO: [Synth 8-6155] done synthesizing module 'mqnic_l2_ingress' (0#1) [D:/FPGA/mqnic_prj/mqnic_prj.srcs/sources_1/imports/fpga_pcie/rtl/common/mqnic_l2_ingress.v:15]
INFO: [Synth 8-6157] synthesizing module 'axis_async_fifo_adapter__parameterized2' [D:/FPGA/mqnic_prj/mqnic_prj.srcs/sources_1/imports/fpga_pcie/lib/axis/rtl/axis_async_fifo_adapter.v:34]
	Parameter DEPTH bound to: 256 - type: integer 
	Parameter S_DATA_WIDTH bound to: 64 - type: integer 
	Parameter S_KEEP_ENABLE bound to: 1'b1 
	Parameter S_KEEP_WIDTH bound to: 8 - type: integer 
	Parameter M_DATA_WIDTH bound to: 64 - type: integer 
	Parameter M_KEEP_ENABLE bound to: 1'b1 
	Parameter M_KEEP_WIDTH bound to: 8 - type: integer 
	Parameter ID_ENABLE bound to: 0 - type: integer 
	Parameter DEST_ENABLE bound to: 0 - type: integer 
	Parameter USER_ENABLE bound to: 1 - type: integer 
	Parameter USER_WIDTH bound to: 97 - type: integer 
	Parameter RAM_PIPELINE bound to: 0 - type: integer 
	Parameter FRAME_FIFO bound to: 0 - type: integer 
	Parameter USER_BAD_FRAME_VALUE bound to: 1'b1 
	Parameter USER_BAD_FRAME_MASK bound to: 1'b1 
	Parameter DROP_OVERSIZE_FRAME bound to: 0 - type: integer 
	Parameter DROP_BAD_FRAME bound to: 0 - type: integer 
	Parameter DROP_WHEN_FULL bound to: 0 - type: integer 
	Parameter MARK_WHEN_FULL bound to: 1'b0 
	Parameter PAUSE_ENABLE bound to: 1 - type: integer 
	Parameter FRAME_PAUSE bound to: 1 - type: integer 
INFO: [Synth 8-6157] synthesizing module 'axis_async_fifo__parameterized3' [D:/FPGA/mqnic_prj/mqnic_prj.srcs/sources_1/imports/fpga_pcie/lib/axis/rtl/axis_async_fifo.v:34]
	Parameter DEPTH bound to: 256 - type: integer 
	Parameter DATA_WIDTH bound to: 64 - type: integer 
	Parameter KEEP_ENABLE bound to: 1'b1 
	Parameter KEEP_WIDTH bound to: 8 - type: integer 
	Parameter LAST_ENABLE bound to: 1 - type: integer 
	Parameter ID_ENABLE bound to: 0 - type: integer 
	Parameter ID_WIDTH bound to: 8 - type: integer 
	Parameter DEST_ENABLE bound to: 0 - type: integer 
	Parameter DEST_WIDTH bound to: 8 - type: integer 
	Parameter USER_ENABLE bound to: 1 - type: integer 
	Parameter USER_WIDTH bound to: 97 - type: integer 
	Parameter RAM_PIPELINE bound to: 0 - type: integer 
	Parameter OUTPUT_FIFO_ENABLE bound to: 0 - type: integer 
	Parameter FRAME_FIFO bound to: 0 - type: integer 
	Parameter USER_BAD_FRAME_VALUE bound to: 1'b1 
	Parameter USER_BAD_FRAME_MASK bound to: 1'b1 
	Parameter DROP_OVERSIZE_FRAME bound to: 0 - type: integer 
	Parameter DROP_BAD_FRAME bound to: 0 - type: integer 
	Parameter DROP_WHEN_FULL bound to: 0 - type: integer 
	Parameter MARK_WHEN_FULL bound to: 1'b0 
	Parameter PAUSE_ENABLE bound to: 1 - type: integer 
	Parameter FRAME_PAUSE bound to: 1 - type: integer 
INFO: [Synth 8-6155] done synthesizing module 'axis_async_fifo__parameterized3' (0#1) [D:/FPGA/mqnic_prj/mqnic_prj.srcs/sources_1/imports/fpga_pcie/lib/axis/rtl/axis_async_fifo.v:34]
INFO: [Synth 8-6155] done synthesizing module 'axis_async_fifo_adapter__parameterized2' (0#1) [D:/FPGA/mqnic_prj/mqnic_prj.srcs/sources_1/imports/fpga_pcie/lib/axis/rtl/axis_async_fifo_adapter.v:34]
INFO: [Synth 8-6157] synthesizing module 'axis_pipeline_fifo__parameterized1' [D:/FPGA/mqnic_prj/mqnic_prj.srcs/sources_1/imports/fpga_pcie/lib/axis/rtl/axis_pipeline_fifo.v:34]
	Parameter DATA_WIDTH bound to: 64 - type: integer 
	Parameter KEEP_ENABLE bound to: 1'b1 
	Parameter KEEP_WIDTH bound to: 8 - type: integer 
	Parameter LAST_ENABLE bound to: 1 - type: integer 
	Parameter ID_ENABLE bound to: 0 - type: integer 
	Parameter DEST_ENABLE bound to: 0 - type: integer 
	Parameter USER_ENABLE bound to: 1 - type: integer 
	Parameter USER_WIDTH bound to: 97 - type: integer 
	Parameter LENGTH bound to: 0 - type: integer 
INFO: [Synth 8-6155] done synthesizing module 'axis_pipeline_fifo__parameterized1' (0#1) [D:/FPGA/mqnic_prj/mqnic_prj.srcs/sources_1/imports/fpga_pcie/lib/axis/rtl/axis_pipeline_fifo.v:34]
INFO: [Synth 8-6155] done synthesizing module 'mqnic_port_rx' (0#1) [D:/FPGA/mqnic_prj/mqnic_prj.srcs/sources_1/imports/fpga_pcie/rtl/common/mqnic_port_rx.v:15]
INFO: [Synth 8-6155] done synthesizing module 'mqnic_port' (0#1) [D:/FPGA/mqnic_prj/mqnic_prj.srcs/sources_1/imports/fpga_pcie/rtl/common/mqnic_port.v:15]
INFO: [Synth 8-6157] synthesizing module 'axis_fifo__parameterized1' [D:/FPGA/mqnic_prj/mqnic_prj.srcs/sources_1/imports/fpga_pcie/lib/axis/rtl/axis_fifo.v:34]
	Parameter DEPTH bound to: 128 - type: integer 
	Parameter DATA_WIDTH bound to: 6 - type: integer 
	Parameter KEEP_ENABLE bound to: 0 - type: integer 
	Parameter LAST_ENABLE bound to: 0 - type: integer 
	Parameter ID_ENABLE bound to: 0 - type: integer 
	Parameter DEST_ENABLE bound to: 0 - type: integer 
	Parameter USER_ENABLE bound to: 0 - type: integer 
	Parameter FRAME_FIFO bound to: 0 - type: integer 
INFO: [Synth 8-6155] done synthesizing module 'axis_fifo__parameterized1' (0#1) [D:/FPGA/mqnic_prj/mqnic_prj.srcs/sources_1/imports/fpga_pcie/lib/axis/rtl/axis_fifo.v:34]
WARNING: [Synth 8-7023] instance 'irq_fifo' of module 'axis_fifo' has 25 connections declared, but only 21 given [D:/FPGA/mqnic_prj/mqnic_prj.srcs/sources_1/imports/fpga_pcie/rtl/common/mqnic_interface.v:944]
INFO: [Synth 8-6157] synthesizing module 'axil_reg_if' [D:/FPGA/mqnic_prj/mqnic_prj.srcs/sources_1/imports/fpga_pcie/lib/axi/rtl/axil_reg_if.v:34]
	Parameter DATA_WIDTH bound to: 32 - type: integer 
	Parameter ADDR_WIDTH bound to: 19 - type: integer 
	Parameter STRB_WIDTH bound to: 4 - type: integer 
	Parameter TIMEOUT bound to: 4 - type: integer 
INFO: [Synth 8-6157] synthesizing module 'axil_reg_if_wr' [D:/FPGA/mqnic_prj/mqnic_prj.srcs/sources_1/imports/fpga_pcie/lib/axi/rtl/axil_reg_if_wr.v:34]
	Parameter DATA_WIDTH bound to: 32 - type: integer 
	Parameter ADDR_WIDTH bound to: 19 - type: integer 
	Parameter STRB_WIDTH bound to: 4 - type: integer 
	Parameter TIMEOUT bound to: 4 - type: integer 
INFO: [Synth 8-6155] done synthesizing module 'axil_reg_if_wr' (0#1) [D:/FPGA/mqnic_prj/mqnic_prj.srcs/sources_1/imports/fpga_pcie/lib/axi/rtl/axil_reg_if_wr.v:34]
INFO: [Synth 8-6157] synthesizing module 'axil_reg_if_rd' [D:/FPGA/mqnic_prj/mqnic_prj.srcs/sources_1/imports/fpga_pcie/lib/axi/rtl/axil_reg_if_rd.v:34]
	Parameter DATA_WIDTH bound to: 32 - type: integer 
	Parameter ADDR_WIDTH bound to: 19 - type: integer 
	Parameter STRB_WIDTH bound to: 4 - type: integer 
	Parameter TIMEOUT bound to: 4 - type: integer 
INFO: [Synth 8-6155] done synthesizing module 'axil_reg_if_rd' (0#1) [D:/FPGA/mqnic_prj/mqnic_prj.srcs/sources_1/imports/fpga_pcie/lib/axi/rtl/axil_reg_if_rd.v:34]
INFO: [Synth 8-6155] done synthesizing module 'axil_reg_if' (0#1) [D:/FPGA/mqnic_prj/mqnic_prj.srcs/sources_1/imports/fpga_pcie/lib/axi/rtl/axil_reg_if.v:34]
WARNING: [Synth 8-689] width (24) of port connection 's_axil_awaddr' does not match port width (19) of module 'axil_reg_if' [D:/FPGA/mqnic_prj/mqnic_prj.srcs/sources_1/imports/fpga_pcie/rtl/common/mqnic_interface.v:1000]
WARNING: [Synth 8-689] width (24) of port connection 's_axil_araddr' does not match port width (19) of module 'axil_reg_if' [D:/FPGA/mqnic_prj/mqnic_prj.srcs/sources_1/imports/fpga_pcie/rtl/common/mqnic_interface.v:1011]
INFO: [Synth 8-6157] synthesizing module 'axil_crossbar' [D:/FPGA/mqnic_prj/mqnic_prj.srcs/sources_1/imports/fpga_pcie/lib/axi/rtl/axil_crossbar.v:34]
	Parameter S_COUNT bound to: 1 - type: integer 
	Parameter M_COUNT bound to: 8 - type: integer 
	Parameter DATA_WIDTH bound to: 32 - type: integer 
	Parameter ADDR_WIDTH bound to: 24 - type: integer 
	Parameter STRB_WIDTH bound to: 4 - type: integer 
	Parameter M_ADDR_WIDTH bound to: 256'b0000000000000000000000000001010100000000000000000000000000010101000000000000000000000000000101010000000000000000000000000001010100000000000000000000000000010011000000000000000000000000000100110000000000000000000000000001001100000000000000000000000000010011 
	Parameter M_CONNECT_READ bound to: 8'b11111111 
	Parameter M_CONNECT_WRITE bound to: 8'b11111111 
INFO: [Synth 8-6157] synthesizing module 'axil_crossbar_wr' [D:/FPGA/mqnic_prj/mqnic_prj.srcs/sources_1/imports/fpga_pcie/lib/axi/rtl/axil_crossbar_wr.v:34]
	Parameter S_COUNT bound to: 1 - type: integer 
	Parameter M_COUNT bound to: 8 - type: integer 
	Parameter DATA_WIDTH bound to: 32 - type: integer 
	Parameter ADDR_WIDTH bound to: 24 - type: integer 
	Parameter STRB_WIDTH bound to: 4 - type: integer 
	Parameter S_ACCEPT bound to: 16 - type: integer 
	Parameter M_REGIONS bound to: 1 - type: integer 
	Parameter M_BASE_ADDR bound to: 0 - type: integer 
	Parameter M_ADDR_WIDTH bound to: 256'b0000000000000000000000000001010100000000000000000000000000010101000000000000000000000000000101010000000000000000000000000001010100000000000000000000000000010011000000000000000000000000000100110000000000000000000000000001001100000000000000000000000000010011 
	Parameter M_CONNECT bound to: 8'b11111111 
	Parameter M_ISSUE bound to: 256'b0000000000000000000000000001000000000000000000000000000000010000000000000000000000000000000100000000000000000000000000000001000000000000000000000000000000010000000000000000000000000000000100000000000000000000000000000001000000000000000000000000000000010000 
	Parameter M_SECURE bound to: 8'b00000000 
	Parameter S_AW_REG_TYPE bound to: 2'b00 
	Parameter S_W_REG_TYPE bound to: 2'b00 
	Parameter S_B_REG_TYPE bound to: 2'b01 
INFO: [Synth 8-6157] synthesizing module 'axil_crossbar_addr' [D:/FPGA/mqnic_prj/mqnic_prj.srcs/sources_1/imports/fpga_pcie/lib/axi/rtl/axil_crossbar_addr.v:34]
	Parameter S bound to: 0 - type: integer 
	Parameter S_COUNT bound to: 1 - type: integer 
	Parameter M_COUNT bound to: 8 - type: integer 
	Parameter ADDR_WIDTH bound to: 24 - type: integer 
	Parameter M_REGIONS bound to: 1 - type: integer 
	Parameter M_BASE_ADDR bound to: 0 - type: integer 
	Parameter M_ADDR_WIDTH bound to: 256'b0000000000000000000000000001010100000000000000000000000000010101000000000000000000000000000101010000000000000000000000000001010100000000000000000000000000010011000000000000000000000000000100110000000000000000000000000001001100000000000000000000000000010011 
	Parameter M_CONNECT bound to: 8'b11111111 
	Parameter M_SECURE bound to: 8'b00000000 
	Parameter WC_OUTPUT bound to: 1 - type: integer 
INFO: [Synth 8-251] Addressing configuration for axil_crossbar_addr instance  [D:/FPGA/mqnic_prj/mqnic_prj.srcs/sources_1/imports/fpga_pcie/lib/axi/rtl/axil_crossbar_addr.v:144]
INFO: [Synth 8-251] 0 (0): 0 / 19 -- 0-7ffff [D:/FPGA/mqnic_prj/mqnic_prj.srcs/sources_1/imports/fpga_pcie/lib/axi/rtl/axil_crossbar_addr.v:147]
INFO: [Synth 8-251] 1 (0): 80000 / 19 -- 80000-fffff [D:/FPGA/mqnic_prj/mqnic_prj.srcs/sources_1/imports/fpga_pcie/lib/axi/rtl/axil_crossbar_addr.v:147]
INFO: [Synth 8-251] 2 (0): 100000 / 19 -- 100000-17ffff [D:/FPGA/mqnic_prj/mqnic_prj.srcs/sources_1/imports/fpga_pcie/lib/axi/rtl/axil_crossbar_addr.v:147]
INFO: [Synth 8-251] 3 (0): 180000 / 19 -- 180000-1fffff [D:/FPGA/mqnic_prj/mqnic_prj.srcs/sources_1/imports/fpga_pcie/lib/axi/rtl/axil_crossbar_addr.v:147]
INFO: [Synth 8-251] 4 (0): 200000 / 21 -- 200000-3fffff [D:/FPGA/mqnic_prj/mqnic_prj.srcs/sources_1/imports/fpga_pcie/lib/axi/rtl/axil_crossbar_addr.v:147]
INFO: [Synth 8-251] 5 (0): 400000 / 21 -- 400000-5fffff [D:/FPGA/mqnic_prj/mqnic_prj.srcs/sources_1/imports/fpga_pcie/lib/axi/rtl/axil_crossbar_addr.v:147]
INFO: [Synth 8-251] 6 (0): 600000 / 21 -- 600000-7fffff [D:/FPGA/mqnic_prj/mqnic_prj.srcs/sources_1/imports/fpga_pcie/lib/axi/rtl/axil_crossbar_addr.v:147]
INFO: [Synth 8-251] 7 (0): 800000 / 21 -- 800000-9fffff [D:/FPGA/mqnic_prj/mqnic_prj.srcs/sources_1/imports/fpga_pcie/lib/axi/rtl/axil_crossbar_addr.v:147]
INFO: [Synth 8-155] case statement is not full and has no default [D:/FPGA/mqnic_prj/mqnic_prj.srcs/sources_1/imports/fpga_pcie/lib/axi/rtl/axil_crossbar_addr.v:242]
INFO: [Synth 8-6155] done synthesizing module 'axil_crossbar_addr' (0#1) [D:/FPGA/mqnic_prj/mqnic_prj.srcs/sources_1/imports/fpga_pcie/lib/axi/rtl/axil_crossbar_addr.v:34]
INFO: [Synth 8-6157] synthesizing module 'axil_register_wr' [D:/FPGA/mqnic_prj/mqnic_prj.srcs/sources_1/imports/fpga_pcie/lib/axi/rtl/axil_register_wr.v:34]
	Parameter DATA_WIDTH bound to: 32 - type: integer 
	Parameter ADDR_WIDTH bound to: 24 - type: integer 
	Parameter STRB_WIDTH bound to: 4 - type: integer 
	Parameter AW_REG_TYPE bound to: 2'b00 
	Parameter W_REG_TYPE bound to: 2'b00 
	Parameter B_REG_TYPE bound to: 2'b01 
INFO: [Synth 8-6155] done synthesizing module 'axil_register_wr' (0#1) [D:/FPGA/mqnic_prj/mqnic_prj.srcs/sources_1/imports/fpga_pcie/lib/axi/rtl/axil_register_wr.v:34]
INFO: [Synth 8-6157] synthesizing module 'arbiter__parameterized0' [D:/FPGA/mqnic_prj/mqnic_prj.srcs/sources_1/imports/fpga_pcie/lib/axi/rtl/arbiter.v:34]
	Parameter PORTS bound to: 1 - type: integer 
	Parameter ARB_TYPE_ROUND_ROBIN bound to: 1 - type: integer 
	Parameter ARB_BLOCK bound to: 1 - type: integer 
	Parameter ARB_BLOCK_ACK bound to: 1 - type: integer 
	Parameter ARB_LSB_HIGH_PRIORITY bound to: 1 - type: integer 
INFO: [Synth 8-6157] synthesizing module 'priority_encoder__parameterized1' [D:/FPGA/mqnic_prj/mqnic_prj.srcs/sources_1/imports/fpga_pcie/lib/axi/rtl/priority_encoder.v:34]
	Parameter WIDTH bound to: 1 - type: integer 
	Parameter LSB_HIGH_PRIORITY bound to: 1 - type: integer 
INFO: [Synth 8-6155] done synthesizing module 'priority_encoder__parameterized1' (0#1) [D:/FPGA/mqnic_prj/mqnic_prj.srcs/sources_1/imports/fpga_pcie/lib/axi/rtl/priority_encoder.v:34]
INFO: [Synth 8-6155] done synthesizing module 'arbiter__parameterized0' (0#1) [D:/FPGA/mqnic_prj/mqnic_prj.srcs/sources_1/imports/fpga_pcie/lib/axi/rtl/arbiter.v:34]
INFO: [Synth 8-6157] synthesizing module 'axil_register_wr__parameterized0' [D:/FPGA/mqnic_prj/mqnic_prj.srcs/sources_1/imports/fpga_pcie/lib/axi/rtl/axil_register_wr.v:34]
	Parameter DATA_WIDTH bound to: 32 - type: integer 
	Parameter ADDR_WIDTH bound to: 24 - type: integer 
	Parameter STRB_WIDTH bound to: 4 - type: integer 
	Parameter AW_REG_TYPE bound to: 2'b01 
	Parameter W_REG_TYPE bound to: 2'b10 
	Parameter B_REG_TYPE bound to: 2'b00 
INFO: [Synth 8-6155] done synthesizing module 'axil_register_wr__parameterized0' (0#1) [D:/FPGA/mqnic_prj/mqnic_prj.srcs/sources_1/imports/fpga_pcie/lib/axi/rtl/axil_register_wr.v:34]
INFO: [Synth 8-6155] done synthesizing module 'axil_crossbar_wr' (0#1) [D:/FPGA/mqnic_prj/mqnic_prj.srcs/sources_1/imports/fpga_pcie/lib/axi/rtl/axil_crossbar_wr.v:34]
INFO: [Synth 8-6157] synthesizing module 'axil_crossbar_rd' [D:/FPGA/mqnic_prj/mqnic_prj.srcs/sources_1/imports/fpga_pcie/lib/axi/rtl/axil_crossbar_rd.v:34]
	Parameter S_COUNT bound to: 1 - type: integer 
	Parameter M_COUNT bound to: 8 - type: integer 
	Parameter DATA_WIDTH bound to: 32 - type: integer 
	Parameter ADDR_WIDTH bound to: 24 - type: integer 
	Parameter STRB_WIDTH bound to: 4 - type: integer 
	Parameter S_ACCEPT bound to: 16 - type: integer 
	Parameter M_REGIONS bound to: 1 - type: integer 
	Parameter M_BASE_ADDR bound to: 0 - type: integer 
	Parameter M_ADDR_WIDTH bound to: 256'b0000000000000000000000000001010100000000000000000000000000010101000000000000000000000000000101010000000000000000000000000001010100000000000000000000000000010011000000000000000000000000000100110000000000000000000000000001001100000000000000000000000000010011 
	Parameter M_CONNECT bound to: 8'b11111111 
	Parameter M_ISSUE bound to: 256'b0000000000000000000000000001000000000000000000000000000000010000000000000000000000000000000100000000000000000000000000000001000000000000000000000000000000010000000000000000000000000000000100000000000000000000000000000001000000000000000000000000000000010000 
	Parameter M_SECURE bound to: 8'b00000000 
	Parameter S_AR_REG_TYPE bound to: 2'b00 
	Parameter S_R_REG_TYPE bound to: 2'b10 
INFO: [Synth 8-6157] synthesizing module 'axil_crossbar_addr__parameterized0' [D:/FPGA/mqnic_prj/mqnic_prj.srcs/sources_1/imports/fpga_pcie/lib/axi/rtl/axil_crossbar_addr.v:34]
	Parameter S bound to: 0 - type: integer 
	Parameter S_COUNT bound to: 1 - type: integer 
	Parameter M_COUNT bound to: 8 - type: integer 
	Parameter ADDR_WIDTH bound to: 24 - type: integer 
	Parameter M_REGIONS bound to: 1 - type: integer 
	Parameter M_BASE_ADDR bound to: 0 - type: integer 
	Parameter M_ADDR_WIDTH bound to: 256'b0000000000000000000000000001010100000000000000000000000000010101000000000000000000000000000101010000000000000000000000000001010100000000000000000000000000010011000000000000000000000000000100110000000000000000000000000001001100000000000000000000000000010011 
	Parameter M_CONNECT bound to: 8'b11111111 
	Parameter M_SECURE bound to: 8'b00000000 
	Parameter WC_OUTPUT bound to: 0 - type: integer 
INFO: [Synth 8-251] Addressing configuration for axil_crossbar_addr instance  [D:/FPGA/mqnic_prj/mqnic_prj.srcs/sources_1/imports/fpga_pcie/lib/axi/rtl/axil_crossbar_addr.v:144]
INFO: [Synth 8-251] 0 (0): 0 / 19 -- 0-7ffff [D:/FPGA/mqnic_prj/mqnic_prj.srcs/sources_1/imports/fpga_pcie/lib/axi/rtl/axil_crossbar_addr.v:147]
INFO: [Synth 8-251] 1 (0): 80000 / 19 -- 80000-fffff [D:/FPGA/mqnic_prj/mqnic_prj.srcs/sources_1/imports/fpga_pcie/lib/axi/rtl/axil_crossbar_addr.v:147]
INFO: [Synth 8-251] 2 (0): 100000 / 19 -- 100000-17ffff [D:/FPGA/mqnic_prj/mqnic_prj.srcs/sources_1/imports/fpga_pcie/lib/axi/rtl/axil_crossbar_addr.v:147]
INFO: [Synth 8-251] 3 (0): 180000 / 19 -- 180000-1fffff [D:/FPGA/mqnic_prj/mqnic_prj.srcs/sources_1/imports/fpga_pcie/lib/axi/rtl/axil_crossbar_addr.v:147]
INFO: [Synth 8-251] 4 (0): 200000 / 21 -- 200000-3fffff [D:/FPGA/mqnic_prj/mqnic_prj.srcs/sources_1/imports/fpga_pcie/lib/axi/rtl/axil_crossbar_addr.v:147]
INFO: [Synth 8-251] 5 (0): 400000 / 21 -- 400000-5fffff [D:/FPGA/mqnic_prj/mqnic_prj.srcs/sources_1/imports/fpga_pcie/lib/axi/rtl/axil_crossbar_addr.v:147]
INFO: [Synth 8-251] 6 (0): 600000 / 21 -- 600000-7fffff [D:/FPGA/mqnic_prj/mqnic_prj.srcs/sources_1/imports/fpga_pcie/lib/axi/rtl/axil_crossbar_addr.v:147]
INFO: [Synth 8-251] 7 (0): 800000 / 21 -- 800000-9fffff [D:/FPGA/mqnic_prj/mqnic_prj.srcs/sources_1/imports/fpga_pcie/lib/axi/rtl/axil_crossbar_addr.v:147]
INFO: [Synth 8-155] case statement is not full and has no default [D:/FPGA/mqnic_prj/mqnic_prj.srcs/sources_1/imports/fpga_pcie/lib/axi/rtl/axil_crossbar_addr.v:242]
INFO: [Synth 8-6155] done synthesizing module 'axil_crossbar_addr__parameterized0' (0#1) [D:/FPGA/mqnic_prj/mqnic_prj.srcs/sources_1/imports/fpga_pcie/lib/axi/rtl/axil_crossbar_addr.v:34]
INFO: [Synth 8-6157] synthesizing module 'axil_register_rd' [D:/FPGA/mqnic_prj/mqnic_prj.srcs/sources_1/imports/fpga_pcie/lib/axi/rtl/axil_register_rd.v:34]
	Parameter DATA_WIDTH bound to: 32 - type: integer 
	Parameter ADDR_WIDTH bound to: 24 - type: integer 
	Parameter STRB_WIDTH bound to: 4 - type: integer 
	Parameter AR_REG_TYPE bound to: 2'b00 
	Parameter R_REG_TYPE bound to: 2'b10 
INFO: [Synth 8-6155] done synthesizing module 'axil_register_rd' (0#1) [D:/FPGA/mqnic_prj/mqnic_prj.srcs/sources_1/imports/fpga_pcie/lib/axi/rtl/axil_register_rd.v:34]
INFO: [Synth 8-6157] synthesizing module 'axil_register_rd__parameterized0' [D:/FPGA/mqnic_prj/mqnic_prj.srcs/sources_1/imports/fpga_pcie/lib/axi/rtl/axil_register_rd.v:34]
	Parameter DATA_WIDTH bound to: 32 - type: integer 
	Parameter ADDR_WIDTH bound to: 24 - type: integer 
	Parameter STRB_WIDTH bound to: 4 - type: integer 
	Parameter AR_REG_TYPE bound to: 2'b01 
	Parameter R_REG_TYPE bound to: 2'b00 
INFO: [Synth 8-6155] done synthesizing module 'axil_register_rd__parameterized0' (0#1) [D:/FPGA/mqnic_prj/mqnic_prj.srcs/sources_1/imports/fpga_pcie/lib/axi/rtl/axil_register_rd.v:34]
INFO: [Synth 8-6155] done synthesizing module 'axil_crossbar_rd' (0#1) [D:/FPGA/mqnic_prj/mqnic_prj.srcs/sources_1/imports/fpga_pcie/lib/axi/rtl/axil_crossbar_rd.v:34]
INFO: [Synth 8-6155] done synthesizing module 'axil_crossbar' (0#1) [D:/FPGA/mqnic_prj/mqnic_prj.srcs/sources_1/imports/fpga_pcie/lib/axi/rtl/axil_crossbar.v:34]
INFO: [Synth 8-6157] synthesizing module 'dma_if_mux_wr' [D:/FPGA/mqnic_prj/mqnic_prj.srcs/sources_1/imports/fpga_pcie/lib/pcie/rtl/dma_if_mux_wr.v:34]
	Parameter PORTS bound to: 2 - type: integer 
	Parameter SEG_COUNT bound to: 2 - type: integer 
	Parameter SEG_DATA_WIDTH bound to: 128 - type: integer 
	Parameter SEG_ADDR_WIDTH bound to: 10 - type: integer 
	Parameter SEG_BE_WIDTH bound to: 16 - type: integer 
	Parameter S_RAM_SEL_WIDTH bound to: 0 - type: integer 
	Parameter M_RAM_SEL_WIDTH bound to: 1 - type: integer 
	Parameter RAM_ADDR_WIDTH bound to: 15 - type: integer 
	Parameter DMA_ADDR_WIDTH bound to: 64 - type: integer 
	Parameter IMM_ENABLE bound to: 0 - type: integer 
	Parameter IMM_WIDTH bound to: 32 - type: integer 
	Parameter LEN_WIDTH bound to: 16 - type: integer 
	Parameter S_TAG_WIDTH bound to: 14 - type: integer 
	Parameter M_TAG_WIDTH bound to: 15 - type: integer 
	Parameter ARB_TYPE_ROUND_ROBIN bound to: 0 - type: integer 
	Parameter ARB_LSB_HIGH_PRIORITY bound to: 1 - type: integer 
INFO: [Synth 8-6157] synthesizing module 'dma_if_desc_mux' [D:/FPGA/mqnic_prj/mqnic_prj.srcs/sources_1/imports/fpga_pcie/lib/pcie/rtl/dma_if_desc_mux.v:34]
	Parameter PORTS bound to: 2 - type: integer 
	Parameter EXTEND_RAM_SEL bound to: 1 - type: integer 
	Parameter S_RAM_SEL_WIDTH bound to: 0 - type: integer 
	Parameter M_RAM_SEL_WIDTH bound to: 1 - type: integer 
	Parameter RAM_ADDR_WIDTH bound to: 15 - type: integer 
	Parameter DMA_ADDR_WIDTH bound to: 64 - type: integer 
	Parameter IMM_ENABLE bound to: 0 - type: integer 
	Parameter IMM_WIDTH bound to: 32 - type: integer 
	Parameter LEN_WIDTH bound to: 16 - type: integer 
	Parameter S_TAG_WIDTH bound to: 14 - type: integer 
	Parameter M_TAG_WIDTH bound to: 15 - type: integer 
	Parameter ARB_TYPE_ROUND_ROBIN bound to: 0 - type: integer 
	Parameter ARB_LSB_HIGH_PRIORITY bound to: 1 - type: integer 
INFO: [Synth 8-6157] synthesizing module 'arbiter__parameterized1' [D:/FPGA/mqnic_prj/mqnic_prj.srcs/sources_1/imports/fpga_pcie/lib/axi/rtl/arbiter.v:34]
	Parameter PORTS bound to: 2 - type: integer 
	Parameter ARB_TYPE_ROUND_ROBIN bound to: 0 - type: integer 
	Parameter ARB_BLOCK bound to: 1 - type: integer 
	Parameter ARB_BLOCK_ACK bound to: 1 - type: integer 
	Parameter ARB_LSB_HIGH_PRIORITY bound to: 1 - type: integer 
INFO: [Synth 8-6157] synthesizing module 'priority_encoder__parameterized2' [D:/FPGA/mqnic_prj/mqnic_prj.srcs/sources_1/imports/fpga_pcie/lib/axi/rtl/priority_encoder.v:34]
	Parameter WIDTH bound to: 2 - type: integer 
	Parameter LSB_HIGH_PRIORITY bound to: 1 - type: integer 
WARNING: [Synth 8-693] zero replication count - replication ignored [D:/FPGA/mqnic_prj/mqnic_prj.srcs/sources_1/imports/fpga_pcie/lib/axi/rtl/priority_encoder.v:51]
INFO: [Synth 8-6155] done synthesizing module 'priority_encoder__parameterized2' (0#1) [D:/FPGA/mqnic_prj/mqnic_prj.srcs/sources_1/imports/fpga_pcie/lib/axi/rtl/priority_encoder.v:34]
INFO: [Synth 8-6155] done synthesizing module 'arbiter__parameterized1' (0#1) [D:/FPGA/mqnic_prj/mqnic_prj.srcs/sources_1/imports/fpga_pcie/lib/axi/rtl/arbiter.v:34]
INFO: [Synth 8-6155] done synthesizing module 'dma_if_desc_mux' (0#1) [D:/FPGA/mqnic_prj/mqnic_prj.srcs/sources_1/imports/fpga_pcie/lib/pcie/rtl/dma_if_desc_mux.v:34]
INFO: [Synth 8-6157] synthesizing module 'dma_ram_demux_rd' [D:/FPGA/mqnic_prj/mqnic_prj.srcs/sources_1/imports/fpga_pcie/lib/pcie/rtl/dma_ram_demux_rd.v:34]
	Parameter PORTS bound to: 2 - type: integer 
	Parameter SEG_COUNT bound to: 2 - type: integer 
	Parameter SEG_DATA_WIDTH bound to: 128 - type: integer 
	Parameter SEG_ADDR_WIDTH bound to: 10 - type: integer 
	Parameter S_RAM_SEL_WIDTH bound to: 0 - type: integer 
	Parameter M_RAM_SEL_WIDTH bound to: 1 - type: integer 
INFO: [Synth 8-6155] done synthesizing module 'dma_ram_demux_rd' (0#1) [D:/FPGA/mqnic_prj/mqnic_prj.srcs/sources_1/imports/fpga_pcie/lib/pcie/rtl/dma_ram_demux_rd.v:34]
INFO: [Synth 8-6155] done synthesizing module 'dma_if_mux_wr' (0#1) [D:/FPGA/mqnic_prj/mqnic_prj.srcs/sources_1/imports/fpga_pcie/lib/pcie/rtl/dma_if_mux_wr.v:34]
WARNING: [Synth 8-689] width (4) of port connection 's_axis_write_desc_ram_sel' does not match port width (2) of module 'dma_if_mux_wr' [D:/FPGA/mqnic_prj/mqnic_prj.srcs/sources_1/imports/fpga_pcie/rtl/common/mqnic_interface.v:1330]
WARNING: [Synth 8-689] width (4) of port connection 'ram_rd_cmd_sel' does not match port width (2) of module 'dma_if_mux_wr' [D:/FPGA/mqnic_prj/mqnic_prj.srcs/sources_1/imports/fpga_pcie/rtl/common/mqnic_interface.v:1360]
INFO: [Synth 8-6157] synthesizing module 'cpl_queue_manager' [D:/FPGA/mqnic_prj/mqnic_prj.srcs/sources_1/imports/fpga_pcie/rtl/common/cpl_queue_manager.v:15]
	Parameter ADDR_WIDTH bound to: 64 - type: integer 
	Parameter REQ_TAG_WIDTH bound to: 7 - type: integer 
	Parameter OP_TABLE_SIZE bound to: 32 - type: integer 
	Parameter OP_TAG_WIDTH bound to: 6 - type: integer 
	Parameter QUEUE_INDEX_WIDTH bound to: 6 - type: integer 
	Parameter EVENT_WIDTH bound to: 6 - type: integer 
	Parameter QUEUE_PTR_WIDTH bound to: 16 - type: integer 
	Parameter LOG_QUEUE_SIZE_WIDTH bound to: 4 - type: integer 
	Parameter CPL_SIZE bound to: 32 - type: integer 
	Parameter PIPELINE bound to: 3 - type: integer 
	Parameter AXIL_DATA_WIDTH bound to: 32 - type: integer 
	Parameter AXIL_ADDR_WIDTH bound to: 19 - type: integer 
	Parameter AXIL_STRB_WIDTH bound to: 4 - type: integer 
INFO: [Synth 8-6155] done synthesizing module 'cpl_queue_manager' (0#1) [D:/FPGA/mqnic_prj/mqnic_prj.srcs/sources_1/imports/fpga_pcie/rtl/common/cpl_queue_manager.v:15]
WARNING: [Synth 8-689] width (14) of port connection 's_axis_enqueue_req_queue' does not match port width (6) of module 'cpl_queue_manager' [D:/FPGA/mqnic_prj/mqnic_prj.srcs/sources_1/imports/fpga_pcie/rtl/common/mqnic_interface.v:1392]
WARNING: [Synth 8-689] width (24) of port connection 's_axil_awaddr' does not match port width (19) of module 'cpl_queue_manager' [D:/FPGA/mqnic_prj/mqnic_prj.srcs/sources_1/imports/fpga_pcie/rtl/common/mqnic_interface.v:1430]
WARNING: [Synth 8-689] width (24) of port connection 's_axil_araddr' does not match port width (19) of module 'cpl_queue_manager' [D:/FPGA/mqnic_prj/mqnic_prj.srcs/sources_1/imports/fpga_pcie/rtl/common/mqnic_interface.v:1441]
INFO: [Synth 8-6157] synthesizing module 'cpl_write' [D:/FPGA/mqnic_prj/mqnic_prj.srcs/sources_1/imports/fpga_pcie/rtl/common/cpl_write.v:15]
	Parameter PORTS bound to: 1 - type: integer 
	Parameter SELECT_WIDTH bound to: 1 - type: integer 
	Parameter SEG_COUNT bound to: 2 - type: integer 
	Parameter SEG_DATA_WIDTH bound to: 128 - type: integer 
	Parameter SEG_ADDR_WIDTH bound to: 10 - type: integer 
	Parameter SEG_BE_WIDTH bound to: 16 - type: integer 
	Parameter RAM_ADDR_WIDTH bound to: 15 - type: integer 
	Parameter RAM_PIPELINE bound to: 2 - type: integer 
	Parameter DMA_ADDR_WIDTH bound to: 64 - type: integer 
	Parameter DMA_LEN_WIDTH bound to: 16 - type: integer 
	Parameter DMA_TAG_WIDTH bound to: 14 - type: integer 
	Parameter REQ_TAG_WIDTH bound to: 7 - type: integer 
	Parameter QUEUE_REQ_TAG_WIDTH bound to: 7 - type: integer 
	Parameter QUEUE_OP_TAG_WIDTH bound to: 6 - type: integer 
	Parameter QUEUE_INDEX_WIDTH bound to: 6 - type: integer 
	Parameter CPL_SIZE bound to: 32 - type: integer 
	Parameter DESC_TABLE_SIZE bound to: 32 - type: integer 
INFO: [Synth 8-6155] done synthesizing module 'cpl_write' (0#1) [D:/FPGA/mqnic_prj/mqnic_prj.srcs/sources_1/imports/fpga_pcie/rtl/common/cpl_write.v:15]
WARNING: [Synth 8-689] width (14) of port connection 's_axis_req_queue' does not match port width (6) of module 'cpl_write' [D:/FPGA/mqnic_prj/mqnic_prj.srcs/sources_1/imports/fpga_pcie/rtl/common/mqnic_interface.v:1483]
WARNING: [Synth 8-689] width (5) of port connection 'm_axis_req_status_tag' does not match port width (7) of module 'cpl_write' [D:/FPGA/mqnic_prj/mqnic_prj.srcs/sources_1/imports/fpga_pcie/rtl/common/mqnic_interface.v:1492]
WARNING: [Synth 8-689] width (14) of port connection 'm_axis_cpl_enqueue_req_queue' does not match port width (6) of module 'cpl_write' [D:/FPGA/mqnic_prj/mqnic_prj.srcs/sources_1/imports/fpga_pcie/rtl/common/mqnic_interface.v:1500]
INFO: [Synth 8-6157] synthesizing module 'axis_fifo__parameterized2' [D:/FPGA/mqnic_prj/mqnic_prj.srcs/sources_1/imports/fpga_pcie/lib/axis/rtl/axis_fifo.v:34]
	Parameter DEPTH bound to: 1024 - type: integer 
	Parameter DATA_WIDTH bound to: 22 - type: integer 
	Parameter KEEP_ENABLE bound to: 0 - type: integer 
	Parameter LAST_ENABLE bound to: 0 - type: integer 
	Parameter ID_ENABLE bound to: 0 - type: integer 
	Parameter DEST_ENABLE bound to: 0 - type: integer 
	Parameter USER_ENABLE bound to: 0 - type: integer 
	Parameter FRAME_FIFO bound to: 0 - type: integer 
INFO: [Synth 8-6155] done synthesizing module 'axis_fifo__parameterized2' (0#1) [D:/FPGA/mqnic_prj/mqnic_prj.srcs/sources_1/imports/fpga_pcie/lib/axis/rtl/axis_fifo.v:34]
WARNING: [Synth 8-7023] instance 'event_fifo' of module 'axis_fifo' has 25 connections declared, but only 21 given [D:/FPGA/mqnic_prj/mqnic_prj.srcs/sources_1/imports/fpga_pcie/rtl/common/mqnic_interface.v:1575]
INFO: [Synth 8-6157] synthesizing module 'cpl_queue_manager__parameterized0' [D:/FPGA/mqnic_prj/mqnic_prj.srcs/sources_1/imports/fpga_pcie/rtl/common/cpl_queue_manager.v:15]
	Parameter ADDR_WIDTH bound to: 64 - type: integer 
	Parameter REQ_TAG_WIDTH bound to: 7 - type: integer 
	Parameter OP_TABLE_SIZE bound to: 32 - type: integer 
	Parameter OP_TAG_WIDTH bound to: 6 - type: integer 
	Parameter QUEUE_INDEX_WIDTH bound to: 14 - type: integer 
	Parameter EVENT_WIDTH bound to: 6 - type: integer 
	Parameter QUEUE_PTR_WIDTH bound to: 16 - type: integer 
	Parameter LOG_QUEUE_SIZE_WIDTH bound to: 4 - type: integer 
	Parameter CPL_SIZE bound to: 32 - type: integer 
	Parameter PIPELINE bound to: 5 - type: integer 
	Parameter AXIL_DATA_WIDTH bound to: 32 - type: integer 
	Parameter AXIL_ADDR_WIDTH bound to: 21 - type: integer 
	Parameter AXIL_STRB_WIDTH bound to: 4 - type: integer 
INFO: [Synth 8-6155] done synthesizing module 'cpl_queue_manager__parameterized0' (0#1) [D:/FPGA/mqnic_prj/mqnic_prj.srcs/sources_1/imports/fpga_pcie/rtl/common/cpl_queue_manager.v:15]
WARNING: [Synth 8-689] width (16) of port connection 'm_axis_event_source' does not match port width (14) of module 'cpl_queue_manager__parameterized0' [D:/FPGA/mqnic_prj/mqnic_prj.srcs/sources_1/imports/fpga_pcie/rtl/common/mqnic_interface.v:1659]
WARNING: [Synth 8-689] width (24) of port connection 's_axil_awaddr' does not match port width (21) of module 'cpl_queue_manager__parameterized0' [D:/FPGA/mqnic_prj/mqnic_prj.srcs/sources_1/imports/fpga_pcie/rtl/common/mqnic_interface.v:1666]
WARNING: [Synth 8-689] width (24) of port connection 's_axil_araddr' does not match port width (21) of module 'cpl_queue_manager__parameterized0' [D:/FPGA/mqnic_prj/mqnic_prj.srcs/sources_1/imports/fpga_pcie/rtl/common/mqnic_interface.v:1677]
INFO: [Synth 8-6157] synthesizing module 'cpl_op_mux' [D:/FPGA/mqnic_prj/mqnic_prj.srcs/sources_1/imports/fpga_pcie/rtl/common/cpl_op_mux.v:15]
INFO: [Common 17-14] Message 'Synth 8-6157' appears 100 times and further instances of the messages will be disabled. Use the Tcl command set_msg_config to change the current settings.
	Parameter PORTS bound to: 2 - type: integer 
	Parameter SELECT_WIDTH bound to: 1 - type: integer 
	Parameter QUEUE_INDEX_WIDTH bound to: 14 - type: integer 
	Parameter S_REQ_TAG_WIDTH bound to: 5 - type: integer 
	Parameter M_REQ_TAG_WIDTH bound to: 7 - type: integer 
	Parameter CPL_SIZE bound to: 32 - type: integer 
	Parameter ARB_TYPE_ROUND_ROBIN bound to: 1 - type: integer 
	Parameter ARB_LSB_HIGH_PRIORITY bound to: 1 - type: integer 
	Parameter PORTS bound to: 2 - type: integer 
	Parameter ARB_TYPE_ROUND_ROBIN bound to: 1 - type: integer 
	Parameter ARB_BLOCK bound to: 1 - type: integer 
	Parameter ARB_BLOCK_ACK bound to: 1 - type: integer 
	Parameter ARB_LSB_HIGH_PRIORITY bound to: 1 - type: integer 
INFO: [Synth 8-6155] done synthesizing module 'arbiter__parameterized2' (0#1) [D:/FPGA/mqnic_prj/mqnic_prj.srcs/sources_1/imports/fpga_pcie/lib/axi/rtl/arbiter.v:34]
INFO: [Synth 8-6155] done synthesizing module 'cpl_op_mux' (0#1) [D:/FPGA/mqnic_prj/mqnic_prj.srcs/sources_1/imports/fpga_pcie/rtl/common/cpl_op_mux.v:15]
	Parameter PORTS bound to: 1 - type: integer 
	Parameter SELECT_WIDTH bound to: 1 - type: integer 
	Parameter SEG_COUNT bound to: 2 - type: integer 
	Parameter SEG_DATA_WIDTH bound to: 128 - type: integer 
	Parameter SEG_ADDR_WIDTH bound to: 10 - type: integer 
	Parameter SEG_BE_WIDTH bound to: 16 - type: integer 
	Parameter RAM_ADDR_WIDTH bound to: 15 - type: integer 
	Parameter RAM_PIPELINE bound to: 2 - type: integer 
	Parameter DMA_ADDR_WIDTH bound to: 64 - type: integer 
	Parameter DMA_LEN_WIDTH bound to: 16 - type: integer 
	Parameter DMA_TAG_WIDTH bound to: 14 - type: integer 
	Parameter REQ_TAG_WIDTH bound to: 7 - type: integer 
	Parameter QUEUE_REQ_TAG_WIDTH bound to: 7 - type: integer 
	Parameter QUEUE_OP_TAG_WIDTH bound to: 6 - type: integer 
	Parameter QUEUE_INDEX_WIDTH bound to: 14 - type: integer 
	Parameter CPL_SIZE bound to: 32 - type: integer 
	Parameter DESC_TABLE_SIZE bound to: 32 - type: integer 
INFO: [Synth 8-6155] done synthesizing module 'cpl_write__parameterized0' (0#1) [D:/FPGA/mqnic_prj/mqnic_prj.srcs/sources_1/imports/fpga_pcie/rtl/common/cpl_write.v:15]
	Parameter ADDR_WIDTH bound to: 64 - type: integer 
	Parameter REQ_TAG_WIDTH bound to: 6 - type: integer 
	Parameter OP_TABLE_SIZE bound to: 32 - type: integer 
	Parameter OP_TAG_WIDTH bound to: 6 - type: integer 
	Parameter QUEUE_INDEX_WIDTH bound to: 13 - type: integer 
	Parameter CPL_INDEX_WIDTH bound to: 14 - type: integer 
	Parameter QUEUE_PTR_WIDTH bound to: 16 - type: integer 
	Parameter LOG_QUEUE_SIZE_WIDTH bound to: 4 - type: integer 
	Parameter DESC_SIZE bound to: 16 - type: integer 
	Parameter LOG_BLOCK_SIZE_WIDTH bound to: 2 - type: integer 
	Parameter PIPELINE bound to: 4 - type: integer 
	Parameter AXIL_DATA_WIDTH bound to: 32 - type: integer 
	Parameter AXIL_ADDR_WIDTH bound to: 21 - type: integer 
	Parameter AXIL_STRB_WIDTH bound to: 4 - type: integer 
INFO: [Synth 8-155] case statement is not full and has no default [D:/FPGA/mqnic_prj/mqnic_prj.srcs/sources_1/imports/fpga_pcie/rtl/common/queue_manager.v:469]
INFO: [Synth 8-155] case statement is not full and has no default [D:/FPGA/mqnic_prj/mqnic_prj.srcs/sources_1/imports/fpga_pcie/rtl/common/queue_manager.v:545]
INFO: [Synth 8-6155] done synthesizing module 'queue_manager' (0#1) [D:/FPGA/mqnic_prj/mqnic_prj.srcs/sources_1/imports/fpga_pcie/rtl/common/queue_manager.v:15]
WARNING: [Synth 8-689] width (24) of port connection 's_axil_awaddr' does not match port width (21) of module 'queue_manager' [D:/FPGA/mqnic_prj/mqnic_prj.srcs/sources_1/imports/fpga_pcie/rtl/common/mqnic_interface.v:1904]
WARNING: [Synth 8-689] width (24) of port connection 's_axil_araddr' does not match port width (21) of module 'queue_manager' [D:/FPGA/mqnic_prj/mqnic_prj.srcs/sources_1/imports/fpga_pcie/rtl/common/mqnic_interface.v:1915]
WARNING: [Synth 8-7023] instance 'tx_qm_inst' of module 'queue_manager' has 43 connections declared, but only 42 given [D:/FPGA/mqnic_prj/mqnic_prj.srcs/sources_1/imports/fpga_pcie/rtl/common/mqnic_interface.v:1861]
	Parameter ADDR_WIDTH bound to: 64 - type: integer 
	Parameter REQ_TAG_WIDTH bound to: 6 - type: integer 
	Parameter OP_TABLE_SIZE bound to: 32 - type: integer 
	Parameter OP_TAG_WIDTH bound to: 6 - type: integer 
	Parameter QUEUE_INDEX_WIDTH bound to: 8 - type: integer 
	Parameter CPL_INDEX_WIDTH bound to: 14 - type: integer 
	Parameter QUEUE_PTR_WIDTH bound to: 16 - type: integer 
	Parameter LOG_QUEUE_SIZE_WIDTH bound to: 4 - type: integer 
	Parameter DESC_SIZE bound to: 16 - type: integer 
	Parameter LOG_BLOCK_SIZE_WIDTH bound to: 2 - type: integer 
	Parameter PIPELINE bound to: 3 - type: integer 
	Parameter AXIL_DATA_WIDTH bound to: 32 - type: integer 
	Parameter AXIL_ADDR_WIDTH bound to: 21 - type: integer 
	Parameter AXIL_STRB_WIDTH bound to: 4 - type: integer 
INFO: [Synth 8-155] case statement is not full and has no default [D:/FPGA/mqnic_prj/mqnic_prj.srcs/sources_1/imports/fpga_pcie/rtl/common/queue_manager.v:469]
INFO: [Synth 8-155] case statement is not full and has no default [D:/FPGA/mqnic_prj/mqnic_prj.srcs/sources_1/imports/fpga_pcie/rtl/common/queue_manager.v:545]
INFO: [Synth 8-6155] done synthesizing module 'queue_manager__parameterized0' (0#1) [D:/FPGA/mqnic_prj/mqnic_prj.srcs/sources_1/imports/fpga_pcie/rtl/common/queue_manager.v:15]
WARNING: [Synth 8-689] width (13) of port connection 's_axis_dequeue_req_queue' does not match port width (8) of module 'queue_manager__parameterized0' [D:/FPGA/mqnic_prj/mqnic_prj.srcs/sources_1/imports/fpga_pcie/rtl/common/mqnic_interface.v:1953]
WARNING: [Synth 8-689] width (13) of port connection 'm_axis_dequeue_resp_queue' does not match port width (8) of module 'queue_manager__parameterized0' [D:/FPGA/mqnic_prj/mqnic_prj.srcs/sources_1/imports/fpga_pcie/rtl/common/mqnic_interface.v:1961]
WARNING: [Synth 8-689] width (24) of port connection 's_axil_awaddr' does not match port width (21) of module 'queue_manager__parameterized0' [D:/FPGA/mqnic_prj/mqnic_prj.srcs/sources_1/imports/fpga_pcie/rtl/common/mqnic_interface.v:1989]
WARNING: [Synth 8-689] width (24) of port connection 's_axil_araddr' does not match port width (21) of module 'queue_manager__parameterized0' [D:/FPGA/mqnic_prj/mqnic_prj.srcs/sources_1/imports/fpga_pcie/rtl/common/mqnic_interface.v:2000]
WARNING: [Synth 8-7023] instance 'rx_qm_inst' of module 'queue_manager' has 43 connections declared, but only 42 given [D:/FPGA/mqnic_prj/mqnic_prj.srcs/sources_1/imports/fpga_pcie/rtl/common/mqnic_interface.v:1946]
	Parameter PORTS bound to: 2 - type: integer 
	Parameter SELECT_WIDTH bound to: 1 - type: integer 
	Parameter QUEUE_INDEX_WIDTH bound to: 13 - type: integer 
	Parameter QUEUE_PTR_WIDTH bound to: 16 - type: integer 
	Parameter CPL_QUEUE_INDEX_WIDTH bound to: 14 - type: integer 
	Parameter S_REQ_TAG_WIDTH bound to: 5 - type: integer 
	Parameter M_REQ_TAG_WIDTH bound to: 6 - type: integer 
	Parameter AXIS_DATA_WIDTH bound to: 128 - type: integer 
	Parameter AXIS_KEEP_WIDTH bound to: 16 - type: integer 
	Parameter ARB_TYPE_ROUND_ROBIN bound to: 1 - type: integer 
	Parameter ARB_LSB_HIGH_PRIORITY bound to: 1 - type: integer 
INFO: [Synth 8-6155] done synthesizing module 'desc_op_mux' (0#1) [D:/FPGA/mqnic_prj/mqnic_prj.srcs/sources_1/imports/fpga_pcie/rtl/common/desc_op_mux.v:15]
	Parameter PORTS bound to: 2 - type: integer 
	Parameter SELECT_WIDTH bound to: 1 - type: integer 
	Parameter SEG_COUNT bound to: 2 - type: integer 
	Parameter SEG_DATA_WIDTH bound to: 128 - type: integer 
	Parameter SEG_ADDR_WIDTH bound to: 10 - type: integer 
	Parameter SEG_BE_WIDTH bound to: 16 - type: integer 
	Parameter RAM_ADDR_WIDTH bound to: 15 - type: integer 
	Parameter RAM_PIPELINE bound to: 2 - type: integer 
	Parameter DMA_ADDR_WIDTH bound to: 64 - type: integer 
	Parameter DMA_LEN_WIDTH bound to: 16 - type: integer 
	Parameter DMA_TAG_WIDTH bound to: 15 - type: integer 
	Parameter REQ_TAG_WIDTH bound to: 6 - type: integer 
	Parameter QUEUE_REQ_TAG_WIDTH bound to: 6 - type: integer 
	Parameter QUEUE_OP_TAG_WIDTH bound to: 6 - type: integer 
	Parameter QUEUE_INDEX_WIDTH bound to: 13 - type: integer 
	Parameter CPL_QUEUE_INDEX_WIDTH bound to: 14 - type: integer 
	Parameter QUEUE_PTR_WIDTH bound to: 16 - type: integer 
	Parameter DESC_SIZE bound to: 16 - type: integer 
	Parameter LOG_BLOCK_SIZE_WIDTH bound to: 2 - type: integer 
	Parameter DESC_TABLE_SIZE bound to: 32 - type: integer 
	Parameter AXIS_DATA_WIDTH bound to: 128 - type: integer 
	Parameter AXIS_KEEP_WIDTH bound to: 16 - type: integer 
	Parameter SIZE bound to: 4096 - type: integer 
	Parameter SEG_COUNT bound to: 2 - type: integer 
	Parameter SEG_DATA_WIDTH bound to: 128 - type: integer 
	Parameter SEG_BE_WIDTH bound to: 16 - type: integer 
	Parameter SEG_ADDR_WIDTH bound to: 10 - type: integer 
	Parameter PIPELINE bound to: 2 - type: integer 
INFO: [Synth 8-6155] done synthesizing module 'dma_psdpram' (0#1) [D:/FPGA/mqnic_prj/mqnic_prj.srcs/sources_1/imports/fpga_pcie/lib/pcie/rtl/dma_psdpram.v:34]
INFO: [Common 17-14] Message 'Synth 8-6155' appears 100 times and further instances of the messages will be disabled. Use the Tcl command set_msg_config to change the current settings.
	Parameter RAM_ADDR_WIDTH bound to: 15 - type: integer 
	Parameter SEG_COUNT bound to: 2 - type: integer 
	Parameter SEG_DATA_WIDTH bound to: 128 - type: integer 
	Parameter SEG_BE_WIDTH bound to: 16 - type: integer 
	Parameter SEG_ADDR_WIDTH bound to: 10 - type: integer 
	Parameter AXIS_DATA_WIDTH bound to: 128 - type: integer 
	Parameter AXIS_KEEP_ENABLE bound to: 1'b1 
	Parameter AXIS_KEEP_WIDTH bound to: 16 - type: integer 
	Parameter AXIS_LAST_ENABLE bound to: 1 - type: integer 
	Parameter AXIS_ID_ENABLE bound to: 1 - type: integer 
	Parameter AXIS_ID_WIDTH bound to: 6 - type: integer 
	Parameter AXIS_DEST_ENABLE bound to: 0 - type: integer 
	Parameter AXIS_USER_ENABLE bound to: 1 - type: integer 
	Parameter AXIS_USER_WIDTH bound to: 1 - type: integer 
	Parameter LEN_WIDTH bound to: 8 - type: integer 
	Parameter TAG_WIDTH bound to: 5 - type: integer 
	Parameter PORTS bound to: 1 - type: integer 
	Parameter PTP_TS_WIDTH bound to: 96 - type: integer 
	Parameter TX_QUEUE_INDEX_WIDTH bound to: 13 - type: integer 
	Parameter QUEUE_INDEX_WIDTH bound to: 13 - type: integer 
	Parameter CQN_WIDTH bound to: 14 - type: integer 
	Parameter QUEUE_PTR_WIDTH bound to: 16 - type: integer 
	Parameter LOG_QUEUE_SIZE_WIDTH bound to: 4 - type: integer 
	Parameter LOG_BLOCK_SIZE_WIDTH bound to: 2 - type: integer 
	Parameter TX_MAX_DESC_REQ bound to: 16 - type: integer 
	Parameter TX_DESC_FIFO_SIZE bound to: 128 - type: integer 
	Parameter DESC_SIZE bound to: 16 - type: integer 
	Parameter CPL_SIZE bound to: 32 - type: integer 
	Parameter AXIS_DESC_DATA_WIDTH bound to: 128 - type: integer 
	Parameter AXIS_DESC_KEEP_WIDTH bound to: 16 - type: integer 
	Parameter REQ_TAG_WIDTH bound to: 5 - type: integer 
	Parameter DESC_REQ_TAG_WIDTH bound to: 5 - type: integer 
	Parameter CPL_REQ_TAG_WIDTH bound to: 5 - type: integer 
	Parameter TX_DESC_TABLE_SIZE bound to: 32 - type: integer 
	Parameter DESC_TABLE_DMA_OP_COUNT_WIDTH bound to: 4 - type: integer 
	Parameter PTP_TS_ENABLE bound to: 1 - type: integer 
	Parameter TX_TAG_WIDTH bound to: 16 - type: integer 
	Parameter TX_CHECKSUM_ENABLE bound to: 1 - type: integer 
	Parameter MAX_TX_SIZE bound to: 9214 - type: integer 
	Parameter TX_RAM_SIZE bound to: 32768 - type: integer 
	Parameter DMA_ADDR_WIDTH bound to: 64 - type: integer 
	Parameter DMA_LEN_WIDTH bound to: 16 - type: integer 
	Parameter DMA_TAG_WIDTH bound to: 15 - type: integer 
	Parameter RAM_ADDR_WIDTH bound to: 15 - type: integer 
	Parameter RAM_SEG_COUNT bound to: 2 - type: integer 
	Parameter RAM_SEG_DATA_WIDTH bound to: 128 - type: integer 
	Parameter RAM_SEG_BE_WIDTH bound to: 16 - type: integer 
	Parameter RAM_SEG_ADDR_WIDTH bound to: 10 - type: integer 
	Parameter RAM_PIPELINE bound to: 2 - type: integer 
	Parameter AXIS_DATA_WIDTH bound to: 64 - type: integer 
	Parameter AXIS_KEEP_WIDTH bound to: 8 - type: integer 
	Parameter AXIS_TX_ID_WIDTH bound to: 13 - type: integer 
	Parameter AXIS_TX_DEST_WIDTH bound to: 4 - type: integer 
	Parameter AXIS_TX_USER_WIDTH bound to: 17 - type: integer 
	Parameter DEPTH bound to: 2048 - type: integer 
	Parameter DATA_WIDTH bound to: 128 - type: integer 
	Parameter KEEP_WIDTH bound to: 16 - type: integer 
	Parameter LAST_ENABLE bound to: 1 - type: integer 
	Parameter ID_ENABLE bound to: 1 - type: integer 
	Parameter ID_WIDTH bound to: 5 - type: integer 
	Parameter DEST_ENABLE bound to: 0 - type: integer 
	Parameter USER_ENABLE bound to: 0 - type: integer 
	Parameter RAM_PIPELINE bound to: 2 - type: integer 
	Parameter FRAME_FIFO bound to: 0 - type: integer 
WARNING: [Synth 8-7023] instance 'tx_desc_fifo' of module 'axis_fifo' has 25 connections declared, but only 21 given [D:/FPGA/mqnic_prj/mqnic_prj.srcs/sources_1/imports/fpga_pcie/rtl/common/mqnic_interface_tx.v:214]
	Parameter RAM_ADDR_WIDTH bound to: 15 - type: integer 
	Parameter DMA_ADDR_WIDTH bound to: 64 - type: integer 
	Parameter DMA_LEN_WIDTH bound to: 16 - type: integer 
	Parameter DMA_CLIENT_LEN_WIDTH bound to: 16 - type: integer 
	Parameter REQ_TAG_WIDTH bound to: 5 - type: integer 
	Parameter DESC_REQ_TAG_WIDTH bound to: 5 - type: integer 
	Parameter CPL_REQ_TAG_WIDTH bound to: 5 - type: integer 
	Parameter DMA_TAG_WIDTH bound to: 15 - type: integer 
	Parameter DMA_CLIENT_TAG_WIDTH bound to: 5 - type: integer 
	Parameter QUEUE_INDEX_WIDTH bound to: 13 - type: integer 
	Parameter QUEUE_PTR_WIDTH bound to: 16 - type: integer 
	Parameter CQN_WIDTH bound to: 14 - type: integer 
	Parameter DESC_TABLE_SIZE bound to: 32 - type: integer 
	Parameter DESC_TABLE_DMA_OP_COUNT_WIDTH bound to: 4 - type: integer 
	Parameter MAX_TX_SIZE bound to: 9214 - type: integer 
	Parameter TX_BUFFER_OFFSET bound to: 0 - type: integer 
	Parameter TX_BUFFER_SIZE bound to: 32768 - type: integer 
	Parameter TX_BUFFER_STEP_SIZE bound to: 32 - type: integer 
	Parameter DESC_SIZE bound to: 16 - type: integer 
	Parameter CPL_SIZE bound to: 32 - type: integer 
	Parameter MAX_DESC_REQ bound to: 16 - type: integer 
	Parameter AXIS_DESC_DATA_WIDTH bound to: 128 - type: integer 
	Parameter AXIS_DESC_KEEP_WIDTH bound to: 16 - type: integer 
	Parameter PTP_TS_ENABLE bound to: 1 - type: integer 
	Parameter PTP_TS_WIDTH bound to: 96 - type: integer 
	Parameter TX_TAG_WIDTH bound to: 16 - type: integer 
	Parameter TX_CHECKSUM_ENABLE bound to: 1 - type: integer 
	Parameter AXIS_TX_ID_WIDTH bound to: 13 - type: integer 
	Parameter AXIS_TX_DEST_WIDTH bound to: 4 - type: integer 
	Parameter AXIS_TX_USER_WIDTH bound to: 17 - type: integer 
	Parameter SIZE bound to: 32768 - type: integer 
	Parameter SEG_COUNT bound to: 2 - type: integer 
	Parameter SEG_DATA_WIDTH bound to: 128 - type: integer 
	Parameter SEG_BE_WIDTH bound to: 16 - type: integer 
	Parameter SEG_ADDR_WIDTH bound to: 10 - type: integer 
	Parameter PIPELINE bound to: 2 - type: integer 
	Parameter RAM_ADDR_WIDTH bound to: 15 - type: integer 
	Parameter SEG_COUNT bound to: 2 - type: integer 
	Parameter SEG_DATA_WIDTH bound to: 128 - type: integer 
	Parameter SEG_BE_WIDTH bound to: 16 - type: integer 
	Parameter SEG_ADDR_WIDTH bound to: 10 - type: integer 
	Parameter AXIS_DATA_WIDTH bound to: 64 - type: integer 
	Parameter AXIS_KEEP_ENABLE bound to: 1'b1 
	Parameter AXIS_KEEP_WIDTH bound to: 8 - type: integer 
	Parameter AXIS_LAST_ENABLE bound to: 1 - type: integer 
	Parameter AXIS_ID_ENABLE bound to: 1 - type: integer 
	Parameter AXIS_ID_WIDTH bound to: 13 - type: integer 
	Parameter AXIS_DEST_ENABLE bound to: 1 - type: integer 
	Parameter AXIS_DEST_WIDTH bound to: 4 - type: integer 
	Parameter AXIS_USER_ENABLE bound to: 1 - type: integer 
	Parameter AXIS_USER_WIDTH bound to: 17 - type: integer 
	Parameter LEN_WIDTH bound to: 16 - type: integer 
	Parameter TAG_WIDTH bound to: 5 - type: integer 
	Parameter TX_CHECKSUM_ENABLE bound to: 1 - type: integer 
	Parameter AXIS_DATA_WIDTH bound to: 64 - type: integer 
	Parameter AXIS_KEEP_WIDTH bound to: 8 - type: integer 
	Parameter AXIS_ID_WIDTH bound to: 13 - type: integer 
	Parameter AXIS_DEST_WIDTH bound to: 4 - type: integer 
	Parameter AXIS_USER_WIDTH bound to: 17 - type: integer 
	Parameter MAX_TX_SIZE bound to: 9214 - type: integer 
	Parameter DEPTH bound to: 32 - type: integer 
	Parameter DATA_WIDTH bound to: 17 - type: integer 
	Parameter KEEP_ENABLE bound to: 0 - type: integer 
	Parameter LAST_ENABLE bound to: 0 - type: integer 
	Parameter ID_ENABLE bound to: 0 - type: integer 
	Parameter DEST_ENABLE bound to: 0 - type: integer 
	Parameter USER_ENABLE bound to: 0 - type: integer 
	Parameter FRAME_FIFO bound to: 0 - type: integer 
WARNING: [Synth 8-7023] instance 'tx_csum_cmd_fifo' of module 'axis_fifo' has 25 connections declared, but only 21 given [D:/FPGA/mqnic_prj/mqnic_prj.srcs/sources_1/imports/fpga_pcie/rtl/common/mqnic_egress.v:90]
	Parameter DATA_WIDTH bound to: 64 - type: integer 
	Parameter ID_ENABLE bound to: 1 - type: integer 
	Parameter ID_WIDTH bound to: 13 - type: integer 
	Parameter DEST_ENABLE bound to: 1 - type: integer 
	Parameter DEST_WIDTH bound to: 4 - type: integer 
	Parameter USER_ENABLE bound to: 1 - type: integer 
	Parameter USER_WIDTH bound to: 17 - type: integer 
	Parameter USE_INIT_VALUE bound to: 0 - type: integer 
	Parameter DATA_FIFO_DEPTH bound to: 9214 - type: integer 
	Parameter CHECKSUM_FIFO_DEPTH bound to: 64 - type: integer 
	Parameter DEPTH bound to: 9214 - type: integer 
	Parameter DATA_WIDTH bound to: 64 - type: integer 
	Parameter KEEP_ENABLE bound to: 1 - type: integer 
	Parameter KEEP_WIDTH bound to: 8 - type: integer 
	Parameter LAST_ENABLE bound to: 1 - type: integer 
	Parameter ID_ENABLE bound to: 1 - type: integer 
	Parameter ID_WIDTH bound to: 13 - type: integer 
	Parameter DEST_ENABLE bound to: 1 - type: integer 
	Parameter DEST_WIDTH bound to: 4 - type: integer 
	Parameter USER_ENABLE bound to: 1 - type: integer 
	Parameter USER_WIDTH bound to: 17 - type: integer 
	Parameter FRAME_FIFO bound to: 0 - type: integer 
WARNING: [Synth 8-7023] instance 'data_fifo' of module 'axis_fifo' has 25 connections declared, but only 21 given [D:/FPGA/mqnic_prj/mqnic_prj.srcs/sources_1/imports/fpga_pcie/rtl/common/tx_checksum.v:183]
	Parameter DEPTH bound to: 64 - type: integer 
	Parameter DATA_WIDTH bound to: 25 - type: integer 
	Parameter KEEP_ENABLE bound to: 0 - type: integer 
	Parameter LAST_ENABLE bound to: 0 - type: integer 
	Parameter ID_ENABLE bound to: 0 - type: integer 
	Parameter DEST_ENABLE bound to: 0 - type: integer 
	Parameter USER_ENABLE bound to: 0 - type: integer 
	Parameter FRAME_FIFO bound to: 0 - type: integer 
WARNING: [Synth 8-7023] instance 'csum_fifo' of module 'axis_fifo' has 25 connections declared, but only 21 given [D:/FPGA/mqnic_prj/mqnic_prj.srcs/sources_1/imports/fpga_pcie/rtl/common/tx_checksum.v:221]
	Parameter PORTS bound to: 1 - type: integer 
	Parameter PTP_TS_WIDTH bound to: 96 - type: integer 
	Parameter RX_QUEUE_INDEX_WIDTH bound to: 8 - type: integer 
	Parameter QUEUE_INDEX_WIDTH bound to: 13 - type: integer 
	Parameter CQN_WIDTH bound to: 14 - type: integer 
	Parameter QUEUE_PTR_WIDTH bound to: 16 - type: integer 
	Parameter LOG_QUEUE_SIZE_WIDTH bound to: 4 - type: integer 
	Parameter LOG_BLOCK_SIZE_WIDTH bound to: 2 - type: integer 
	Parameter RX_MAX_DESC_REQ bound to: 16 - type: integer 
	Parameter RX_DESC_FIFO_SIZE bound to: 128 - type: integer 
	Parameter DESC_SIZE bound to: 16 - type: integer 
	Parameter CPL_SIZE bound to: 32 - type: integer 
	Parameter AXIS_DESC_DATA_WIDTH bound to: 128 - type: integer 
	Parameter AXIS_DESC_KEEP_WIDTH bound to: 16 - type: integer 
	Parameter DESC_REQ_TAG_WIDTH bound to: 5 - type: integer 
	Parameter CPL_REQ_TAG_WIDTH bound to: 5 - type: integer 
	Parameter RX_DESC_TABLE_SIZE bound to: 32 - type: integer 
	Parameter DESC_TABLE_DMA_OP_COUNT_WIDTH bound to: 4 - type: integer 
	Parameter RX_INDIR_TBL_ADDR_WIDTH bound to: 8 - type: integer 
	Parameter PTP_TS_ENABLE bound to: 1 - type: integer 
	Parameter RX_HASH_ENABLE bound to: 1 - type: integer 
	Parameter RX_CHECKSUM_ENABLE bound to: 1 - type: integer 
	Parameter MAX_RX_SIZE bound to: 9214 - type: integer 
	Parameter RX_RAM_SIZE bound to: 32768 - type: integer 
	Parameter DMA_ADDR_WIDTH bound to: 64 - type: integer 
	Parameter DMA_LEN_WIDTH bound to: 16 - type: integer 
	Parameter DMA_TAG_WIDTH bound to: 15 - type: integer 
	Parameter RAM_ADDR_WIDTH bound to: 15 - type: integer 
	Parameter RAM_SEG_COUNT bound to: 2 - type: integer 
	Parameter RAM_SEG_DATA_WIDTH bound to: 128 - type: integer 
	Parameter RAM_SEG_BE_WIDTH bound to: 16 - type: integer 
	Parameter RAM_SEG_ADDR_WIDTH bound to: 10 - type: integer 
	Parameter RAM_PIPELINE bound to: 2 - type: integer 
	Parameter REG_ADDR_WIDTH bound to: 19 - type: integer 
	Parameter REG_DATA_WIDTH bound to: 32 - type: integer 
	Parameter REG_STRB_WIDTH bound to: 4 - type: integer 
	Parameter RB_BASE_ADDR bound to: 524544 - type: integer 
	Parameter RB_NEXT_PTR bound to: 528384 - type: integer 
	Parameter AXIL_DATA_WIDTH bound to: 32 - type: integer 
	Parameter AXIL_ADDR_WIDTH bound to: 19 - type: integer 
	Parameter AXIL_STRB_WIDTH bound to: 4 - type: integer 
	Parameter AXIL_BASE_ADDR bound to: 1048576 - type: integer 
	Parameter AXIS_DATA_WIDTH bound to: 64 - type: integer 
	Parameter AXIS_KEEP_WIDTH bound to: 8 - type: integer 
	Parameter AXIS_RX_ID_WIDTH bound to: 1 - type: integer 
	Parameter AXIS_RX_DEST_WIDTH bound to: 9 - type: integer 
	Parameter AXIS_RX_USER_WIDTH bound to: 97 - type: integer 
WARNING: [Synth 8-7023] instance 'rx_desc_fifo' of module 'axis_fifo' has 25 connections declared, but only 21 given [D:/FPGA/mqnic_prj/mqnic_prj.srcs/sources_1/imports/fpga_pcie/rtl/common/mqnic_interface_rx.v:250]
	Parameter PORTS bound to: 1 - type: integer 
	Parameter RAM_ADDR_WIDTH bound to: 15 - type: integer 
	Parameter DMA_ADDR_WIDTH bound to: 64 - type: integer 
	Parameter DMA_LEN_WIDTH bound to: 16 - type: integer 
	Parameter DMA_CLIENT_LEN_WIDTH bound to: 16 - type: integer 
	Parameter REQ_TAG_WIDTH bound to: 5 - type: integer 
	Parameter DESC_REQ_TAG_WIDTH bound to: 5 - type: integer 
	Parameter CPL_REQ_TAG_WIDTH bound to: 5 - type: integer 
	Parameter DMA_TAG_WIDTH bound to: 15 - type: integer 
	Parameter DMA_CLIENT_TAG_WIDTH bound to: 5 - type: integer 
	Parameter QUEUE_INDEX_WIDTH bound to: 8 - type: integer 
	Parameter QUEUE_PTR_WIDTH bound to: 16 - type: integer 
	Parameter CQN_WIDTH bound to: 14 - type: integer 
	Parameter DESC_TABLE_SIZE bound to: 32 - type: integer 
	Parameter DESC_TABLE_DMA_OP_COUNT_WIDTH bound to: 4 - type: integer 
	Parameter INDIR_TBL_ADDR_WIDTH bound to: 8 - type: integer 
	Parameter MAX_RX_SIZE bound to: 9214 - type: integer 
	Parameter RX_BUFFER_OFFSET bound to: 0 - type: integer 
	Parameter RX_BUFFER_SIZE bound to: 32768 - type: integer 
	Parameter RX_BUFFER_STEP_SIZE bound to: 32 - type: integer 
	Parameter DESC_SIZE bound to: 16 - type: integer 
	Parameter CPL_SIZE bound to: 32 - type: integer 
	Parameter MAX_DESC_REQ bound to: 16 - type: integer 
	Parameter AXIS_DESC_DATA_WIDTH bound to: 128 - type: integer 
	Parameter AXIS_DESC_KEEP_WIDTH bound to: 16 - type: integer 
	Parameter PTP_TS_ENABLE bound to: 1 - type: integer 
	Parameter PTP_TS_WIDTH bound to: 96 - type: integer 
	Parameter RX_HASH_ENABLE bound to: 1 - type: integer 
	Parameter RX_CHECKSUM_ENABLE bound to: 1 - type: integer 
	Parameter REG_ADDR_WIDTH bound to: 19 - type: integer 
	Parameter REG_DATA_WIDTH bound to: 32 - type: integer 
	Parameter REG_STRB_WIDTH bound to: 4 - type: integer 
	Parameter RB_BASE_ADDR bound to: 524544 - type: integer 
	Parameter RB_NEXT_PTR bound to: 528384 - type: integer 
	Parameter AXIL_DATA_WIDTH bound to: 32 - type: integer 
	Parameter AXIL_ADDR_WIDTH bound to: 19 - type: integer 
	Parameter AXIL_STRB_WIDTH bound to: 4 - type: integer 
	Parameter AXIL_BASE_ADDR bound to: 1048576 - type: integer 
	Parameter AXIS_RX_ID_WIDTH bound to: 1 - type: integer 
	Parameter AXIS_RX_DEST_WIDTH bound to: 9 - type: integer 
	Parameter AXIS_RX_USER_WIDTH bound to: 133 - type: integer 
	Parameter PORTS bound to: 1 - type: integer 
	Parameter QUEUE_INDEX_WIDTH bound to: 8 - type: integer 
	Parameter INDIR_TBL_ADDR_WIDTH bound to: 8 - type: integer 
	Parameter ID_WIDTH bound to: 1 - type: integer 
	Parameter DEST_WIDTH bound to: 9 - type: integer 
	Parameter HASH_WIDTH bound to: 32 - type: integer 
	Parameter TAG_WIDTH bound to: 6 - type: integer 
	Parameter REG_ADDR_WIDTH bound to: 19 - type: integer 
	Parameter REG_DATA_WIDTH bound to: 32 - type: integer 
	Parameter REG_STRB_WIDTH bound to: 4 - type: integer 
	Parameter RB_BASE_ADDR bound to: 524544 - type: integer 
	Parameter RB_NEXT_PTR bound to: 528384 - type: integer 
	Parameter AXIL_DATA_WIDTH bound to: 32 - type: integer 
	Parameter AXIL_ADDR_WIDTH bound to: 19 - type: integer 
	Parameter AXIL_STRB_WIDTH bound to: 4 - type: integer 
	Parameter AXIL_BASE_ADDR bound to: 1048576 - type: integer 
WARNING: [Synth 8-689] width (133) of port connection 'req_hash' does not match port width (32) of module 'mqnic_rx_queue_map' [D:/FPGA/mqnic_prj/mqnic_prj.srcs/sources_1/imports/fpga_pcie/rtl/common/rx_engine.v:557]
WARNING: [Synth 8-689] width (13) of port connection 'm_axis_desc_req_queue' does not match port width (8) of module 'rx_engine' [D:/FPGA/mqnic_prj/mqnic_prj.srcs/sources_1/imports/fpga_pcie/rtl/common/mqnic_interface_rx.v:432]
WARNING: [Synth 8-689] width (13) of port connection 's_axis_desc_req_status_queue' does not match port width (8) of module 'rx_engine' [D:/FPGA/mqnic_prj/mqnic_prj.srcs/sources_1/imports/fpga_pcie/rtl/common/mqnic_interface_rx.v:440]
	Parameter REQ_TAG_WIDTH bound to: 5 - type: integer 
	Parameter RX_QUEUE_INDEX_WIDTH bound to: 8 - type: integer 
	Parameter RX_HASH_ENABLE bound to: 1 - type: integer 
	Parameter RX_CHECKSUM_ENABLE bound to: 1 - type: integer 
	Parameter AXIS_DATA_WIDTH bound to: 64 - type: integer 
	Parameter AXIS_KEEP_WIDTH bound to: 8 - type: integer 
	Parameter AXIS_ID_WIDTH bound to: 1 - type: integer 
	Parameter AXIS_DEST_WIDTH bound to: 9 - type: integer 
	Parameter S_AXIS_USER_WIDTH bound to: 97 - type: integer 
	Parameter M_AXIS_USER_WIDTH bound to: 133 - type: integer 
	Parameter MAX_RX_SIZE bound to: 9214 - type: integer 
	Parameter DATA_WIDTH bound to: 64 - type: integer 
	Parameter DEPTH bound to: 32 - type: integer 
	Parameter DATA_WIDTH bound to: 36 - type: integer 
	Parameter KEEP_ENABLE bound to: 0 - type: integer 
	Parameter LAST_ENABLE bound to: 0 - type: integer 
	Parameter ID_ENABLE bound to: 0 - type: integer 
	Parameter DEST_ENABLE bound to: 0 - type: integer 
	Parameter USER_ENABLE bound to: 0 - type: integer 
	Parameter FRAME_FIFO bound to: 0 - type: integer 
WARNING: [Synth 8-7023] instance 'rx_hash_fifo' of module 'axis_fifo' has 25 connections declared, but only 21 given [D:/FPGA/mqnic_prj/mqnic_prj.srcs/sources_1/imports/fpga_pcie/rtl/common/mqnic_ingress.v:123]
	Parameter DATA_WIDTH bound to: 64 - type: integer 
	Parameter DEPTH bound to: 32 - type: integer 
	Parameter DATA_WIDTH bound to: 16 - type: integer 
	Parameter KEEP_ENABLE bound to: 0 - type: integer 
	Parameter LAST_ENABLE bound to: 0 - type: integer 
	Parameter ID_ENABLE bound to: 0 - type: integer 
	Parameter DEST_ENABLE bound to: 0 - type: integer 
	Parameter USER_ENABLE bound to: 0 - type: integer 
	Parameter FRAME_FIFO bound to: 0 - type: integer 
WARNING: [Synth 8-7023] instance 'rx_csum_fifo' of module 'axis_fifo' has 25 connections declared, but only 21 given [D:/FPGA/mqnic_prj/mqnic_prj.srcs/sources_1/imports/fpga_pcie/rtl/common/mqnic_ingress.v:190]
	Parameter DEPTH bound to: 256 - type: integer 
	Parameter DATA_WIDTH bound to: 64 - type: integer 
	Parameter KEEP_ENABLE bound to: 1'b1 
	Parameter KEEP_WIDTH bound to: 8 - type: integer 
	Parameter LAST_ENABLE bound to: 1 - type: integer 
	Parameter ID_ENABLE bound to: 1 - type: integer 
	Parameter ID_WIDTH bound to: 1 - type: integer 
	Parameter DEST_ENABLE bound to: 1 - type: integer 
	Parameter DEST_WIDTH bound to: 9 - type: integer 
	Parameter USER_ENABLE bound to: 1 - type: integer 
	Parameter USER_WIDTH bound to: 97 - type: integer 
	Parameter FRAME_FIFO bound to: 0 - type: integer 
WARNING: [Synth 8-7023] instance 'rx_hash_data_fifo' of module 'axis_fifo' has 25 connections declared, but only 21 given [D:/FPGA/mqnic_prj/mqnic_prj.srcs/sources_1/imports/fpga_pcie/rtl/common/mqnic_ingress.v:252]
	Parameter RAM_ADDR_WIDTH bound to: 15 - type: integer 
	Parameter SEG_COUNT bound to: 2 - type: integer 
	Parameter SEG_DATA_WIDTH bound to: 128 - type: integer 
	Parameter SEG_BE_WIDTH bound to: 16 - type: integer 
	Parameter SEG_ADDR_WIDTH bound to: 10 - type: integer 
	Parameter AXIS_DATA_WIDTH bound to: 64 - type: integer 
	Parameter AXIS_KEEP_ENABLE bound to: 1'b1 
	Parameter AXIS_KEEP_WIDTH bound to: 8 - type: integer 
	Parameter AXIS_LAST_ENABLE bound to: 1 - type: integer 
	Parameter AXIS_ID_ENABLE bound to: 1 - type: integer 
	Parameter AXIS_ID_WIDTH bound to: 1 - type: integer 
	Parameter AXIS_DEST_ENABLE bound to: 1 - type: integer 
	Parameter AXIS_DEST_WIDTH bound to: 9 - type: integer 
	Parameter AXIS_USER_ENABLE bound to: 1 - type: integer 
	Parameter AXIS_USER_WIDTH bound to: 133 - type: integer 
	Parameter LEN_WIDTH bound to: 16 - type: integer 
	Parameter TAG_WIDTH bound to: 5 - type: integer 
INFO: [Synth 8-155] case statement is not full and has no default [D:/FPGA/mqnic_prj/mqnic_prj.srcs/sources_1/imports/fpga_pcie/lib/pcie/rtl/dma_client_axis_sink.v:314]
WARNING: [Synth 8-689] width (24) of port connection 's_axil_awaddr' does not match port width (19) of module 'mqnic_interface_rx' [D:/FPGA/mqnic_prj/mqnic_prj.srcs/sources_1/imports/fpga_pcie/rtl/common/mqnic_interface.v:2745]
WARNING: [Synth 8-689] width (24) of port connection 's_axil_araddr' does not match port width (19) of module 'mqnic_interface_rx' [D:/FPGA/mqnic_prj/mqnic_prj.srcs/sources_1/imports/fpga_pcie/rtl/common/mqnic_interface.v:2756]
	Parameter FIFO_DEPTH bound to: 32768 - type: integer 
	Parameter FIFO_DEPTH_WIDTH bound to: 16 - type: integer 
	Parameter PORTS bound to: 1 - type: integer 
	Parameter S_DATA_WIDTH bound to: 64 - type: integer 
	Parameter S_KEEP_ENABLE bound to: 1'b1 
	Parameter S_KEEP_WIDTH bound to: 8 - type: integer 
	Parameter M_DATA_WIDTH bound to: 64 - type: integer 
	Parameter M_KEEP_ENABLE bound to: 1'b1 
	Parameter M_KEEP_WIDTH bound to: 8 - type: integer 
	Parameter ID_ENABLE bound to: 1 - type: integer 
	Parameter ID_WIDTH bound to: 13 - type: integer 
	Parameter M_DEST_WIDTH bound to: 4 - type: integer 
	Parameter S_DEST_WIDTH bound to: 4 - type: integer 
	Parameter USER_ENABLE bound to: 1 - type: integer 
	Parameter USER_WIDTH bound to: 17 - type: integer 
	Parameter RAM_PIPELINE bound to: 2 - type: integer 
	Parameter DEPTH bound to: 32768 - type: integer 
	Parameter S_DATA_WIDTH bound to: 64 - type: integer 
	Parameter S_KEEP_ENABLE bound to: 1'b1 
	Parameter S_KEEP_WIDTH bound to: 8 - type: integer 
	Parameter M_DATA_WIDTH bound to: 64 - type: integer 
	Parameter M_KEEP_ENABLE bound to: 1'b1 
	Parameter M_KEEP_WIDTH bound to: 8 - type: integer 
	Parameter ID_ENABLE bound to: 1 - type: integer 
	Parameter ID_WIDTH bound to: 13 - type: integer 
	Parameter DEST_ENABLE bound to: 1 - type: integer 
	Parameter DEST_WIDTH bound to: 4 - type: integer 
	Parameter USER_ENABLE bound to: 1 - type: integer 
	Parameter USER_WIDTH bound to: 17 - type: integer 
	Parameter RAM_PIPELINE bound to: 2 - type: integer 
	Parameter FRAME_FIFO bound to: 1 - type: integer 
	Parameter USER_BAD_FRAME_VALUE bound to: 1'b1 
	Parameter USER_BAD_FRAME_MASK bound to: 1'b1 
	Parameter DROP_OVERSIZE_FRAME bound to: 1 - type: integer 
	Parameter DROP_BAD_FRAME bound to: 1 - type: integer 
	Parameter DROP_WHEN_FULL bound to: 0 - type: integer 
	Parameter MARK_WHEN_FULL bound to: 0 - type: integer 
	Parameter PAUSE_ENABLE bound to: 0 - type: integer 
	Parameter FRAME_PAUSE bound to: 1 - type: integer 
	Parameter DEPTH bound to: 32768 - type: integer 
	Parameter DATA_WIDTH bound to: 64 - type: integer 
	Parameter KEEP_ENABLE bound to: 1'b1 
	Parameter KEEP_WIDTH bound to: 8 - type: integer 
	Parameter LAST_ENABLE bound to: 1 - type: integer 
	Parameter ID_ENABLE bound to: 1 - type: integer 
	Parameter ID_WIDTH bound to: 13 - type: integer 
	Parameter DEST_ENABLE bound to: 1 - type: integer 
	Parameter DEST_WIDTH bound to: 4 - type: integer 
	Parameter USER_ENABLE bound to: 1 - type: integer 
	Parameter USER_WIDTH bound to: 17 - type: integer 
	Parameter RAM_PIPELINE bound to: 2 - type: integer 
	Parameter OUTPUT_FIFO_ENABLE bound to: 0 - type: integer 
	Parameter FRAME_FIFO bound to: 1 - type: integer 
	Parameter USER_BAD_FRAME_VALUE bound to: 1'b1 
	Parameter USER_BAD_FRAME_MASK bound to: 1'b1 
	Parameter DROP_OVERSIZE_FRAME bound to: 1 - type: integer 
	Parameter DROP_BAD_FRAME bound to: 1 - type: integer 
	Parameter DROP_WHEN_FULL bound to: 0 - type: integer 
	Parameter MARK_WHEN_FULL bound to: 0 - type: integer 
	Parameter PAUSE_ENABLE bound to: 0 - type: integer 
	Parameter FRAME_PAUSE bound to: 1 - type: integer 
WARNING: [Synth 8-689] width (17) of port connection 'status_depth' does not match port width (16) of module 'tx_fifo' [D:/FPGA/mqnic_prj/mqnic_prj.srcs/sources_1/imports/fpga_pcie/rtl/common/mqnic_interface.v:3061]
	Parameter FIFO_DEPTH bound to: 65536 - type: integer 
	Parameter FIFO_DEPTH_WIDTH bound to: 17 - type: integer 
	Parameter PORTS bound to: 1 - type: integer 
	Parameter S_DATA_WIDTH bound to: 64 - type: integer 
	Parameter S_KEEP_ENABLE bound to: 1'b1 
	Parameter S_KEEP_WIDTH bound to: 8 - type: integer 
	Parameter M_DATA_WIDTH bound to: 64 - type: integer 
	Parameter M_KEEP_ENABLE bound to: 1'b1 
	Parameter M_KEEP_WIDTH bound to: 8 - type: integer 
	Parameter ID_ENABLE bound to: 1 - type: integer 
	Parameter M_ID_WIDTH bound to: 1 - type: integer 
	Parameter DEST_WIDTH bound to: 9 - type: integer 
	Parameter USER_ENABLE bound to: 1 - type: integer 
	Parameter USER_WIDTH bound to: 97 - type: integer 
	Parameter RAM_PIPELINE bound to: 2 - type: integer 
	Parameter DEPTH bound to: 65536 - type: integer 
	Parameter S_DATA_WIDTH bound to: 64 - type: integer 
	Parameter S_KEEP_ENABLE bound to: 1'b1 
	Parameter S_KEEP_WIDTH bound to: 8 - type: integer 
	Parameter M_DATA_WIDTH bound to: 64 - type: integer 
	Parameter M_KEEP_ENABLE bound to: 1'b1 
	Parameter M_KEEP_WIDTH bound to: 8 - type: integer 
	Parameter ID_ENABLE bound to: 1 - type: integer 
	Parameter ID_WIDTH bound to: 1 - type: integer 
	Parameter DEST_ENABLE bound to: 0 - type: integer 
	Parameter DEST_WIDTH bound to: 9 - type: integer 
	Parameter USER_ENABLE bound to: 1 - type: integer 
	Parameter USER_WIDTH bound to: 97 - type: integer 
	Parameter RAM_PIPELINE bound to: 2 - type: integer 
	Parameter FRAME_FIFO bound to: 1 - type: integer 
	Parameter USER_BAD_FRAME_VALUE bound to: 1'b1 
	Parameter USER_BAD_FRAME_MASK bound to: 1'b1 
	Parameter DROP_OVERSIZE_FRAME bound to: 1 - type: integer 
	Parameter DROP_BAD_FRAME bound to: 1 - type: integer 
	Parameter DROP_WHEN_FULL bound to: 0 - type: integer 
	Parameter MARK_WHEN_FULL bound to: 0 - type: integer 
	Parameter PAUSE_ENABLE bound to: 0 - type: integer 
	Parameter FRAME_PAUSE bound to: 1 - type: integer 
	Parameter DEPTH bound to: 65536 - type: integer 
	Parameter DATA_WIDTH bound to: 64 - type: integer 
	Parameter KEEP_ENABLE bound to: 1'b1 
	Parameter KEEP_WIDTH bound to: 8 - type: integer 
	Parameter LAST_ENABLE bound to: 1 - type: integer 
	Parameter ID_ENABLE bound to: 1 - type: integer 
	Parameter ID_WIDTH bound to: 1 - type: integer 
	Parameter DEST_ENABLE bound to: 0 - type: integer 
	Parameter DEST_WIDTH bound to: 9 - type: integer 
	Parameter USER_ENABLE bound to: 1 - type: integer 
	Parameter USER_WIDTH bound to: 97 - type: integer 
	Parameter RAM_PIPELINE bound to: 2 - type: integer 
	Parameter OUTPUT_FIFO_ENABLE bound to: 0 - type: integer 
	Parameter FRAME_FIFO bound to: 1 - type: integer 
	Parameter USER_BAD_FRAME_VALUE bound to: 1'b1 
	Parameter USER_BAD_FRAME_MASK bound to: 1'b1 
	Parameter DROP_OVERSIZE_FRAME bound to: 1 - type: integer 
	Parameter DROP_BAD_FRAME bound to: 1 - type: integer 
	Parameter DROP_WHEN_FULL bound to: 0 - type: integer 
	Parameter MARK_WHEN_FULL bound to: 0 - type: integer 
	Parameter PAUSE_ENABLE bound to: 0 - type: integer 
	Parameter FRAME_PAUSE bound to: 1 - type: integer 
WARNING: [Synth 8-689] width (19) of port connection 'm_axil_csr_awaddr' does not match port width (24) of module 'mqnic_interface' [D:/FPGA/mqnic_prj/mqnic_prj.srcs/sources_1/imports/fpga_pcie/rtl/common/mqnic_core.v:3263]
WARNING: [Synth 8-689] width (19) of port connection 'm_axil_csr_araddr' does not match port width (24) of module 'mqnic_interface' [D:/FPGA/mqnic_prj/mqnic_prj.srcs/sources_1/imports/fpga_pcie/rtl/common/mqnic_core.v:3274]
	Parameter PTP_CLK_PERIOD_NS_NUM bound to: 8 - type: integer 
	Parameter PTP_CLK_PERIOD_NS_DENOM bound to: 1 - type: integer 
	Parameter PTP_CLOCK_CDC_PIPELINE bound to: 0 - type: integer 
	Parameter PTP_PEROUT_ENABLE bound to: 1 - type: integer 
	Parameter PTP_PEROUT_COUNT bound to: 1 - type: integer 
	Parameter REG_ADDR_WIDTH bound to: 24 - type: integer 
	Parameter REG_DATA_WIDTH bound to: 32 - type: integer 
	Parameter REG_STRB_WIDTH bound to: 4 - type: integer 
	Parameter RB_BASE_ADDR bound to: 256 - type: integer 
	Parameter RB_NEXT_PTR bound to: 512 - type: integer 
	Parameter REG_ADDR_WIDTH bound to: 24 - type: integer 
	Parameter REG_DATA_WIDTH bound to: 32 - type: integer 
	Parameter REG_STRB_WIDTH bound to: 4 - type: integer 
	Parameter RB_BASE_ADDR bound to: 384 - type: integer 
	Parameter RB_NEXT_PTR bound to: 512 - type: integer 
	Parameter FNS_ENABLE bound to: 0 - type: integer 
	Parameter OUT_START_S bound to: 0 - type: integer 
	Parameter OUT_START_NS bound to: 0 - type: integer 
	Parameter OUT_START_FNS bound to: 0 - type: integer 
	Parameter OUT_PERIOD_S bound to: 1 - type: integer 
	Parameter OUT_PERIOD_NS bound to: 0 - type: integer 
	Parameter OUT_PERIOD_FNS bound to: 0 - type: integer 
	Parameter OUT_WIDTH_S bound to: 0 - type: integer 
	Parameter OUT_WIDTH_NS bound to: 500000000 - type: integer 
	Parameter OUT_WIDTH_FNS bound to: 0 - type: integer 
INFO: [Synth 8-155] case statement is not full and has no default [D:/FPGA/mqnic_prj/mqnic_prj.srcs/sources_1/imports/fpga_pcie/lib/eth/rtl/ptp_perout.v:157]
	Parameter PTP_CLK_PERIOD_NS_NUM bound to: 8 - type: integer 
	Parameter PTP_CLK_PERIOD_NS_DENOM bound to: 1 - type: integer 
	Parameter PTP_CLOCK_CDC_PIPELINE bound to: 0 - type: integer 
	Parameter REG_ADDR_WIDTH bound to: 24 - type: integer 
	Parameter REG_DATA_WIDTH bound to: 32 - type: integer 
	Parameter REG_STRB_WIDTH bound to: 4 - type: integer 
	Parameter RB_BASE_ADDR bound to: 256 - type: integer 
	Parameter RB_NEXT_PTR bound to: 384 - type: integer 
	Parameter PERIOD_NS_NUM bound to: 8 - type: integer 
	Parameter PERIOD_NS_DENOM bound to: 1 - type: integer 
INFO: [Synth 8-226] default block is never used [D:/FPGA/mqnic_prj/mqnic_prj.srcs/sources_1/imports/fpga_pcie/lib/eth/rtl/ptp_td_phc.v:270]
INFO: [Synth 8-155] case statement is not full and has no default [D:/FPGA/mqnic_prj/mqnic_prj.srcs/sources_1/imports/fpga_pcie/lib/eth/rtl/ptp_td_phc.v:522]
	Parameter TS_REL_EN bound to: 1 - type: integer 
	Parameter TS_TOD_EN bound to: 1 - type: integer 
	Parameter TS_FNS_W bound to: 16 - type: integer 
	Parameter TS_REL_NS_W bound to: 48 - type: integer 
	Parameter TS_TOD_S_W bound to: 48 - type: integer 
	Parameter TS_REL_W bound to: 64 - type: integer 
	Parameter TS_TOD_W bound to: 96 - type: integer 
	Parameter TD_SDI_PIPELINE bound to: 0 - type: integer 
INFO: [Synth 8-226] default block is never used [D:/FPGA/mqnic_prj/mqnic_prj.srcs/sources_1/imports/fpga_pcie/lib/eth/rtl/ptp_td_leaf.v:430]
INFO: [Synth 8-226] default block is never used [D:/FPGA/mqnic_prj/mqnic_prj.srcs/sources_1/imports/fpga_pcie/lib/eth/rtl/ptp_td_leaf.v:858]
WARNING: [Synth 8-689] width (97) of port connection 'ptp_sync_ts_tod' does not match port width (96) of module 'mqnic_ptp' [D:/FPGA/mqnic_prj/mqnic_prj.srcs/sources_1/imports/fpga_pcie/rtl/common/mqnic_core.v:868]
	Parameter CLK_PERIOD_NS_NUM bound to: 4 - type: integer 
	Parameter CLK_PERIOD_NS_DENOM bound to: 1 - type: integer 
	Parameter REF_CLK_PERIOD_NS_NUM bound to: 8 - type: integer 
	Parameter REF_CLK_PERIOD_NS_DENOM bound to: 1 - type: integer 
	Parameter CH_CNT bound to: 2 - type: integer 
	Parameter REG_ADDR_WIDTH bound to: 24 - type: integer 
	Parameter REG_DATA_WIDTH bound to: 32 - type: integer 
	Parameter REG_STRB_WIDTH bound to: 4 - type: integer 
	Parameter RB_BASE_ADDR bound to: 512 - type: integer 
	Parameter RB_NEXT_PTR bound to: 16'b0001000000000000 
	Parameter S_COUNT bound to: 1 - type: integer 
	Parameter M_COUNT bound to: 1 - type: integer 
	Parameter DATA_WIDTH bound to: 32 - type: integer 
	Parameter ADDR_WIDTH bound to: 24 - type: integer 
	Parameter M_BASE_ADDR bound to: 0 - type: integer 
	Parameter M_ADDR_WIDTH bound to: 24 - type: integer 
	Parameter M_CONNECT_READ bound to: 1'b1 
	Parameter M_CONNECT_WRITE bound to: 1'b1 
	Parameter S_COUNT bound to: 1 - type: integer 
	Parameter M_COUNT bound to: 1 - type: integer 
	Parameter DATA_WIDTH bound to: 32 - type: integer 
	Parameter ADDR_WIDTH bound to: 24 - type: integer 
	Parameter STRB_WIDTH bound to: 4 - type: integer 
	Parameter S_ACCEPT bound to: 16 - type: integer 
	Parameter M_REGIONS bound to: 1 - type: integer 
	Parameter M_BASE_ADDR bound to: 0 - type: integer 
	Parameter M_ADDR_WIDTH bound to: 24 - type: integer 
	Parameter M_CONNECT bound to: 1'b1 
	Parameter M_ISSUE bound to: 16 - type: integer 
	Parameter M_SECURE bound to: 1'b0 
	Parameter S_AW_REG_TYPE bound to: 2'b00 
	Parameter S_W_REG_TYPE bound to: 2'b00 
	Parameter S_B_REG_TYPE bound to: 2'b01 
	Parameter S bound to: 0 - type: integer 
	Parameter S_COUNT bound to: 1 - type: integer 
	Parameter M_COUNT bound to: 1 - type: integer 
	Parameter ADDR_WIDTH bound to: 24 - type: integer 
	Parameter M_REGIONS bound to: 1 - type: integer 
	Parameter M_BASE_ADDR bound to: 0 - type: integer 
	Parameter M_ADDR_WIDTH bound to: 24 - type: integer 
	Parameter M_CONNECT bound to: 1'b1 
	Parameter M_SECURE bound to: 1'b0 
	Parameter WC_OUTPUT bound to: 1 - type: integer 
INFO: [Synth 8-251] Addressing configuration for axil_crossbar_addr instance  [D:/FPGA/mqnic_prj/mqnic_prj.srcs/sources_1/imports/fpga_pcie/lib/axi/rtl/axil_crossbar_addr.v:144]
INFO: [Synth 8-251] 0 (0): 0 / 24 -- 0-ffffff [D:/FPGA/mqnic_prj/mqnic_prj.srcs/sources_1/imports/fpga_pcie/lib/axi/rtl/axil_crossbar_addr.v:147]
INFO: [Synth 8-155] case statement is not full and has no default [D:/FPGA/mqnic_prj/mqnic_prj.srcs/sources_1/imports/fpga_pcie/lib/axi/rtl/axil_crossbar_addr.v:242]
	Parameter S_COUNT bound to: 1 - type: integer 
	Parameter M_COUNT bound to: 1 - type: integer 
	Parameter DATA_WIDTH bound to: 32 - type: integer 
	Parameter ADDR_WIDTH bound to: 24 - type: integer 
	Parameter STRB_WIDTH bound to: 4 - type: integer 
	Parameter S_ACCEPT bound to: 16 - type: integer 
	Parameter M_REGIONS bound to: 1 - type: integer 
	Parameter M_BASE_ADDR bound to: 0 - type: integer 
	Parameter M_ADDR_WIDTH bound to: 24 - type: integer 
	Parameter M_CONNECT bound to: 1'b1 
	Parameter M_ISSUE bound to: 16 - type: integer 
	Parameter M_SECURE bound to: 1'b0 
	Parameter S_AR_REG_TYPE bound to: 2'b00 
	Parameter S_R_REG_TYPE bound to: 2'b10 
	Parameter S bound to: 0 - type: integer 
	Parameter S_COUNT bound to: 1 - type: integer 
	Parameter M_COUNT bound to: 1 - type: integer 
	Parameter ADDR_WIDTH bound to: 24 - type: integer 
	Parameter M_REGIONS bound to: 1 - type: integer 
	Parameter M_BASE_ADDR bound to: 0 - type: integer 
	Parameter M_ADDR_WIDTH bound to: 24 - type: integer 
	Parameter M_CONNECT bound to: 1'b1 
	Parameter M_SECURE bound to: 1'b0 
	Parameter WC_OUTPUT bound to: 0 - type: integer 
INFO: [Synth 8-251] Addressing configuration for axil_crossbar_addr instance  [D:/FPGA/mqnic_prj/mqnic_prj.srcs/sources_1/imports/fpga_pcie/lib/axi/rtl/axil_crossbar_addr.v:144]
INFO: [Synth 8-251] 0 (0): 0 / 24 -- 0-ffffff [D:/FPGA/mqnic_prj/mqnic_prj.srcs/sources_1/imports/fpga_pcie/lib/axi/rtl/axil_crossbar_addr.v:147]
INFO: [Synth 8-155] case statement is not full and has no default [D:/FPGA/mqnic_prj/mqnic_prj.srcs/sources_1/imports/fpga_pcie/lib/axi/rtl/axil_crossbar_addr.v:242]
	Parameter S_COUNT bound to: 1 - type: integer 
	Parameter M_COUNT bound to: 3 - type: integer 
	Parameter DATA_WIDTH bound to: 32 - type: integer 
	Parameter ADDR_WIDTH bound to: 19 - type: integer 
	Parameter M_BASE_ADDR bound to: 0 - type: integer 
	Parameter M_ADDR_WIDTH bound to: 96'b000000000000000000000000000100000000000000000000000000000001000000000000000000000000000000010000 
	Parameter M_CONNECT_READ bound to: 3'b111 
	Parameter M_CONNECT_WRITE bound to: 3'b111 
	Parameter S_COUNT bound to: 1 - type: integer 
	Parameter M_COUNT bound to: 3 - type: integer 
	Parameter DATA_WIDTH bound to: 32 - type: integer 
	Parameter ADDR_WIDTH bound to: 19 - type: integer 
	Parameter STRB_WIDTH bound to: 4 - type: integer 
	Parameter S_ACCEPT bound to: 16 - type: integer 
	Parameter M_REGIONS bound to: 1 - type: integer 
	Parameter M_BASE_ADDR bound to: 0 - type: integer 
	Parameter M_ADDR_WIDTH bound to: 96'b000000000000000000000000000100000000000000000000000000000001000000000000000000000000000000010000 
	Parameter M_CONNECT bound to: 3'b111 
	Parameter M_ISSUE bound to: 96'b000000000000000000000000000100000000000000000000000000000001000000000000000000000000000000010000 
	Parameter M_SECURE bound to: 3'b000 
	Parameter S_AW_REG_TYPE bound to: 2'b00 
	Parameter S_W_REG_TYPE bound to: 2'b00 
	Parameter S_B_REG_TYPE bound to: 2'b01 
	Parameter S bound to: 0 - type: integer 
	Parameter S_COUNT bound to: 1 - type: integer 
	Parameter M_COUNT bound to: 3 - type: integer 
	Parameter ADDR_WIDTH bound to: 19 - type: integer 
	Parameter M_REGIONS bound to: 1 - type: integer 
	Parameter M_BASE_ADDR bound to: 0 - type: integer 
	Parameter M_ADDR_WIDTH bound to: 96'b000000000000000000000000000100000000000000000000000000000001000000000000000000000000000000010000 
	Parameter M_CONNECT bound to: 3'b111 
	Parameter M_SECURE bound to: 3'b000 
	Parameter WC_OUTPUT bound to: 1 - type: integer 
INFO: [Synth 8-251] Addressing configuration for axil_crossbar_addr instance  [D:/FPGA/mqnic_prj/mqnic_prj.srcs/sources_1/imports/fpga_pcie/lib/axi/rtl/axil_crossbar_addr.v:144]
INFO: [Synth 8-251] 0 (0): 0 / 16 -- 0-ffff [D:/FPGA/mqnic_prj/mqnic_prj.srcs/sources_1/imports/fpga_pcie/lib/axi/rtl/axil_crossbar_addr.v:147]
INFO: [Synth 8-251] 1 (0): 10000 / 16 -- 10000-1ffff [D:/FPGA/mqnic_prj/mqnic_prj.srcs/sources_1/imports/fpga_pcie/lib/axi/rtl/axil_crossbar_addr.v:147]
INFO: [Synth 8-251] 2 (0): 20000 / 16 -- 20000-2ffff [D:/FPGA/mqnic_prj/mqnic_prj.srcs/sources_1/imports/fpga_pcie/lib/axi/rtl/axil_crossbar_addr.v:147]
INFO: [Synth 8-155] case statement is not full and has no default [D:/FPGA/mqnic_prj/mqnic_prj.srcs/sources_1/imports/fpga_pcie/lib/axi/rtl/axil_crossbar_addr.v:242]
	Parameter DATA_WIDTH bound to: 32 - type: integer 
	Parameter ADDR_WIDTH bound to: 19 - type: integer 
	Parameter STRB_WIDTH bound to: 4 - type: integer 
	Parameter AW_REG_TYPE bound to: 2'b00 
	Parameter W_REG_TYPE bound to: 2'b00 
	Parameter B_REG_TYPE bound to: 2'b01 
	Parameter DATA_WIDTH bound to: 32 - type: integer 
	Parameter ADDR_WIDTH bound to: 19 - type: integer 
	Parameter STRB_WIDTH bound to: 4 - type: integer 
	Parameter AW_REG_TYPE bound to: 2'b01 
	Parameter W_REG_TYPE bound to: 2'b10 
	Parameter B_REG_TYPE bound to: 2'b00 
	Parameter S_COUNT bound to: 1 - type: integer 
	Parameter M_COUNT bound to: 3 - type: integer 
	Parameter DATA_WIDTH bound to: 32 - type: integer 
	Parameter ADDR_WIDTH bound to: 19 - type: integer 
	Parameter STRB_WIDTH bound to: 4 - type: integer 
	Parameter S_ACCEPT bound to: 16 - type: integer 
	Parameter M_REGIONS bound to: 1 - type: integer 
	Parameter M_BASE_ADDR bound to: 0 - type: integer 
	Parameter M_ADDR_WIDTH bound to: 96'b000000000000000000000000000100000000000000000000000000000001000000000000000000000000000000010000 
	Parameter M_CONNECT bound to: 3'b111 
	Parameter M_ISSUE bound to: 96'b000000000000000000000000000100000000000000000000000000000001000000000000000000000000000000010000 
	Parameter M_SECURE bound to: 3'b000 
	Parameter S_AR_REG_TYPE bound to: 2'b00 
	Parameter S_R_REG_TYPE bound to: 2'b10 
	Parameter S bound to: 0 - type: integer 
	Parameter S_COUNT bound to: 1 - type: integer 
	Parameter M_COUNT bound to: 3 - type: integer 
	Parameter ADDR_WIDTH bound to: 19 - type: integer 
	Parameter M_REGIONS bound to: 1 - type: integer 
	Parameter M_BASE_ADDR bound to: 0 - type: integer 
	Parameter M_ADDR_WIDTH bound to: 96'b000000000000000000000000000100000000000000000000000000000001000000000000000000000000000000010000 
	Parameter M_CONNECT bound to: 3'b111 
	Parameter M_SECURE bound to: 3'b000 
	Parameter WC_OUTPUT bound to: 0 - type: integer 
INFO: [Synth 8-251] Addressing configuration for axil_crossbar_addr instance  [D:/FPGA/mqnic_prj/mqnic_prj.srcs/sources_1/imports/fpga_pcie/lib/axi/rtl/axil_crossbar_addr.v:144]
INFO: [Synth 8-251] 0 (0): 0 / 16 -- 0-ffff [D:/FPGA/mqnic_prj/mqnic_prj.srcs/sources_1/imports/fpga_pcie/lib/axi/rtl/axil_crossbar_addr.v:147]
INFO: [Synth 8-251] 1 (0): 10000 / 16 -- 10000-1ffff [D:/FPGA/mqnic_prj/mqnic_prj.srcs/sources_1/imports/fpga_pcie/lib/axi/rtl/axil_crossbar_addr.v:147]
INFO: [Synth 8-251] 2 (0): 20000 / 16 -- 20000-2ffff [D:/FPGA/mqnic_prj/mqnic_prj.srcs/sources_1/imports/fpga_pcie/lib/axi/rtl/axil_crossbar_addr.v:147]
INFO: [Synth 8-155] case statement is not full and has no default [D:/FPGA/mqnic_prj/mqnic_prj.srcs/sources_1/imports/fpga_pcie/lib/axi/rtl/axil_crossbar_addr.v:242]
	Parameter DATA_WIDTH bound to: 32 - type: integer 
	Parameter ADDR_WIDTH bound to: 19 - type: integer 
	Parameter STRB_WIDTH bound to: 4 - type: integer 
	Parameter AR_REG_TYPE bound to: 2'b00 
	Parameter R_REG_TYPE bound to: 2'b10 
	Parameter DATA_WIDTH bound to: 32 - type: integer 
	Parameter ADDR_WIDTH bound to: 19 - type: integer 
	Parameter STRB_WIDTH bound to: 4 - type: integer 
	Parameter AR_REG_TYPE bound to: 2'b01 
	Parameter R_REG_TYPE bound to: 2'b00 
	Parameter PORTS bound to: 2 - type: integer 
	Parameter SEG_COUNT bound to: 2 - type: integer 
	Parameter SEG_DATA_WIDTH bound to: 128 - type: integer 
	Parameter SEG_ADDR_WIDTH bound to: 10 - type: integer 
	Parameter SEG_BE_WIDTH bound to: 16 - type: integer 
	Parameter S_RAM_SEL_WIDTH bound to: 1 - type: integer 
	Parameter M_RAM_SEL_WIDTH bound to: 2 - type: integer 
	Parameter RAM_ADDR_WIDTH bound to: 15 - type: integer 
	Parameter DMA_ADDR_WIDTH bound to: 64 - type: integer 
	Parameter IMM_ENABLE bound to: 0 - type: integer 
	Parameter IMM_WIDTH bound to: 32 - type: integer 
	Parameter LEN_WIDTH bound to: 16 - type: integer 
	Parameter S_TAG_WIDTH bound to: 15 - type: integer 
	Parameter M_TAG_WIDTH bound to: 16 - type: integer 
	Parameter ARB_TYPE_ROUND_ROBIN bound to: 0 - type: integer 
	Parameter ARB_LSB_HIGH_PRIORITY bound to: 1 - type: integer 
	Parameter PORTS bound to: 2 - type: integer 
	Parameter SEG_COUNT bound to: 2 - type: integer 
	Parameter SEG_DATA_WIDTH bound to: 128 - type: integer 
	Parameter SEG_ADDR_WIDTH bound to: 10 - type: integer 
	Parameter SEG_BE_WIDTH bound to: 16 - type: integer 
	Parameter S_RAM_SEL_WIDTH bound to: 1 - type: integer 
	Parameter M_RAM_SEL_WIDTH bound to: 2 - type: integer 
	Parameter RAM_ADDR_WIDTH bound to: 15 - type: integer 
	Parameter DMA_ADDR_WIDTH bound to: 64 - type: integer 
	Parameter LEN_WIDTH bound to: 16 - type: integer 
	Parameter S_TAG_WIDTH bound to: 15 - type: integer 
	Parameter M_TAG_WIDTH bound to: 16 - type: integer 
	Parameter ARB_TYPE_ROUND_ROBIN bound to: 0 - type: integer 
	Parameter ARB_LSB_HIGH_PRIORITY bound to: 1 - type: integer 
	Parameter PORTS bound to: 2 - type: integer 
	Parameter EXTEND_RAM_SEL bound to: 1 - type: integer 
	Parameter S_RAM_SEL_WIDTH bound to: 1 - type: integer 
	Parameter M_RAM_SEL_WIDTH bound to: 2 - type: integer 
	Parameter RAM_ADDR_WIDTH bound to: 15 - type: integer 
	Parameter DMA_ADDR_WIDTH bound to: 64 - type: integer 
	Parameter IMM_ENABLE bound to: 0 - type: integer 
	Parameter LEN_WIDTH bound to: 16 - type: integer 
	Parameter S_TAG_WIDTH bound to: 15 - type: integer 
	Parameter M_TAG_WIDTH bound to: 16 - type: integer 
	Parameter ARB_TYPE_ROUND_ROBIN bound to: 0 - type: integer 
	Parameter ARB_LSB_HIGH_PRIORITY bound to: 1 - type: integer 
	Parameter PORTS bound to: 2 - type: integer 
	Parameter SEG_COUNT bound to: 2 - type: integer 
	Parameter SEG_DATA_WIDTH bound to: 128 - type: integer 
	Parameter SEG_BE_WIDTH bound to: 16 - type: integer 
	Parameter SEG_ADDR_WIDTH bound to: 10 - type: integer 
	Parameter S_RAM_SEL_WIDTH bound to: 1 - type: integer 
	Parameter M_RAM_SEL_WIDTH bound to: 2 - type: integer 
	Parameter PORTS bound to: 2 - type: integer 
	Parameter SEG_COUNT bound to: 2 - type: integer 
	Parameter SEG_DATA_WIDTH bound to: 128 - type: integer 
	Parameter SEG_ADDR_WIDTH bound to: 10 - type: integer 
	Parameter SEG_BE_WIDTH bound to: 16 - type: integer 
	Parameter S_RAM_SEL_WIDTH bound to: 1 - type: integer 
	Parameter M_RAM_SEL_WIDTH bound to: 2 - type: integer 
	Parameter RAM_ADDR_WIDTH bound to: 15 - type: integer 
	Parameter DMA_ADDR_WIDTH bound to: 64 - type: integer 
	Parameter IMM_ENABLE bound to: 0 - type: integer 
	Parameter IMM_WIDTH bound to: 32 - type: integer 
	Parameter LEN_WIDTH bound to: 16 - type: integer 
	Parameter S_TAG_WIDTH bound to: 15 - type: integer 
	Parameter M_TAG_WIDTH bound to: 16 - type: integer 
	Parameter ARB_TYPE_ROUND_ROBIN bound to: 0 - type: integer 
	Parameter ARB_LSB_HIGH_PRIORITY bound to: 1 - type: integer 
	Parameter PORTS bound to: 2 - type: integer 
	Parameter SEG_COUNT bound to: 2 - type: integer 
	Parameter SEG_DATA_WIDTH bound to: 128 - type: integer 
	Parameter SEG_ADDR_WIDTH bound to: 10 - type: integer 
	Parameter S_RAM_SEL_WIDTH bound to: 1 - type: integer 
	Parameter M_RAM_SEL_WIDTH bound to: 2 - type: integer 
	Parameter IRQ_INDEX_WIDTH bound to: 6 - type: integer 
WARNING: [Synth 8-689] width (4) of port connection 'rcb_128b' does not match port width (1) of module 'mqnic_core_pcie' [D:/FPGA/mqnic_prj/mqnic_prj.srcs/sources_1/imports/fpga_pcie/rtl/common/mqnic_core_pcie_us.v:1158]
WARNING: [Synth 8-7023] instance 'core_inst' of module 'mqnic_core_pcie_us' has 252 connections declared, but only 238 given [D:/FPGA/mqnic_prj/mqnic_prj.srcs/sources_1/imports/fpga_pcie/rtl/fpga_core.v:765]
WARNING: [Synth 8-689] width (4) of port connection 'pcie_tfc_nph_av' does not match port width (2) of module 'fpga_core' [D:/FPGA/mqnic_prj/mqnic_prj.srcs/sources_1/imports/fpga_pcie/rtl/fpga.v:1337]
WARNING: [Synth 8-689] width (4) of port connection 'pcie_tfc_npd_av' does not match port width (2) of module 'fpga_core' [D:/FPGA/mqnic_prj/mqnic_prj.srcs/sources_1/imports/fpga_pcie/rtl/fpga.v:1338]
WARNING: [Synth 8-7023] instance 'core_inst' of module 'fpga_core' has 167 connections declared, but only 164 given [D:/FPGA/mqnic_prj/mqnic_prj.srcs/sources_1/imports/fpga_pcie/rtl/fpga.v:1255]
WARNING: [Synth 8-4446] all outputs are unconnected for this instance and logic may be removed [D:/FPGA/mqnic_prj/mqnic_prj.srcs/sources_1/imports/fpga_pcie/rtl/fpga.v:1491]
WARNING: [Synth 8-3301] Unused top level parameter/generic PFC_ENABLE
WARNING: [Synth 8-3301] Unused top level parameter/generic LFC_ENABLE
WARNING: [Synth 8-6014] Unused sequential element ptp_ts_reg_reg was removed.  [D:/FPGA/mqnic_prj/rtl/gmii_mac/axis_gmii_rx.v:259]
WARNING: [Synth 8-6014] Unused sequential element m_axis_ptp_ts_reg_reg was removed.  [D:/FPGA/mqnic_prj/rtl/gmii_mac/axis_gmii_tx.v:413]
WARNING: [Synth 8-6014] Unused sequential element m_axis_ptp_ts_tag_reg_reg was removed.  [D:/FPGA/mqnic_prj/rtl/gmii_mac/axis_gmii_tx.v:414]
WARNING: [Synth 8-6014] Unused sequential element m_axis_ptp_ts_valid_reg_reg was removed.  [D:/FPGA/mqnic_prj/rtl/gmii_mac/axis_gmii_tx.v:415]
WARNING: [Synth 8-6014] Unused sequential element downsize.m_axis_tkeep_reg_reg was removed.  [D:/FPGA/mqnic_prj/mqnic_prj.srcs/sources_1/imports/fpga_pcie/lib/axis/rtl/axis_adapter.v:267]
WARNING: [Synth 8-6014] Unused sequential element downsize.m_axis_tid_reg_reg was removed.  [D:/FPGA/mqnic_prj/mqnic_prj.srcs/sources_1/imports/fpga_pcie/lib/axis/rtl/axis_adapter.v:269]
WARNING: [Synth 8-6014] Unused sequential element downsize.m_axis_tdest_reg_reg was removed.  [D:/FPGA/mqnic_prj/mqnic_prj.srcs/sources_1/imports/fpga_pcie/lib/axis/rtl/axis_adapter.v:270]
WARNING: [Synth 8-6014] Unused sequential element downsize.s_axis_tid_reg_reg was removed.  [D:/FPGA/mqnic_prj/mqnic_prj.srcs/sources_1/imports/fpga_pcie/lib/axis/rtl/axis_adapter.v:269]
WARNING: [Synth 8-6014] Unused sequential element downsize.s_axis_tdest_reg_reg was removed.  [D:/FPGA/mqnic_prj/mqnic_prj.srcs/sources_1/imports/fpga_pcie/lib/axis/rtl/axis_adapter.v:270]
WARNING: [Synth 8-6014] Unused sequential element wr_ptr_temp_reg was removed.  [D:/FPGA/mqnic_prj/mqnic_prj.srcs/sources_1/imports/fpga_pcie/lib/axis/rtl/axis_async_fifo.v:423]
WARNING: [Synth 8-6014] Unused sequential element send_frame_reg_reg was removed.  [D:/FPGA/mqnic_prj/mqnic_prj.srcs/sources_1/imports/fpga_pcie/lib/axis/rtl/axis_async_fifo.v:436]
WARNING: [Synth 8-6014] Unused sequential element rd_ptr_temp_reg was removed.  [D:/FPGA/mqnic_prj/mqnic_prj.srcs/sources_1/imports/fpga_pcie/lib/axis/rtl/axis_async_fifo.v:670]
WARNING: [Synth 8-6014] Unused sequential element upsize.m_axis_tid_reg_reg was removed.  [D:/FPGA/mqnic_prj/mqnic_prj.srcs/sources_1/imports/fpga_pcie/lib/axis/rtl/axis_adapter.v:184]
WARNING: [Synth 8-6014] Unused sequential element upsize.m_axis_tdest_reg_reg was removed.  [D:/FPGA/mqnic_prj/mqnic_prj.srcs/sources_1/imports/fpga_pcie/lib/axis/rtl/axis_adapter.v:185]
WARNING: [Synth 8-6014] Unused sequential element upsize.s_axis_tid_reg_reg was removed.  [D:/FPGA/mqnic_prj/mqnic_prj.srcs/sources_1/imports/fpga_pcie/lib/axis/rtl/axis_adapter.v:184]
WARNING: [Synth 8-6014] Unused sequential element upsize.s_axis_tdest_reg_reg was removed.  [D:/FPGA/mqnic_prj/mqnic_prj.srcs/sources_1/imports/fpga_pcie/lib/axis/rtl/axis_adapter.v:185]
WARNING: [Synth 8-6014] Unused sequential element wr_ptr_temp_reg was removed.  [D:/FPGA/mqnic_prj/mqnic_prj.srcs/sources_1/imports/fpga_pcie/lib/axis/rtl/axis_async_fifo.v:423]
WARNING: [Synth 8-6014] Unused sequential element send_frame_reg_reg was removed.  [D:/FPGA/mqnic_prj/mqnic_prj.srcs/sources_1/imports/fpga_pcie/lib/axis/rtl/axis_async_fifo.v:436]
WARNING: [Synth 8-6014] Unused sequential element rd_ptr_temp_reg was removed.  [D:/FPGA/mqnic_prj/mqnic_prj.srcs/sources_1/imports/fpga_pcie/lib/axis/rtl/axis_async_fifo.v:670]
WARNING: [Synth 8-6014] Unused sequential element full_cur_ctrl_reg_reg was removed.  [D:/FPGA/mqnic_prj/mqnic_prj.srcs/sources_1/imports/fpga_pcie/lib/pcie/rtl/pcie_tlp_fifo_raw.v:381]
WARNING: [Synth 8-6014] Unused sequential element half_full_ctrl_reg_reg was removed.  [D:/FPGA/mqnic_prj/mqnic_prj.srcs/sources_1/imports/fpga_pcie/lib/pcie/rtl/pcie_tlp_fifo_raw.v:382]
WARNING: [Synth 8-6014] Unused sequential element watermark_ctrl_reg_reg was removed.  [D:/FPGA/mqnic_prj/mqnic_prj.srcs/sources_1/imports/fpga_pcie/lib/pcie/rtl/pcie_tlp_fifo_raw.v:383]
WARNING: [Synth 8-6014] Unused sequential element rd_ptr_ctrl_reg_reg was removed.  [D:/FPGA/mqnic_prj/mqnic_prj.srcs/sources_1/imports/fpga_pcie/lib/pcie/rtl/pcie_tlp_fifo_raw.v:767]
WARNING: [Synth 8-6014] Unused sequential element count_reg_reg was removed.  [D:/FPGA/mqnic_prj/mqnic_prj.srcs/sources_1/imports/fpga_pcie/lib/pcie/rtl/pcie_tlp_fifo_raw.v:768]
WARNING: [Synth 8-6014] Unused sequential element count_ctrl_reg_reg was removed.  [D:/FPGA/mqnic_prj/mqnic_prj.srcs/sources_1/imports/fpga_pcie/lib/pcie/rtl/pcie_tlp_fifo_raw.v:769]
WARNING: [Synth 8-6014] Unused sequential element seg_ctrl_mem_rd_addr_reg_reg was removed.  [D:/FPGA/mqnic_prj/mqnic_prj.srcs/sources_1/imports/fpga_pcie/lib/pcie/rtl/pcie_tlp_fifo_raw.v:772]
WARNING: [Synth 8-6014] Unused sequential element ctrl_mem_rd_data_valid_reg_reg was removed.  [D:/FPGA/mqnic_prj/mqnic_prj.srcs/sources_1/imports/fpga_pcie/lib/pcie/rtl/pcie_tlp_fifo_raw.v:775]
WARNING: [Synth 8-6014] Unused sequential element out_ctrl_tlp_ready_int_reg_reg was removed.  [D:/FPGA/mqnic_prj/mqnic_prj.srcs/sources_1/imports/fpga_pcie/lib/pcie/rtl/pcie_tlp_fifo_raw.v:797]
WARNING: [Synth 8-6014] Unused sequential element temp_out_ctrl_tlp_strb_reg_reg was removed.  [D:/FPGA/mqnic_prj/mqnic_prj.srcs/sources_1/imports/fpga_pcie/lib/pcie/rtl/pcie_tlp_fifo_raw.v:799]
WARNING: [Synth 8-6014] Unused sequential element temp_out_ctrl_tlp_hdr_reg_reg was removed.  [D:/FPGA/mqnic_prj/mqnic_prj.srcs/sources_1/imports/fpga_pcie/lib/pcie/rtl/pcie_tlp_fifo_raw.v:800]
WARNING: [Synth 8-6014] Unused sequential element temp_out_ctrl_tlp_valid_reg_reg was removed.  [D:/FPGA/mqnic_prj/mqnic_prj.srcs/sources_1/imports/fpga_pcie/lib/pcie/rtl/pcie_tlp_fifo_raw.v:801]
WARNING: [Synth 8-6014] Unused sequential element temp_out_ctrl_tlp_sop_reg_reg was removed.  [D:/FPGA/mqnic_prj/mqnic_prj.srcs/sources_1/imports/fpga_pcie/lib/pcie/rtl/pcie_tlp_fifo_raw.v:802]
WARNING: [Synth 8-6014] Unused sequential element temp_out_ctrl_tlp_eop_reg_reg was removed.  [D:/FPGA/mqnic_prj/mqnic_prj.srcs/sources_1/imports/fpga_pcie/lib/pcie/rtl/pcie_tlp_fifo_raw.v:803]
WARNING: [Synth 8-6014] Unused sequential element pipe_out_ctrl_tlp_strb_reg_reg was removed.  [D:/FPGA/mqnic_prj/mqnic_prj.srcs/sources_1/imports/fpga_pcie/lib/pcie/rtl/pcie_tlp_fifo_raw.v:805]
WARNING: [Synth 8-6014] Unused sequential element pipe_out_ctrl_tlp_hdr_reg_reg was removed.  [D:/FPGA/mqnic_prj/mqnic_prj.srcs/sources_1/imports/fpga_pcie/lib/pcie/rtl/pcie_tlp_fifo_raw.v:806]
WARNING: [Synth 8-6014] Unused sequential element pipe_out_ctrl_tlp_valid_reg_reg was removed.  [D:/FPGA/mqnic_prj/mqnic_prj.srcs/sources_1/imports/fpga_pcie/lib/pcie/rtl/pcie_tlp_fifo_raw.v:807]
WARNING: [Synth 8-6014] Unused sequential element pipe_out_ctrl_tlp_sop_reg_reg was removed.  [D:/FPGA/mqnic_prj/mqnic_prj.srcs/sources_1/imports/fpga_pcie/lib/pcie/rtl/pcie_tlp_fifo_raw.v:808]
WARNING: [Synth 8-6014] Unused sequential element pipe_out_ctrl_tlp_eop_reg_reg was removed.  [D:/FPGA/mqnic_prj/mqnic_prj.srcs/sources_1/imports/fpga_pcie/lib/pcie/rtl/pcie_tlp_fifo_raw.v:809]
WARNING: [Synth 8-6014] Unused sequential element watermark_reg_reg was removed.  [D:/FPGA/mqnic_prj/mqnic_prj.srcs/sources_1/imports/fpga_pcie/lib/pcie/rtl/pcie_tlp_fifo_raw.v:258]
WARNING: [Synth 8-6014] Unused sequential element tlp_frame_reg_reg was removed.  [D:/FPGA/mqnic_prj/mqnic_prj.srcs/sources_1/imports/fpga_pcie/lib/pcie/rtl/pcie_us_if_rc.v:472]
WARNING: [Synth 8-3936] Found unconnected internal register 'rc_strb_sop_reg' and it is trimmed from '4' to '1' bits. [D:/FPGA/mqnic_prj/mqnic_prj.srcs/sources_1/imports/fpga_pcie/lib/pcie/rtl/pcie_us_if_rc.v:332]
WARNING: [Synth 8-6014] Unused sequential element full_cur_ctrl_reg_reg was removed.  [D:/FPGA/mqnic_prj/mqnic_prj.srcs/sources_1/imports/fpga_pcie/lib/pcie/rtl/pcie_tlp_fifo_raw.v:381]
WARNING: [Synth 8-6014] Unused sequential element half_full_ctrl_reg_reg was removed.  [D:/FPGA/mqnic_prj/mqnic_prj.srcs/sources_1/imports/fpga_pcie/lib/pcie/rtl/pcie_tlp_fifo_raw.v:382]
WARNING: [Synth 8-6014] Unused sequential element watermark_ctrl_reg_reg was removed.  [D:/FPGA/mqnic_prj/mqnic_prj.srcs/sources_1/imports/fpga_pcie/lib/pcie/rtl/pcie_tlp_fifo_raw.v:383]
WARNING: [Synth 8-6014] Unused sequential element rd_ptr_ctrl_reg_reg was removed.  [D:/FPGA/mqnic_prj/mqnic_prj.srcs/sources_1/imports/fpga_pcie/lib/pcie/rtl/pcie_tlp_fifo_raw.v:767]
WARNING: [Synth 8-6014] Unused sequential element count_reg_reg was removed.  [D:/FPGA/mqnic_prj/mqnic_prj.srcs/sources_1/imports/fpga_pcie/lib/pcie/rtl/pcie_tlp_fifo_raw.v:768]
WARNING: [Synth 8-6014] Unused sequential element count_ctrl_reg_reg was removed.  [D:/FPGA/mqnic_prj/mqnic_prj.srcs/sources_1/imports/fpga_pcie/lib/pcie/rtl/pcie_tlp_fifo_raw.v:769]
WARNING: [Synth 8-6014] Unused sequential element seg_ctrl_mem_rd_addr_reg_reg was removed.  [D:/FPGA/mqnic_prj/mqnic_prj.srcs/sources_1/imports/fpga_pcie/lib/pcie/rtl/pcie_tlp_fifo_raw.v:772]
WARNING: [Synth 8-6014] Unused sequential element ctrl_mem_rd_data_valid_reg_reg was removed.  [D:/FPGA/mqnic_prj/mqnic_prj.srcs/sources_1/imports/fpga_pcie/lib/pcie/rtl/pcie_tlp_fifo_raw.v:775]
WARNING: [Synth 8-6014] Unused sequential element out_ctrl_tlp_ready_int_reg_reg was removed.  [D:/FPGA/mqnic_prj/mqnic_prj.srcs/sources_1/imports/fpga_pcie/lib/pcie/rtl/pcie_tlp_fifo_raw.v:797]
WARNING: [Synth 8-6014] Unused sequential element temp_out_ctrl_tlp_strb_reg_reg was removed.  [D:/FPGA/mqnic_prj/mqnic_prj.srcs/sources_1/imports/fpga_pcie/lib/pcie/rtl/pcie_tlp_fifo_raw.v:799]
WARNING: [Synth 8-6014] Unused sequential element temp_out_ctrl_tlp_hdr_reg_reg was removed.  [D:/FPGA/mqnic_prj/mqnic_prj.srcs/sources_1/imports/fpga_pcie/lib/pcie/rtl/pcie_tlp_fifo_raw.v:800]
WARNING: [Synth 8-6014] Unused sequential element temp_out_ctrl_tlp_valid_reg_reg was removed.  [D:/FPGA/mqnic_prj/mqnic_prj.srcs/sources_1/imports/fpga_pcie/lib/pcie/rtl/pcie_tlp_fifo_raw.v:801]
WARNING: [Synth 8-6014] Unused sequential element temp_out_ctrl_tlp_sop_reg_reg was removed.  [D:/FPGA/mqnic_prj/mqnic_prj.srcs/sources_1/imports/fpga_pcie/lib/pcie/rtl/pcie_tlp_fifo_raw.v:802]
WARNING: [Synth 8-6014] Unused sequential element temp_out_ctrl_tlp_eop_reg_reg was removed.  [D:/FPGA/mqnic_prj/mqnic_prj.srcs/sources_1/imports/fpga_pcie/lib/pcie/rtl/pcie_tlp_fifo_raw.v:803]
WARNING: [Synth 8-6014] Unused sequential element pipe_out_ctrl_tlp_strb_reg_reg was removed.  [D:/FPGA/mqnic_prj/mqnic_prj.srcs/sources_1/imports/fpga_pcie/lib/pcie/rtl/pcie_tlp_fifo_raw.v:805]
WARNING: [Synth 8-6014] Unused sequential element pipe_out_ctrl_tlp_hdr_reg_reg was removed.  [D:/FPGA/mqnic_prj/mqnic_prj.srcs/sources_1/imports/fpga_pcie/lib/pcie/rtl/pcie_tlp_fifo_raw.v:806]
WARNING: [Synth 8-6014] Unused sequential element pipe_out_ctrl_tlp_valid_reg_reg was removed.  [D:/FPGA/mqnic_prj/mqnic_prj.srcs/sources_1/imports/fpga_pcie/lib/pcie/rtl/pcie_tlp_fifo_raw.v:807]
WARNING: [Synth 8-6014] Unused sequential element pipe_out_ctrl_tlp_sop_reg_reg was removed.  [D:/FPGA/mqnic_prj/mqnic_prj.srcs/sources_1/imports/fpga_pcie/lib/pcie/rtl/pcie_tlp_fifo_raw.v:808]
WARNING: [Synth 8-6014] Unused sequential element pipe_out_ctrl_tlp_eop_reg_reg was removed.  [D:/FPGA/mqnic_prj/mqnic_prj.srcs/sources_1/imports/fpga_pcie/lib/pcie/rtl/pcie_tlp_fifo_raw.v:809]
WARNING: [Synth 8-6014] Unused sequential element watermark_reg_reg was removed.  [D:/FPGA/mqnic_prj/mqnic_prj.srcs/sources_1/imports/fpga_pcie/lib/pcie/rtl/pcie_tlp_fifo_raw.v:258]
WARNING: [Synth 8-6014] Unused sequential element tlp_hdr2_reg_reg was removed.  [D:/FPGA/mqnic_prj/mqnic_prj.srcs/sources_1/imports/fpga_pcie/lib/pcie/rtl/pcie_us_if_rq.v:877]
WARNING: [Synth 8-6014] Unused sequential element tlp_split1_reg_reg was removed.  [D:/FPGA/mqnic_prj/mqnic_prj.srcs/sources_1/imports/fpga_pcie/lib/pcie/rtl/pcie_us_if_rq.v:878]
WARNING: [Synth 8-6014] Unused sequential element tlp_split2_reg_reg was removed.  [D:/FPGA/mqnic_prj/mqnic_prj.srcs/sources_1/imports/fpga_pcie/lib/pcie/rtl/pcie_us_if_rq.v:879]
WARNING: [Synth 8-6014] Unused sequential element out_shift_tlp_data_reg_reg was removed.  [D:/FPGA/mqnic_prj/mqnic_prj.srcs/sources_1/imports/fpga_pcie/lib/pcie/rtl/pcie_us_if_rq.v:882]
WARNING: [Synth 8-6014] Unused sequential element out_shift_tlp_strb_reg_reg was removed.  [D:/FPGA/mqnic_prj/mqnic_prj.srcs/sources_1/imports/fpga_pcie/lib/pcie/rtl/pcie_us_if_rq.v:883]
WARNING: [Synth 8-3936] Found unconnected internal register 'out_tlp_be_reg' and it is trimmed from '8' to '4' bits. [D:/FPGA/mqnic_prj/mqnic_prj.srcs/sources_1/imports/fpga_pcie/lib/pcie/rtl/pcie_us_if_rq.v:645]
WARNING: [Synth 8-6014] Unused sequential element tlp_frame_reg_reg was removed.  [D:/FPGA/mqnic_prj/mqnic_prj.srcs/sources_1/imports/fpga_pcie/lib/pcie/rtl/pcie_us_if_cq.v:500]
WARNING: [Synth 8-3936] Found unconnected internal register 'cq_strb_sop_reg' and it is trimmed from '4' to '1' bits. [D:/FPGA/mqnic_prj/mqnic_prj.srcs/sources_1/imports/fpga_pcie/lib/pcie/rtl/pcie_us_if_cq.v:311]
WARNING: [Synth 8-6014] Unused sequential element full_cur_ctrl_reg_reg was removed.  [D:/FPGA/mqnic_prj/mqnic_prj.srcs/sources_1/imports/fpga_pcie/lib/pcie/rtl/pcie_tlp_fifo_raw.v:381]
WARNING: [Synth 8-6014] Unused sequential element half_full_ctrl_reg_reg was removed.  [D:/FPGA/mqnic_prj/mqnic_prj.srcs/sources_1/imports/fpga_pcie/lib/pcie/rtl/pcie_tlp_fifo_raw.v:382]
WARNING: [Synth 8-6014] Unused sequential element watermark_ctrl_reg_reg was removed.  [D:/FPGA/mqnic_prj/mqnic_prj.srcs/sources_1/imports/fpga_pcie/lib/pcie/rtl/pcie_tlp_fifo_raw.v:383]
WARNING: [Synth 8-6014] Unused sequential element rd_ptr_ctrl_reg_reg was removed.  [D:/FPGA/mqnic_prj/mqnic_prj.srcs/sources_1/imports/fpga_pcie/lib/pcie/rtl/pcie_tlp_fifo_raw.v:767]
WARNING: [Synth 8-6014] Unused sequential element count_reg_reg was removed.  [D:/FPGA/mqnic_prj/mqnic_prj.srcs/sources_1/imports/fpga_pcie/lib/pcie/rtl/pcie_tlp_fifo_raw.v:768]
WARNING: [Synth 8-6014] Unused sequential element count_ctrl_reg_reg was removed.  [D:/FPGA/mqnic_prj/mqnic_prj.srcs/sources_1/imports/fpga_pcie/lib/pcie/rtl/pcie_tlp_fifo_raw.v:769]
WARNING: [Synth 8-6014] Unused sequential element seg_ctrl_mem_rd_addr_reg_reg was removed.  [D:/FPGA/mqnic_prj/mqnic_prj.srcs/sources_1/imports/fpga_pcie/lib/pcie/rtl/pcie_tlp_fifo_raw.v:772]
WARNING: [Synth 8-6014] Unused sequential element ctrl_mem_rd_data_valid_reg_reg was removed.  [D:/FPGA/mqnic_prj/mqnic_prj.srcs/sources_1/imports/fpga_pcie/lib/pcie/rtl/pcie_tlp_fifo_raw.v:775]
WARNING: [Synth 8-6014] Unused sequential element out_ctrl_tlp_ready_int_reg_reg was removed.  [D:/FPGA/mqnic_prj/mqnic_prj.srcs/sources_1/imports/fpga_pcie/lib/pcie/rtl/pcie_tlp_fifo_raw.v:797]
WARNING: [Synth 8-6014] Unused sequential element temp_out_ctrl_tlp_strb_reg_reg was removed.  [D:/FPGA/mqnic_prj/mqnic_prj.srcs/sources_1/imports/fpga_pcie/lib/pcie/rtl/pcie_tlp_fifo_raw.v:799]
WARNING: [Synth 8-6014] Unused sequential element temp_out_ctrl_tlp_hdr_reg_reg was removed.  [D:/FPGA/mqnic_prj/mqnic_prj.srcs/sources_1/imports/fpga_pcie/lib/pcie/rtl/pcie_tlp_fifo_raw.v:800]
WARNING: [Synth 8-6014] Unused sequential element temp_out_ctrl_tlp_valid_reg_reg was removed.  [D:/FPGA/mqnic_prj/mqnic_prj.srcs/sources_1/imports/fpga_pcie/lib/pcie/rtl/pcie_tlp_fifo_raw.v:801]
WARNING: [Synth 8-6014] Unused sequential element temp_out_ctrl_tlp_sop_reg_reg was removed.  [D:/FPGA/mqnic_prj/mqnic_prj.srcs/sources_1/imports/fpga_pcie/lib/pcie/rtl/pcie_tlp_fifo_raw.v:802]
WARNING: [Synth 8-6014] Unused sequential element temp_out_ctrl_tlp_eop_reg_reg was removed.  [D:/FPGA/mqnic_prj/mqnic_prj.srcs/sources_1/imports/fpga_pcie/lib/pcie/rtl/pcie_tlp_fifo_raw.v:803]
WARNING: [Synth 8-6014] Unused sequential element pipe_out_ctrl_tlp_strb_reg_reg was removed.  [D:/FPGA/mqnic_prj/mqnic_prj.srcs/sources_1/imports/fpga_pcie/lib/pcie/rtl/pcie_tlp_fifo_raw.v:805]
WARNING: [Synth 8-6014] Unused sequential element pipe_out_ctrl_tlp_hdr_reg_reg was removed.  [D:/FPGA/mqnic_prj/mqnic_prj.srcs/sources_1/imports/fpga_pcie/lib/pcie/rtl/pcie_tlp_fifo_raw.v:806]
WARNING: [Synth 8-6014] Unused sequential element pipe_out_ctrl_tlp_valid_reg_reg was removed.  [D:/FPGA/mqnic_prj/mqnic_prj.srcs/sources_1/imports/fpga_pcie/lib/pcie/rtl/pcie_tlp_fifo_raw.v:807]
WARNING: [Synth 8-6014] Unused sequential element pipe_out_ctrl_tlp_sop_reg_reg was removed.  [D:/FPGA/mqnic_prj/mqnic_prj.srcs/sources_1/imports/fpga_pcie/lib/pcie/rtl/pcie_tlp_fifo_raw.v:808]
WARNING: [Synth 8-6014] Unused sequential element pipe_out_ctrl_tlp_eop_reg_reg was removed.  [D:/FPGA/mqnic_prj/mqnic_prj.srcs/sources_1/imports/fpga_pcie/lib/pcie/rtl/pcie_tlp_fifo_raw.v:809]
WARNING: [Synth 8-6014] Unused sequential element watermark_reg_reg was removed.  [D:/FPGA/mqnic_prj/mqnic_prj.srcs/sources_1/imports/fpga_pcie/lib/pcie/rtl/pcie_tlp_fifo_raw.v:258]
WARNING: [Synth 8-6014] Unused sequential element tlp_hdr2_reg_reg was removed.  [D:/FPGA/mqnic_prj/mqnic_prj.srcs/sources_1/imports/fpga_pcie/lib/pcie/rtl/pcie_us_if_cc.v:540]
WARNING: [Synth 8-3936] Found unconnected internal register 'seg_tlp_hdr_reg' and it is trimmed from '128' to '119' bits. [D:/FPGA/mqnic_prj/mqnic_prj.srcs/sources_1/imports/fpga_pcie/lib/pcie/rtl/pcie_us_if_cc.v:389]
WARNING: [Synth 8-6014] Unused sequential element tlp_eop_reg_reg was removed.  [D:/FPGA/mqnic_prj/mqnic_prj.srcs/sources_1/imports/fpga_pcie/rtl/common/stats_pcie_tlp.v:132]
WARNING: [Synth 8-6014] Unused sequential element s_axis_tkeep_reg_reg was removed.  [D:/FPGA/mqnic_prj/mqnic_prj.srcs/sources_1/imports/fpga_pcie/lib/axis/rtl/axis_arb_mux.v:145]
WARNING: [Synth 8-6014] Unused sequential element s_axis_tlast_reg_reg was removed.  [D:/FPGA/mqnic_prj/mqnic_prj.srcs/sources_1/imports/fpga_pcie/lib/axis/rtl/axis_arb_mux.v:148]
WARNING: [Synth 8-6014] Unused sequential element s_axis_tdest_reg_reg was removed.  [D:/FPGA/mqnic_prj/mqnic_prj.srcs/sources_1/imports/fpga_pcie/lib/axis/rtl/axis_arb_mux.v:150]
WARNING: [Synth 8-6014] Unused sequential element s_axis_tuser_reg_reg was removed.  [D:/FPGA/mqnic_prj/mqnic_prj.srcs/sources_1/imports/fpga_pcie/lib/axis/rtl/axis_arb_mux.v:151]
WARNING: [Synth 8-6014] Unused sequential element m_axis_tkeep_reg_reg was removed.  [D:/FPGA/mqnic_prj/mqnic_prj.srcs/sources_1/imports/fpga_pcie/lib/axis/rtl/axis_arb_mux.v:278]
WARNING: [Synth 8-6014] Unused sequential element m_axis_tlast_reg_reg was removed.  [D:/FPGA/mqnic_prj/mqnic_prj.srcs/sources_1/imports/fpga_pcie/lib/axis/rtl/axis_arb_mux.v:279]
WARNING: [Synth 8-6014] Unused sequential element m_axis_tdest_reg_reg was removed.  [D:/FPGA/mqnic_prj/mqnic_prj.srcs/sources_1/imports/fpga_pcie/lib/axis/rtl/axis_arb_mux.v:281]
WARNING: [Synth 8-6014] Unused sequential element m_axis_tuser_reg_reg was removed.  [D:/FPGA/mqnic_prj/mqnic_prj.srcs/sources_1/imports/fpga_pcie/lib/axis/rtl/axis_arb_mux.v:282]
WARNING: [Synth 8-6014] Unused sequential element temp_m_axis_tkeep_reg_reg was removed.  [D:/FPGA/mqnic_prj/mqnic_prj.srcs/sources_1/imports/fpga_pcie/lib/axis/rtl/axis_arb_mux.v:285]
WARNING: [Synth 8-6014] Unused sequential element temp_m_axis_tlast_reg_reg was removed.  [D:/FPGA/mqnic_prj/mqnic_prj.srcs/sources_1/imports/fpga_pcie/lib/axis/rtl/axis_arb_mux.v:286]
WARNING: [Synth 8-6014] Unused sequential element temp_m_axis_tdest_reg_reg was removed.  [D:/FPGA/mqnic_prj/mqnic_prj.srcs/sources_1/imports/fpga_pcie/lib/axis/rtl/axis_arb_mux.v:288]
WARNING: [Synth 8-6014] Unused sequential element temp_m_axis_tuser_reg_reg was removed.  [D:/FPGA/mqnic_prj/mqnic_prj.srcs/sources_1/imports/fpga_pcie/lib/axis/rtl/axis_arb_mux.v:289]
INFO: [Common 17-14] Message 'Synth 8-6014' appears 100 times and further instances of the messages will be disabled. Use the Tcl command set_msg_config to change the current settings.
WARNING: [Synth 8-3936] Found unconnected internal register 'rx_req_tlp_hdr_fmt_reg' and it is trimmed from '3' to '2' bits. [D:/FPGA/mqnic_prj/mqnic_prj.srcs/sources_1/imports/fpga_pcie/lib/pcie/rtl/pcie_axil_master.v:351]
WARNING: [Synth 8-3936] Found unconnected internal register 'rx_cpl_tlp_hdr_tag_reg' and it is trimmed from '10' to '8' bits. [D:/FPGA/mqnic_prj/mqnic_prj.srcs/sources_1/imports/fpga_pcie/lib/pcie/rtl/dma_if_pcie_rd.v:973]
WARNING: [Synth 8-3936] Found unconnected internal register 'rx_cpl_tlp_hdr_requester_id_reg' and it is trimmed from '16' to '8' bits. [D:/FPGA/mqnic_prj/mqnic_prj.srcs/sources_1/imports/fpga_pcie/lib/pcie/rtl/dma_if_pcie_rd.v:990]
WARNING: [Synth 8-3936] Found unconnected internal register 'rx_cpl_tlp_hdr_lower_addr_reg' and it is trimmed from '7' to '2' bits. [D:/FPGA/mqnic_prj/mqnic_prj.srcs/sources_1/imports/fpga_pcie/lib/pcie/rtl/dma_if_pcie_rd.v:992]
WARNING: [Synth 8-4767] Trying to implement RAM 'pba_mem_reg' in registers. Block RAM or DRAM implementation is not possible; see log for reasons.
Reason is one or more of the following :
	1: Only 1 word in RAM 
RAM "pba_mem_reg" dissolved into registers
WARNING: [Synth 8-3936] Found unconnected internal register 'write_data_pipeline_reg_reg[3]' and it is trimmed from '32' to '2' bits. [D:/FPGA/mqnic_prj/mqnic_prj.srcs/sources_1/imports/fpga_pcie/rtl/common/tx_scheduler_rr.v:824]
WARNING: [Synth 8-3936] Found unconnected internal register 'write_data_pipeline_next_reg[3]' and it is trimmed from '32' to '2' bits. [D:/FPGA/mqnic_prj/mqnic_prj.srcs/sources_1/imports/fpga_pcie/rtl/common/tx_scheduler_rr.v:396]
WARNING: [Synth 8-3936] Found unconnected internal register 'write_data_pipeline_reg_reg[2]' and it is trimmed from '32' to '2' bits. [D:/FPGA/mqnic_prj/mqnic_prj.srcs/sources_1/imports/fpga_pcie/rtl/common/tx_scheduler_rr.v:824]
WARNING: [Synth 8-3936] Found unconnected internal register 'write_data_pipeline_next_reg[2]' and it is trimmed from '32' to '2' bits. [D:/FPGA/mqnic_prj/mqnic_prj.srcs/sources_1/imports/fpga_pcie/rtl/common/tx_scheduler_rr.v:396]
WARNING: [Synth 8-3936] Found unconnected internal register 'write_data_pipeline_reg_reg[1]' and it is trimmed from '32' to '2' bits. [D:/FPGA/mqnic_prj/mqnic_prj.srcs/sources_1/imports/fpga_pcie/rtl/common/tx_scheduler_rr.v:824]
WARNING: [Synth 8-3936] Found unconnected internal register 'write_data_pipeline_next_reg[1]' and it is trimmed from '32' to '2' bits. [D:/FPGA/mqnic_prj/mqnic_prj.srcs/sources_1/imports/fpga_pcie/rtl/common/tx_scheduler_rr.v:396]
WARNING: [Synth 8-3936] Found unconnected internal register 'write_data_pipeline_reg_reg[0]' and it is trimmed from '32' to '2' bits. [D:/FPGA/mqnic_prj/mqnic_prj.srcs/sources_1/imports/fpga_pcie/rtl/common/tx_scheduler_rr.v:824]
WARNING: [Synth 8-3936] Found unconnected internal register 'write_strobe_pipeline_reg_reg[3]' and it is trimmed from '4' to '1' bits. [D:/FPGA/mqnic_prj/mqnic_prj.srcs/sources_1/imports/fpga_pcie/rtl/common/tx_scheduler_rr.v:825]
WARNING: [Synth 8-3936] Found unconnected internal register 'write_strobe_pipeline_next_reg[3]' and it is trimmed from '4' to '1' bits. [D:/FPGA/mqnic_prj/mqnic_prj.srcs/sources_1/imports/fpga_pcie/rtl/common/tx_scheduler_rr.v:397]
WARNING: [Synth 8-3936] Found unconnected internal register 'write_strobe_pipeline_reg_reg[2]' and it is trimmed from '4' to '1' bits. [D:/FPGA/mqnic_prj/mqnic_prj.srcs/sources_1/imports/fpga_pcie/rtl/common/tx_scheduler_rr.v:825]
WARNING: [Synth 8-3936] Found unconnected internal register 'write_strobe_pipeline_next_reg[2]' and it is trimmed from '4' to '1' bits. [D:/FPGA/mqnic_prj/mqnic_prj.srcs/sources_1/imports/fpga_pcie/rtl/common/tx_scheduler_rr.v:397]
WARNING: [Synth 8-3936] Found unconnected internal register 'write_strobe_pipeline_reg_reg[1]' and it is trimmed from '4' to '1' bits. [D:/FPGA/mqnic_prj/mqnic_prj.srcs/sources_1/imports/fpga_pcie/rtl/common/tx_scheduler_rr.v:825]
WARNING: [Synth 8-3936] Found unconnected internal register 'write_strobe_pipeline_next_reg[1]' and it is trimmed from '4' to '1' bits. [D:/FPGA/mqnic_prj/mqnic_prj.srcs/sources_1/imports/fpga_pcie/rtl/common/tx_scheduler_rr.v:397]
WARNING: [Synth 8-3936] Found unconnected internal register 'write_strobe_pipeline_reg_reg[0]' and it is trimmed from '4' to '1' bits. [D:/FPGA/mqnic_prj/mqnic_prj.srcs/sources_1/imports/fpga_pcie/rtl/common/tx_scheduler_rr.v:825]
WARNING: [Synth 8-4767] Trying to implement RAM 'op_table_doorbell_reg' in registers. Block RAM or DRAM implementation is not possible; see log for reasons.
Reason is one or more of the following :
	1: RAM has multiple writes via different ports in same process. If RAM inferencing intended, write to one port per process. 
	2: Unable to determine number of words or word size in RAM. 
	3: No valid read/write found for RAM. 
RAM "op_table_doorbell_reg" dissolved into registers
INFO: [Synth 8-6071] Mark debug on the nets applies keep_hierarchy on instance 'core_inst'. This will prevent further optimization [D:/FPGA/mqnic_prj/mqnic_prj.srcs/sources_1/imports/fpga_pcie/rtl/fpga.v:1255]
INFO: [Synth 8-6071] Mark debug on the nets applies keep_hierarchy on instance 'u_ila_0'. This will prevent further optimization [D:/FPGA/mqnic_prj/mqnic_prj.srcs/sources_1/imports/fpga_pcie/rtl/fpga.v:1491]
INFO: [Synth 8-6071] Mark debug on the nets applies keep_hierarchy on instance 'gig_ethernet_pcs_pma_0'. This will prevent further optimization [D:/FPGA/mqnic_prj/mqnic_prj.srcs/sources_1/imports/fpga_pcie/rtl/fpga.v:881]
WARNING: [Synth 8-3848] Net sfp0_tx_clk_int in module/entity fpga does not have driver. [D:/FPGA/mqnic_prj/mqnic_prj.srcs/sources_1/imports/fpga_pcie/rtl/fpga.v:700]
WARNING: [Synth 8-3848] Net sfp0_tx_rst_int in module/entity fpga does not have driver. [D:/FPGA/mqnic_prj/mqnic_prj.srcs/sources_1/imports/fpga_pcie/rtl/fpga.v:701]
WARNING: [Synth 8-3848] Net sfp0_rx_clk_int in module/entity fpga does not have driver. [D:/FPGA/mqnic_prj/mqnic_prj.srcs/sources_1/imports/fpga_pcie/rtl/fpga.v:705]
WARNING: [Synth 8-3848] Net sfp0_rx_rst_int in module/entity fpga does not have driver. [D:/FPGA/mqnic_prj/mqnic_prj.srcs/sources_1/imports/fpga_pcie/rtl/fpga.v:706]
WARNING: [Synth 8-3848] Net sfp0_rxd_int in module/entity fpga does not have driver. [D:/FPGA/mqnic_prj/mqnic_prj.srcs/sources_1/imports/fpga_pcie/rtl/fpga.v:707]
WARNING: [Synth 8-3848] Net sfp0_rxc_int in module/entity fpga does not have driver. [D:/FPGA/mqnic_prj/mqnic_prj.srcs/sources_1/imports/fpga_pcie/rtl/fpga.v:708]
WARNING: [Synth 8-3848] Net sfp0_rx_error_count_int in module/entity fpga does not have driver. [D:/FPGA/mqnic_prj/mqnic_prj.srcs/sources_1/imports/fpga_pcie/rtl/fpga.v:710]
WARNING: [Synth 8-3848] Net sfp1_tx_clk_int in module/entity fpga does not have driver. [D:/FPGA/mqnic_prj/mqnic_prj.srcs/sources_1/imports/fpga_pcie/rtl/fpga.v:712]
WARNING: [Synth 8-3848] Net sfp1_tx_rst_int in module/entity fpga does not have driver. [D:/FPGA/mqnic_prj/mqnic_prj.srcs/sources_1/imports/fpga_pcie/rtl/fpga.v:713]
WARNING: [Synth 8-3848] Net sfp1_rx_clk_int in module/entity fpga does not have driver. [D:/FPGA/mqnic_prj/mqnic_prj.srcs/sources_1/imports/fpga_pcie/rtl/fpga.v:717]
WARNING: [Synth 8-3848] Net sfp1_rx_rst_int in module/entity fpga does not have driver. [D:/FPGA/mqnic_prj/mqnic_prj.srcs/sources_1/imports/fpga_pcie/rtl/fpga.v:718]
WARNING: [Synth 8-3848] Net sfp1_rx_status in module/entity fpga does not have driver. [D:/FPGA/mqnic_prj/mqnic_prj.srcs/sources_1/imports/fpga_pcie/rtl/fpga.v:736]
WARNING: [Synth 8-3848] Net sfp1_rxd_int in module/entity fpga does not have driver. [D:/FPGA/mqnic_prj/mqnic_prj.srcs/sources_1/imports/fpga_pcie/rtl/fpga.v:719]
WARNING: [Synth 8-3848] Net sfp1_rxc_int in module/entity fpga does not have driver. [D:/FPGA/mqnic_prj/mqnic_prj.srcs/sources_1/imports/fpga_pcie/rtl/fpga.v:720]
WARNING: [Synth 8-3848] Net sfp1_rx_error_count_int in module/entity fpga does not have driver. [D:/FPGA/mqnic_prj/mqnic_prj.srcs/sources_1/imports/fpga_pcie/rtl/fpga.v:722]
WARNING: [Synth 8-3848] Net sfp_drp_rdy in module/entity fpga does not have driver. [D:/FPGA/mqnic_prj/mqnic_prj.srcs/sources_1/imports/fpga_pcie/rtl/fpga.v:731]
WARNING: [Synth 8-3848] Net sfp_drp_do in module/entity fpga does not have driver. [D:/FPGA/mqnic_prj/mqnic_prj.srcs/sources_1/imports/fpga_pcie/rtl/fpga.v:730]
WARNING: [Synth 8-3848] Net sfp_mgt_refclk_0_bufg in module/entity fpga does not have driver. [D:/FPGA/mqnic_prj/mqnic_prj.srcs/sources_1/imports/fpga_pcie/rtl/fpga.v:747]
WARNING: [Synth 8-3917] design fpga has port ddr4_reset_n driven by constant 0
WARNING: [Synth 8-7129] Port s_axis_desc_imm[63] in module dma_if_desc_mux__parameterized0 is either unconnected or has no load
WARNING: [Synth 8-7129] Port s_axis_desc_imm[62] in module dma_if_desc_mux__parameterized0 is either unconnected or has no load
WARNING: [Synth 8-7129] Port s_axis_desc_imm[61] in module dma_if_desc_mux__parameterized0 is either unconnected or has no load
WARNING: [Synth 8-7129] Port s_axis_desc_imm[60] in module dma_if_desc_mux__parameterized0 is either unconnected or has no load
WARNING: [Synth 8-7129] Port s_axis_desc_imm[59] in module dma_if_desc_mux__parameterized0 is either unconnected or has no load
WARNING: [Synth 8-7129] Port s_axis_desc_imm[58] in module dma_if_desc_mux__parameterized0 is either unconnected or has no load
WARNING: [Synth 8-7129] Port s_axis_desc_imm[57] in module dma_if_desc_mux__parameterized0 is either unconnected or has no load
WARNING: [Synth 8-7129] Port s_axis_desc_imm[56] in module dma_if_desc_mux__parameterized0 is either unconnected or has no load
WARNING: [Synth 8-7129] Port s_axis_desc_imm[55] in module dma_if_desc_mux__parameterized0 is either unconnected or has no load
WARNING: [Synth 8-7129] Port s_axis_desc_imm[54] in module dma_if_desc_mux__parameterized0 is either unconnected or has no load
WARNING: [Synth 8-7129] Port s_axis_desc_imm[53] in module dma_if_desc_mux__parameterized0 is either unconnected or has no load
WARNING: [Synth 8-7129] Port s_axis_desc_imm[52] in module dma_if_desc_mux__parameterized0 is either unconnected or has no load
WARNING: [Synth 8-7129] Port s_axis_desc_imm[51] in module dma_if_desc_mux__parameterized0 is either unconnected or has no load
WARNING: [Synth 8-7129] Port s_axis_desc_imm[50] in module dma_if_desc_mux__parameterized0 is either unconnected or has no load
WARNING: [Synth 8-7129] Port s_axis_desc_imm[49] in module dma_if_desc_mux__parameterized0 is either unconnected or has no load
WARNING: [Synth 8-7129] Port s_axis_desc_imm[48] in module dma_if_desc_mux__parameterized0 is either unconnected or has no load
WARNING: [Synth 8-7129] Port s_axis_desc_imm[47] in module dma_if_desc_mux__parameterized0 is either unconnected or has no load
WARNING: [Synth 8-7129] Port s_axis_desc_imm[46] in module dma_if_desc_mux__parameterized0 is either unconnected or has no load
WARNING: [Synth 8-7129] Port s_axis_desc_imm[45] in module dma_if_desc_mux__parameterized0 is either unconnected or has no load
WARNING: [Synth 8-7129] Port s_axis_desc_imm[44] in module dma_if_desc_mux__parameterized0 is either unconnected or has no load
WARNING: [Synth 8-7129] Port s_axis_desc_imm[43] in module dma_if_desc_mux__parameterized0 is either unconnected or has no load
WARNING: [Synth 8-7129] Port s_axis_desc_imm[42] in module dma_if_desc_mux__parameterized0 is either unconnected or has no load
WARNING: [Synth 8-7129] Port s_axis_desc_imm[41] in module dma_if_desc_mux__parameterized0 is either unconnected or has no load
WARNING: [Synth 8-7129] Port s_axis_desc_imm[40] in module dma_if_desc_mux__parameterized0 is either unconnected or has no load
WARNING: [Synth 8-7129] Port s_axis_desc_imm[39] in module dma_if_desc_mux__parameterized0 is either unconnected or has no load
WARNING: [Synth 8-7129] Port s_axis_desc_imm[38] in module dma_if_desc_mux__parameterized0 is either unconnected or has no load
WARNING: [Synth 8-7129] Port s_axis_desc_imm[37] in module dma_if_desc_mux__parameterized0 is either unconnected or has no load
WARNING: [Synth 8-7129] Port s_axis_desc_imm[36] in module dma_if_desc_mux__parameterized0 is either unconnected or has no load
WARNING: [Synth 8-7129] Port s_axis_desc_imm[35] in module dma_if_desc_mux__parameterized0 is either unconnected or has no load
WARNING: [Synth 8-7129] Port s_axis_desc_imm[34] in module dma_if_desc_mux__parameterized0 is either unconnected or has no load
WARNING: [Synth 8-7129] Port s_axis_desc_imm[33] in module dma_if_desc_mux__parameterized0 is either unconnected or has no load
WARNING: [Synth 8-7129] Port s_axis_desc_imm[32] in module dma_if_desc_mux__parameterized0 is either unconnected or has no load
WARNING: [Synth 8-7129] Port s_axis_desc_imm[31] in module dma_if_desc_mux__parameterized0 is either unconnected or has no load
WARNING: [Synth 8-7129] Port s_axis_desc_imm[30] in module dma_if_desc_mux__parameterized0 is either unconnected or has no load
WARNING: [Synth 8-7129] Port s_axis_desc_imm[29] in module dma_if_desc_mux__parameterized0 is either unconnected or has no load
WARNING: [Synth 8-7129] Port s_axis_desc_imm[28] in module dma_if_desc_mux__parameterized0 is either unconnected or has no load
WARNING: [Synth 8-7129] Port s_axis_desc_imm[27] in module dma_if_desc_mux__parameterized0 is either unconnected or has no load
WARNING: [Synth 8-7129] Port s_axis_desc_imm[26] in module dma_if_desc_mux__parameterized0 is either unconnected or has no load
WARNING: [Synth 8-7129] Port s_axis_desc_imm[25] in module dma_if_desc_mux__parameterized0 is either unconnected or has no load
WARNING: [Synth 8-7129] Port s_axis_desc_imm[24] in module dma_if_desc_mux__parameterized0 is either unconnected or has no load
WARNING: [Synth 8-7129] Port s_axis_desc_imm[23] in module dma_if_desc_mux__parameterized0 is either unconnected or has no load
WARNING: [Synth 8-7129] Port s_axis_desc_imm[22] in module dma_if_desc_mux__parameterized0 is either unconnected or has no load
WARNING: [Synth 8-7129] Port s_axis_desc_imm[21] in module dma_if_desc_mux__parameterized0 is either unconnected or has no load
WARNING: [Synth 8-7129] Port s_axis_desc_imm[20] in module dma_if_desc_mux__parameterized0 is either unconnected or has no load
WARNING: [Synth 8-7129] Port s_axis_desc_imm[19] in module dma_if_desc_mux__parameterized0 is either unconnected or has no load
WARNING: [Synth 8-7129] Port s_axis_desc_imm[18] in module dma_if_desc_mux__parameterized0 is either unconnected or has no load
WARNING: [Synth 8-7129] Port s_axis_desc_imm[17] in module dma_if_desc_mux__parameterized0 is either unconnected or has no load
WARNING: [Synth 8-7129] Port s_axis_desc_imm[16] in module dma_if_desc_mux__parameterized0 is either unconnected or has no load
WARNING: [Synth 8-7129] Port s_axis_desc_imm[15] in module dma_if_desc_mux__parameterized0 is either unconnected or has no load
WARNING: [Synth 8-7129] Port s_axis_desc_imm[14] in module dma_if_desc_mux__parameterized0 is either unconnected or has no load
WARNING: [Synth 8-7129] Port s_axis_desc_imm[13] in module dma_if_desc_mux__parameterized0 is either unconnected or has no load
WARNING: [Synth 8-7129] Port s_axis_desc_imm[12] in module dma_if_desc_mux__parameterized0 is either unconnected or has no load
WARNING: [Synth 8-7129] Port s_axis_desc_imm[11] in module dma_if_desc_mux__parameterized0 is either unconnected or has no load
WARNING: [Synth 8-7129] Port s_axis_desc_imm[10] in module dma_if_desc_mux__parameterized0 is either unconnected or has no load
WARNING: [Synth 8-7129] Port s_axis_desc_imm[9] in module dma_if_desc_mux__parameterized0 is either unconnected or has no load
WARNING: [Synth 8-7129] Port s_axis_desc_imm[8] in module dma_if_desc_mux__parameterized0 is either unconnected or has no load
WARNING: [Synth 8-7129] Port s_axis_desc_imm[7] in module dma_if_desc_mux__parameterized0 is either unconnected or has no load
WARNING: [Synth 8-7129] Port s_axis_desc_imm[6] in module dma_if_desc_mux__parameterized0 is either unconnected or has no load
WARNING: [Synth 8-7129] Port s_axis_desc_imm[5] in module dma_if_desc_mux__parameterized0 is either unconnected or has no load
WARNING: [Synth 8-7129] Port s_axis_desc_imm[4] in module dma_if_desc_mux__parameterized0 is either unconnected or has no load
WARNING: [Synth 8-7129] Port s_axis_desc_imm[3] in module dma_if_desc_mux__parameterized0 is either unconnected or has no load
WARNING: [Synth 8-7129] Port s_axis_desc_imm[2] in module dma_if_desc_mux__parameterized0 is either unconnected or has no load
WARNING: [Synth 8-7129] Port s_axis_desc_imm[1] in module dma_if_desc_mux__parameterized0 is either unconnected or has no load
WARNING: [Synth 8-7129] Port s_axis_desc_imm[0] in module dma_if_desc_mux__parameterized0 is either unconnected or has no load
WARNING: [Synth 8-7129] Port s_axis_desc_imm_en[1] in module dma_if_desc_mux__parameterized0 is either unconnected or has no load
WARNING: [Synth 8-7129] Port s_axis_desc_imm_en[0] in module dma_if_desc_mux__parameterized0 is either unconnected or has no load
WARNING: [Synth 8-7129] Port s_axil_aprot[2] in module axil_crossbar_addr__parameterized4 is either unconnected or has no load
WARNING: [Synth 8-7129] Port s_axil_aprot[1] in module axil_crossbar_addr__parameterized4 is either unconnected or has no load
WARNING: [Synth 8-7129] Port s_axil_aprot[0] in module axil_crossbar_addr__parameterized4 is either unconnected or has no load
WARNING: [Synth 8-7129] Port s_axil_aprot[2] in module axil_crossbar_addr__parameterized3 is either unconnected or has no load
WARNING: [Synth 8-7129] Port s_axil_aprot[1] in module axil_crossbar_addr__parameterized3 is either unconnected or has no load
WARNING: [Synth 8-7129] Port s_axil_aprot[0] in module axil_crossbar_addr__parameterized3 is either unconnected or has no load
WARNING: [Synth 8-7129] Port s_axil_aprot[2] in module axil_crossbar_addr__parameterized2 is either unconnected or has no load
WARNING: [Synth 8-7129] Port s_axil_aprot[1] in module axil_crossbar_addr__parameterized2 is either unconnected or has no load
WARNING: [Synth 8-7129] Port s_axil_aprot[0] in module axil_crossbar_addr__parameterized2 is either unconnected or has no load
WARNING: [Synth 8-7129] Port s_axil_aprot[2] in module axil_crossbar_addr__parameterized1 is either unconnected or has no load
WARNING: [Synth 8-7129] Port s_axil_aprot[1] in module axil_crossbar_addr__parameterized1 is either unconnected or has no load
WARNING: [Synth 8-7129] Port s_axil_aprot[0] in module axil_crossbar_addr__parameterized1 is either unconnected or has no load
WARNING: [Synth 8-7129] Port reg_wr_addr[23] in module mqnic_rb_clk_info is either unconnected or has no load
WARNING: [Synth 8-7129] Port reg_wr_addr[22] in module mqnic_rb_clk_info is either unconnected or has no load
WARNING: [Synth 8-7129] Port reg_wr_addr[21] in module mqnic_rb_clk_info is either unconnected or has no load
WARNING: [Synth 8-7129] Port reg_wr_addr[20] in module mqnic_rb_clk_info is either unconnected or has no load
WARNING: [Synth 8-7129] Port reg_wr_addr[19] in module mqnic_rb_clk_info is either unconnected or has no load
WARNING: [Synth 8-7129] Port reg_wr_addr[18] in module mqnic_rb_clk_info is either unconnected or has no load
WARNING: [Synth 8-7129] Port reg_wr_addr[17] in module mqnic_rb_clk_info is either unconnected or has no load
WARNING: [Synth 8-7129] Port reg_wr_addr[16] in module mqnic_rb_clk_info is either unconnected or has no load
WARNING: [Synth 8-7129] Port reg_wr_addr[15] in module mqnic_rb_clk_info is either unconnected or has no load
WARNING: [Synth 8-7129] Port reg_wr_addr[14] in module mqnic_rb_clk_info is either unconnected or has no load
WARNING: [Synth 8-7129] Port reg_wr_addr[13] in module mqnic_rb_clk_info is either unconnected or has no load
WARNING: [Synth 8-7129] Port reg_wr_addr[12] in module mqnic_rb_clk_info is either unconnected or has no load
WARNING: [Synth 8-7129] Port reg_wr_addr[11] in module mqnic_rb_clk_info is either unconnected or has no load
WARNING: [Synth 8-7129] Port reg_wr_addr[10] in module mqnic_rb_clk_info is either unconnected or has no load
WARNING: [Synth 8-7129] Port reg_wr_addr[9] in module mqnic_rb_clk_info is either unconnected or has no load
WARNING: [Synth 8-7129] Port reg_wr_addr[8] in module mqnic_rb_clk_info is either unconnected or has no load
WARNING: [Synth 8-7129] Port reg_wr_addr[7] in module mqnic_rb_clk_info is either unconnected or has no load
WARNING: [Synth 8-7129] Port reg_wr_addr[6] in module mqnic_rb_clk_info is either unconnected or has no load
WARNING: [Synth 8-7129] Port reg_wr_addr[5] in module mqnic_rb_clk_info is either unconnected or has no load
WARNING: [Synth 8-7129] Port reg_wr_addr[4] in module mqnic_rb_clk_info is either unconnected or has no load
WARNING: [Synth 8-7129] Port reg_wr_addr[3] in module mqnic_rb_clk_info is either unconnected or has no load
WARNING: [Synth 8-7129] Port reg_wr_addr[2] in module mqnic_rb_clk_info is either unconnected or has no load
INFO: [Common 17-14] Message 'Synth 8-7129' appears 100 times and further instances of the messages will be disabled. Use the Tcl command set_msg_config to change the current settings.
---------------------------------------------------------------------------------
Finished RTL Elaboration : Time (s): cpu = 00:00:19 ; elapsed = 00:00:19 . Memory (MB): peak = 2653.516 ; gain = 898.734
---------------------------------------------------------------------------------
---------------------------------------------------------------------------------
Start Handling Custom Attributes
---------------------------------------------------------------------------------
---------------------------------------------------------------------------------
Finished Handling Custom Attributes : Time (s): cpu = 00:00:19 ; elapsed = 00:00:20 . Memory (MB): peak = 2669.867 ; gain = 915.086
---------------------------------------------------------------------------------
---------------------------------------------------------------------------------
Finished RTL Optimization Phase 1 : Time (s): cpu = 00:00:19 ; elapsed = 00:00:20 . Memory (MB): peak = 2669.867 ; gain = 915.086
---------------------------------------------------------------------------------
Netlist sorting complete. Time (s): cpu = 00:00:01 ; elapsed = 00:00:01 . Memory (MB): peak = 2694.129 ; gain = 0.000
INFO: [Netlist 29-17] Analyzing 7 Unisim elements for replacement
INFO: [Netlist 29-28] Unisim Transformation completed in 0 CPU seconds
INFO: [Project 1-570] Preparing netlist for logic optimization

Processing XDC Constraints
Initializing timing engine
Parsing XDC File [d:/FPGA/mqnic_prj/mqnic_prj.gen/sources_1/ip/gig_ethernet_pcs_pma_0/gig_ethernet_pcs_pma_0/gig_ethernet_pcs_pma_0_in_context.xdc] for cell 'gig_ethernet_pcs_pma_0'
Finished Parsing XDC File [d:/FPGA/mqnic_prj/mqnic_prj.gen/sources_1/ip/gig_ethernet_pcs_pma_0/gig_ethernet_pcs_pma_0/gig_ethernet_pcs_pma_0_in_context.xdc] for cell 'gig_ethernet_pcs_pma_0'
Parsing XDC File [d:/FPGA/mqnic_prj/mqnic_prj.gen/sources_1/ip/pcie4_uscale_plus_0/pcie4_uscale_plus_0/pcie4_uscale_plus_0_in_context.xdc] for cell 'pcie4_uscale_plus_inst'
Finished Parsing XDC File [d:/FPGA/mqnic_prj/mqnic_prj.gen/sources_1/ip/pcie4_uscale_plus_0/pcie4_uscale_plus_0/pcie4_uscale_plus_0_in_context.xdc] for cell 'pcie4_uscale_plus_inst'
Parsing XDC File [d:/FPGA/mqnic_prj/mqnic_prj.gen/sources_1/ip/ila_0/ila_0/ila_0_in_context.xdc] for cell 'u_ila_0'
Finished Parsing XDC File [d:/FPGA/mqnic_prj/mqnic_prj.gen/sources_1/ip/ila_0/ila_0/ila_0_in_context.xdc] for cell 'u_ila_0'
Parsing XDC File [D:/FPGA/mqnic_prj/mqnic_prj.srcs/constrs_1/imports/fpga/mqnic/ZCU106/fpga_pcie/fpga.xdc]
INFO: [Constraints 18-632] set_output_delay: No clock object specified, the clocks will be automatically identified [D:/FPGA/mqnic_prj/mqnic_prj.srcs/constrs_1/imports/fpga/mqnic/ZCU106/fpga_pcie/fpga.xdc:29]
INFO: [Constraints 18-632] set_input_delay: No clock object specified, the clocks will be automatically identified [D:/FPGA/mqnic_prj/mqnic_prj.srcs/constrs_1/imports/fpga/mqnic/ZCU106/fpga_pcie/fpga.xdc:45]
INFO: [Constraints 18-632] set_input_delay: No clock object specified, the clocks will be automatically identified [D:/FPGA/mqnic_prj/mqnic_prj.srcs/constrs_1/imports/fpga/mqnic/ZCU106/fpga_pcie/fpga.xdc:58]
INFO: [Constraints 18-632] set_output_delay: No clock object specified, the clocks will be automatically identified [D:/FPGA/mqnic_prj/mqnic_prj.srcs/constrs_1/imports/fpga/mqnic/ZCU106/fpga_pcie/fpga.xdc:78]
INFO: [Constraints 18-632] set_input_delay: No clock object specified, the clocks will be automatically identified [D:/FPGA/mqnic_prj/mqnic_prj.srcs/constrs_1/imports/fpga/mqnic/ZCU106/fpga_pcie/fpga.xdc:80]
INFO: [Constraints 18-632] set_output_delay: No clock object specified, the clocks will be automatically identified [D:/FPGA/mqnic_prj/mqnic_prj.srcs/constrs_1/imports/fpga/mqnic/ZCU106/fpga_pcie/fpga.xdc:104]
INFO: [Constraints 18-632] set_input_delay: No clock object specified, the clocks will be automatically identified [D:/FPGA/mqnic_prj/mqnic_prj.srcs/constrs_1/imports/fpga/mqnic/ZCU106/fpga_pcie/fpga.xdc:131]
Finished Parsing XDC File [D:/FPGA/mqnic_prj/mqnic_prj.srcs/constrs_1/imports/fpga/mqnic/ZCU106/fpga_pcie/fpga.xdc]
INFO: [Project 1-236] Implementation specific constraints were found while reading constraint file [D:/FPGA/mqnic_prj/mqnic_prj.srcs/constrs_1/imports/fpga/mqnic/ZCU106/fpga_pcie/fpga.xdc]. These constraints will be ignored for synthesis but will be used in implementation. Impacted constraints are listed in the file [.Xil/fpga_propImpl.xdc].
Resolution: To avoid this warning, move constraints listed in [.Xil/fpga_propImpl.xdc] to another XDC file and exclude this new file from synthesis with the used_in_synthesis property (File Properties dialog in GUI) and re-run elaboration/synthesis.
Sourcing Tcl File [D:/FPGA/mqnic_prj/mqnic_prj.srcs/constrs_1/imports/fpga/mqnic/ZCU106/fpga_pcie/lib/axis/syn/vivado/axis_async_fifo.tcl]
Inserting timing constraints for axis_async_fifo instance core_inst/core_inst/core_pcie_inst/core_inst/iface[0].interface_inst/port[0].port_inst/port_rx_inst/rx_async_fifo_inst/fifo_inst
INFO: [Timing 38-2] Deriving generated clocks [D:/FPGA/mqnic_prj/mqnic_prj.srcs/constrs_1/imports/fpga/mqnic/ZCU106/fpga_pcie/lib/axis/syn/vivado/axis_async_fifo.tcl:23]
Inserting timing constraints for axis_async_fifo instance core_inst/core_inst/core_pcie_inst/core_inst/iface[0].interface_inst/port[0].port_inst/port_tx_inst/tx_cpl_fifo_inst
Inserting timing constraints for axis_async_fifo instance core_inst/core_inst/core_pcie_inst/core_inst/iface[0].interface_inst/port[0].port_inst/port_tx_inst/tx_async_fifo_inst/fifo_inst
Inserting timing constraints for axis_async_fifo instance core_inst/eth_mac_inst/rx_fifo/fifo_inst
Inserting timing constraints for axis_async_fifo instance core_inst/eth_mac_inst/tx_fifo/fifo_inst
Finished Sourcing Tcl File [D:/FPGA/mqnic_prj/mqnic_prj.srcs/constrs_1/imports/fpga/mqnic/ZCU106/fpga_pcie/lib/axis/syn/vivado/axis_async_fifo.tcl]
INFO: [Project 1-236] Implementation specific constraints were found while reading constraint file [D:/FPGA/mqnic_prj/mqnic_prj.srcs/constrs_1/imports/fpga/mqnic/ZCU106/fpga_pcie/lib/axis/syn/vivado/axis_async_fifo.tcl]. These constraints will be ignored for synthesis but will be used in implementation. Impacted constraints are listed in the file [.Xil/fpga_propImpl.xdc].
Resolution: To avoid this warning, move constraints listed in [.Xil/fpga_propImpl.xdc] to another XDC file and exclude this new file from synthesis with the used_in_synthesis property (File Properties dialog in GUI) and re-run elaboration/synthesis.
Sourcing Tcl File [D:/FPGA/mqnic_prj/mqnic_prj.srcs/constrs_1/imports/fpga/mqnic/ZCU106/fpga_pcie/lib/axis/syn/vivado/sync_reset.tcl]
Inserting timing constraints for sync_reset instance sfp_sync_reset_inst
Inserting timing constraints for sync_reset instance sync_reset_125mhz_inst
Inserting timing constraints for sync_reset instance sync_reset_50mhz_inst
Inserting timing constraints for sync_reset instance sync_reset_phy_inst
Finished Sourcing Tcl File [D:/FPGA/mqnic_prj/mqnic_prj.srcs/constrs_1/imports/fpga/mqnic/ZCU106/fpga_pcie/lib/axis/syn/vivado/sync_reset.tcl]
INFO: [Project 1-236] Implementation specific constraints were found while reading constraint file [D:/FPGA/mqnic_prj/mqnic_prj.srcs/constrs_1/imports/fpga/mqnic/ZCU106/fpga_pcie/lib/axis/syn/vivado/sync_reset.tcl]. These constraints will be ignored for synthesis but will be used in implementation. Impacted constraints are listed in the file [.Xil/fpga_propImpl.xdc].
Resolution: To avoid this warning, move constraints listed in [.Xil/fpga_propImpl.xdc] to another XDC file and exclude this new file from synthesis with the used_in_synthesis property (File Properties dialog in GUI) and re-run elaboration/synthesis.
Sourcing Tcl File [D:/FPGA/mqnic_prj/mqnic_prj.srcs/constrs_1/imports/fpga/mqnic/ZCU106/fpga_pcie/lib/eth/syn/vivado/ptp_td_leaf.tcl]
Inserting timing constraints for ptp_td_leaf instance core_inst/core_inst/core_pcie_inst/core_inst/iface[0].port[0].ptp.rx_ptp_td_leaf_inst
Inserting timing constraints for ptp_td_leaf instance core_inst/core_inst/core_pcie_inst/core_inst/iface[0].port[0].ptp.tx_ptp_td_leaf_inst
Inserting timing constraints for ptp_td_leaf instance core_inst/core_inst/core_pcie_inst/core_inst/mqnic_ptp_inst/ptp_clock_inst/ptp_td_leaf_inst
Finished Sourcing Tcl File [D:/FPGA/mqnic_prj/mqnic_prj.srcs/constrs_1/imports/fpga/mqnic/ZCU106/fpga_pcie/lib/eth/syn/vivado/ptp_td_leaf.tcl]
INFO: [Project 1-236] Implementation specific constraints were found while reading constraint file [D:/FPGA/mqnic_prj/mqnic_prj.srcs/constrs_1/imports/fpga/mqnic/ZCU106/fpga_pcie/lib/eth/syn/vivado/ptp_td_leaf.tcl]. These constraints will be ignored for synthesis but will be used in implementation. Impacted constraints are listed in the file [.Xil/fpga_propImpl.xdc].
Resolution: To avoid this warning, move constraints listed in [.Xil/fpga_propImpl.xdc] to another XDC file and exclude this new file from synthesis with the used_in_synthesis property (File Properties dialog in GUI) and re-run elaboration/synthesis.
Sourcing Tcl File [D:/FPGA/mqnic_prj/mqnic_prj.srcs/constrs_1/imports/fpga/common/syn/vivado/mqnic_port.tcl]
Inserting timing constraints for mqnic_port instance core_inst/core_inst/core_pcie_inst/core_inst/iface[0].interface_inst/port[0].port_inst
WARNING: [Vivado 12-180] No cells matched 'tx_fc_quanta_step_sync_1_reg_reg[*]'. [D:/FPGA/mqnic_prj/mqnic_prj.srcs/constrs_1/imports/fpga/common/syn/vivado/mqnic_port.tcl:6]
WARNING: [Vivado 12-180] No cells matched 'tx_fc_quanta_step_sync_2_reg_reg[*]'. [D:/FPGA/mqnic_prj/mqnic_prj.srcs/constrs_1/imports/fpga/common/syn/vivado/mqnic_port.tcl:6]
WARNING: [Vivado 12-180] No cells matched 'rx_fc_quanta_step_sync_1_reg_reg[*]'. [D:/FPGA/mqnic_prj/mqnic_prj.srcs/constrs_1/imports/fpga/common/syn/vivado/mqnic_port.tcl:6]
WARNING: [Vivado 12-180] No cells matched 'rx_fc_quanta_step_sync_2_reg_reg[*]'. [D:/FPGA/mqnic_prj/mqnic_prj.srcs/constrs_1/imports/fpga/common/syn/vivado/mqnic_port.tcl:6]
Finished Sourcing Tcl File [D:/FPGA/mqnic_prj/mqnic_prj.srcs/constrs_1/imports/fpga/common/syn/vivado/mqnic_port.tcl]
INFO: [Project 1-236] Implementation specific constraints were found while reading constraint file [D:/FPGA/mqnic_prj/mqnic_prj.srcs/constrs_1/imports/fpga/common/syn/vivado/mqnic_port.tcl]. These constraints will be ignored for synthesis but will be used in implementation. Impacted constraints are listed in the file [.Xil/fpga_propImpl.xdc].
Resolution: To avoid this warning, move constraints listed in [.Xil/fpga_propImpl.xdc] to another XDC file and exclude this new file from synthesis with the used_in_synthesis property (File Properties dialog in GUI) and re-run elaboration/synthesis.
Sourcing Tcl File [D:/FPGA/mqnic_prj/mqnic_prj.srcs/constrs_1/imports/fpga/common/syn/vivado/mqnic_ptp_clock.tcl]
Inserting timing constraints for mqnic_ptp_clock instance core_inst/core_inst/core_pcie_inst/core_inst/mqnic_ptp_inst/ptp_clock_inst
Finished Sourcing Tcl File [D:/FPGA/mqnic_prj/mqnic_prj.srcs/constrs_1/imports/fpga/common/syn/vivado/mqnic_ptp_clock.tcl]
INFO: [Project 1-236] Implementation specific constraints were found while reading constraint file [D:/FPGA/mqnic_prj/mqnic_prj.srcs/constrs_1/imports/fpga/common/syn/vivado/mqnic_ptp_clock.tcl]. These constraints will be ignored for synthesis but will be used in implementation. Impacted constraints are listed in the file [.Xil/fpga_propImpl.xdc].
Resolution: To avoid this warning, move constraints listed in [.Xil/fpga_propImpl.xdc] to another XDC file and exclude this new file from synthesis with the used_in_synthesis property (File Properties dialog in GUI) and re-run elaboration/synthesis.
Sourcing Tcl File [D:/FPGA/mqnic_prj/mqnic_prj.srcs/constrs_1/imports/fpga/common/syn/vivado/mqnic_rb_clk_info.tcl]
Inserting timing constraints for mqnic_rb_clk_info instance core_inst/core_inst/core_pcie_inst/core_inst/mqnic_rb_clk_info_inst
Finished Sourcing Tcl File [D:/FPGA/mqnic_prj/mqnic_prj.srcs/constrs_1/imports/fpga/common/syn/vivado/mqnic_rb_clk_info.tcl]
INFO: [Project 1-236] Implementation specific constraints were found while reading constraint file [D:/FPGA/mqnic_prj/mqnic_prj.srcs/constrs_1/imports/fpga/common/syn/vivado/mqnic_rb_clk_info.tcl]. These constraints will be ignored for synthesis but will be used in implementation. Impacted constraints are listed in the file [.Xil/fpga_propImpl.xdc].
Resolution: To avoid this warning, move constraints listed in [.Xil/fpga_propImpl.xdc] to another XDC file and exclude this new file from synthesis with the used_in_synthesis property (File Properties dialog in GUI) and re-run elaboration/synthesis.
Sourcing Tcl File [D:/FPGA/mqnic_prj/mqnic_prj.srcs/constrs_1/imports/fpga/common/syn/vivado/rb_drp.tcl]
WARNING: [Vivado 12-180] No cells matched 'get_cells -hier -filter {(ORIG_REF_NAME == rb_drp || REF_NAME == rb_drp)}'. [D:/FPGA/mqnic_prj/mqnic_prj.srcs/constrs_1/imports/fpga/common/syn/vivado/rb_drp.tcl:6]
Finished Sourcing Tcl File [D:/FPGA/mqnic_prj/mqnic_prj.srcs/constrs_1/imports/fpga/common/syn/vivado/rb_drp.tcl]
INFO: [Project 1-236] Implementation specific constraints were found while reading constraint file [D:/FPGA/mqnic_prj/mqnic_prj.srcs/constrs_1/imports/fpga/common/syn/vivado/rb_drp.tcl]. These constraints will be ignored for synthesis but will be used in implementation. Impacted constraints are listed in the file [.Xil/fpga_propImpl.xdc].
Resolution: To avoid this warning, move constraints listed in [.Xil/fpga_propImpl.xdc] to another XDC file and exclude this new file from synthesis with the used_in_synthesis property (File Properties dialog in GUI) and re-run elaboration/synthesis.
Sourcing Tcl File [D:/FPGA/mqnic_prj/mqnic_prj.srcs/constrs_1/imports/fpga/common/syn/vivado/eth_xcvr_phy_10g_gty_wrapper.tcl]
WARNING: [Vivado 12-180] No cells matched 'get_cells -hier -filter {(ORIG_REF_NAME == eth_xcvr_phy_10g_gty_wrapper || REF_NAME == eth_xcvr_phy_10g_gty_wrapper)}'. [D:/FPGA/mqnic_prj/mqnic_prj.srcs/constrs_1/imports/fpga/common/syn/vivado/eth_xcvr_phy_10g_gty_wrapper.tcl:6]
Finished Sourcing Tcl File [D:/FPGA/mqnic_prj/mqnic_prj.srcs/constrs_1/imports/fpga/common/syn/vivado/eth_xcvr_phy_10g_gty_wrapper.tcl]
INFO: [Project 1-236] Implementation specific constraints were found while reading constraint file [D:/FPGA/mqnic_prj/mqnic_prj.srcs/constrs_1/imports/fpga/common/syn/vivado/eth_xcvr_phy_10g_gty_wrapper.tcl]. These constraints will be ignored for synthesis but will be used in implementation. Impacted constraints are listed in the file [.Xil/fpga_propImpl.xdc].
Resolution: To avoid this warning, move constraints listed in [.Xil/fpga_propImpl.xdc] to another XDC file and exclude this new file from synthesis with the used_in_synthesis property (File Properties dialog in GUI) and re-run elaboration/synthesis.
Sourcing Tcl File [D:/FPGA/mqnic_prj/mqnic_prj.srcs/constrs_1/imports/fpga/common/syn/vivado/tdma_ber_ch.tcl]
WARNING: [Vivado 12-180] No cells matched 'get_cells -hier -filter {(ORIG_REF_NAME == tdma_ber_ch || REF_NAME == tdma_ber_ch)}'. [D:/FPGA/mqnic_prj/mqnic_prj.srcs/constrs_1/imports/fpga/common/syn/vivado/tdma_ber_ch.tcl:6]
Finished Sourcing Tcl File [D:/FPGA/mqnic_prj/mqnic_prj.srcs/constrs_1/imports/fpga/common/syn/vivado/tdma_ber_ch.tcl]
INFO: [Project 1-236] Implementation specific constraints were found while reading constraint file [D:/FPGA/mqnic_prj/mqnic_prj.srcs/constrs_1/imports/fpga/common/syn/vivado/tdma_ber_ch.tcl]. These constraints will be ignored for synthesis but will be used in implementation. Impacted constraints are listed in the file [.Xil/fpga_propImpl.xdc].
Resolution: To avoid this warning, move constraints listed in [.Xil/fpga_propImpl.xdc] to another XDC file and exclude this new file from synthesis with the used_in_synthesis property (File Properties dialog in GUI) and re-run elaboration/synthesis.
Completed Processing XDC Constraints

Netlist sorting complete. Time (s): cpu = 00:00:00 ; elapsed = 00:00:00.016 . Memory (MB): peak = 3328.461 ; gain = 0.000
INFO: [Project 1-111] Unisim Transformation Summary:
  A total of 7 instances were transformed.
  BUFG => BUFGCE: 4 instances
  IBUFGDS => IBUFDS (DIFFINBUF, IBUFCTRL): 1 instance 
  MMCME3_BASE => MMCME4_ADV: 1 instance 
  OBUFTDS => OBUFTDS_DUAL_BUF (INV, OBUFT(x2)): 1 instance 

系统找不到指定的路径。
Constraint Validation Runtime : Time (s): cpu = 00:00:00 ; elapsed = 00:00:00.194 . Memory (MB): peak = 3328.461 ; gain = 0.000
WARNING: [Timing 38-316] Clock period '10.000' specified during out-of-context synthesis of instance 'u_ila_0' at clock pin 'clk' is different from the actual clock period '8.000', this can lead to different synthesis results.
---------------------------------------------------------------------------------
Finished Constraint Validation : Time (s): cpu = 00:00:47 ; elapsed = 00:00:47 . Memory (MB): peak = 3328.461 ; gain = 1573.680
---------------------------------------------------------------------------------
---------------------------------------------------------------------------------
Start Loading Part and Timing Information
---------------------------------------------------------------------------------
Loading part: xczu7ev-ffvc1156-2-e
INFO: [Synth 8-6742] Reading net delay rules and data
INFO: [Synth 8-802] inferred FSM for state register 'state_reg_reg' in module 'axil_crossbar_addr__parameterized0'
INFO: [Synth 8-802] inferred FSM for state register 'state_reg_reg' in module 'ptp_perout'
INFO: [Synth 8-802] inferred FSM for state register 'update_state_reg_reg' in module 'ptp_td_phc'
INFO: [Synth 8-802] inferred FSM for state register 'td_msg_i_reg_reg' in module 'ptp_td_phc'
INFO: [Synth 8-802] inferred FSM for state register 'state_reg_reg' in module 'axil_crossbar_addr__parameterized1'
INFO: [Synth 8-802] inferred FSM for state register 'state_reg_reg' in module 'axil_crossbar_addr__parameterized2'
INFO: [Synth 8-802] inferred FSM for state register 'state_reg_reg' in module 'axil_crossbar_addr__parameterized3'
INFO: [Synth 8-802] inferred FSM for state register 'state_reg_reg' in module 'axil_crossbar_addr__parameterized4'
---------------------------------------------------------------------------------------------------
                   State |                     New Encoding |                Previous Encoding 
---------------------------------------------------------------------------------------------------
              STATE_IDLE |                              001 |                              000
           STATE_PAYLOAD |                              010 |                              001
         STATE_WAIT_LAST |                              100 |                              010
---------------------------------------------------------------------------------------------------
INFO: [Synth 8-3354] encoded FSM with state register 'state_reg_reg' using encoding 'one-hot' in module 'axis_gmii_rx'
---------------------------------------------------------------------------------------------------
                   State |                     New Encoding |                Previous Encoding 
---------------------------------------------------------------------------------------------------
              STATE_IDLE |                              000 |                              000
          STATE_PREAMBLE |                              001 |                              001
           STATE_PAYLOAD |                              010 |                              010
              STATE_LAST |                              011 |                              011
               STATE_PAD |                              100 |                              100
               STATE_FCS |                              101 |                              101
               STATE_IFG |                              110 |                              110
---------------------------------------------------------------------------------------------------
INFO: [Synth 8-3354] encoded FSM with state register 'state_reg_reg' using encoding 'sequential' in module 'axis_gmii_tx'
INFO: [Synth 8-5555] Implemented Block Ram Cascade chain of height 4 and width 36 for RAM "axis_async_fifo:/mem_reg"
INFO: [Synth 8-5555] Implemented Block Ram Cascade chain of height 4 and width 36 for RAM "axis_async_fifo:/mem_reg"
INFO: [Synth 8-7030] Implemented Non-Cascaded Block Ram (cascade_height = 1) of width 2 for RAM "axis_async_fifo:/mem_reg"
INFO: [Synth 8-5555] Implemented Block Ram Cascade chain of height 8 and width 36 for RAM "axis_async_fifo__parameterized0:/mem_reg"
INFO: [Synth 8-5555] Implemented Block Ram Cascade chain of height 8 and width 36 for RAM "axis_async_fifo__parameterized0:/mem_reg"
INFO: [Synth 8-7030] Implemented Non-Cascaded Block Ram (cascade_height = 1) of width 2 for RAM "axis_async_fifo__parameterized0:/mem_reg"
INFO: [Synth 8-3971] The signal "pcie_msix:/tbl_mem_reg" was recognized as a true dual port RAM template.
---------------------------------------------------------------------------------------------------
                   State |                     New Encoding |                Previous Encoding 
---------------------------------------------------------------------------------------------------
              STATE_IDLE |                               00 |                               00
        STATE_READ_TBL_1 |                               01 |                               01
        STATE_READ_TBL_2 |                               10 |                               10
          STATE_SEND_TLP |                               11 |                               11
---------------------------------------------------------------------------------------------------
INFO: [Synth 8-3354] encoded FSM with state register 'state_reg_reg' using encoding 'sequential' in module 'pcie_msix'
INFO: [Synth 8-6904] The RAM "axis_fifo:/mem_reg" of size (depth=256 x width=13) is automatically implemented using LUTRAM. BRAM implementation would be inefficient 
INFO: [Synth 8-5555] Implemented Block Ram Cascade chain of height 2 and width 9 for RAM "axis_fifo__parameterized0:/mem_reg"
INFO: [Synth 8-7030] Implemented Non-Cascaded Block Ram (cascade_height = 1) of width 4 for RAM "axis_fifo__parameterized0:/mem_reg"
INFO: [Synth 8-6793] RAM ("tx_scheduler_rr:/queue_ram_reg") is implemented using BRAM instead of URAM due to insufficient pipeline registers. Available pipeline stages = 0, Minimum required pipeline stages = 1 
INFO: [Synth 8-6793] RAM ("tx_scheduler_rr:/queue_ram_reg") is implemented using BRAM instead of URAM due to insufficient pipeline registers. Available pipeline stages = 0, Minimum required pipeline stages = 1 
WARNING: [Synth 8-6841] Block RAM (queue_ram_reg) originally specified as a Byte Wide Write Enable RAM cannot take advantage of ByteWide feature and is implemented with single write enable per RAM due to following reason.
(address width (13) is more than optimal threshold of 12. Implementing using BWWE will require more logic and timing would be suboptimal. Please use attribute ram_decomp = power if BWWE is desired.)
INFO: [Synth 8-6793] RAM ("tx_scheduler_rr:/queue_ram_reg") is implemented using BRAM instead of URAM due to insufficient pipeline registers. Available pipeline stages = 0, Minimum required pipeline stages = 1 
INFO: [Synth 8-5555] Implemented Block Ram Cascade chain of height 2 and width 8 for RAM "tx_scheduler_rr:/queue_ram_reg"
INFO: [Synth 8-6793] RAM ("tx_scheduler_rr:/queue_ram_reg") is implemented using BRAM instead of URAM due to insufficient pipeline registers. Available pipeline stages = 0, Minimum required pipeline stages = 1 
INFO: [Synth 8-5555] Implemented Block Ram Cascade chain of height 2 and width 8 for RAM "tx_scheduler_rr:/queue_ram_reg"
INFO: [Synth 8-6904] The RAM "axis_async_fifo__parameterized1:/mem_reg" of size (depth=32 x width=112) is automatically implemented using LUTRAM. BRAM implementation would be inefficient 
INFO: [Synth 8-6904] The RAM "axis_async_fifo__parameterized2:/mem_reg" of size (depth=32 x width=90) is automatically implemented using LUTRAM. BRAM implementation would be inefficient 
INFO: [Synth 8-6904] The RAM "axis_async_fifo__parameterized3:/mem_reg" of size (depth=32 x width=170) is automatically implemented using LUTRAM. BRAM implementation would be inefficient 
INFO: [Synth 8-6904] The RAM "axis_fifo__parameterized1:/mem_reg" of size (depth=128 x width=6) is automatically implemented using LUTRAM. BRAM implementation would be inefficient 
---------------------------------------------------------------------------------------------------
                   State |                     New Encoding |                Previous Encoding 
---------------------------------------------------------------------------------------------------
              STATE_IDLE |                                0 |                              000
            STATE_DECODE |                                1 |                              001
---------------------------------------------------------------------------------------------------
INFO: [Synth 8-3354] encoded FSM with state register 'state_reg_reg' using encoding 'sequential' in module 'axil_crossbar_addr'
---------------------------------------------------------------------------------------------------
                   State |                     New Encoding |                Previous Encoding 
---------------------------------------------------------------------------------------------------
              STATE_IDLE |                                0 |                              000
            STATE_DECODE |                                1 |                              001
---------------------------------------------------------------------------------------------------
INFO: [Synth 8-3354] encoded FSM with state register 'state_reg_reg' using encoding 'sequential' in module 'axil_crossbar_addr__parameterized0'
INFO: [Synth 8-7030] Implemented Non-Cascaded Block Ram (cascade_height = 1) of width 22 for RAM "axis_fifo__parameterized2:/mem_reg"
INFO: [Synth 8-6793] RAM ("cpl_queue_manager__parameterized0:/queue_ram_reg") is implemented using BRAM instead of URAM due to insufficient pipeline registers. Available pipeline stages = 0, Minimum required pipeline stages = 2 
INFO: [Synth 8-6793] RAM ("cpl_queue_manager__parameterized0:/queue_ram_reg") is implemented using BRAM instead of URAM due to insufficient pipeline registers. Available pipeline stages = 0, Minimum required pipeline stages = 2 
WARNING: [Synth 8-6841] Block RAM (queue_ram_reg) originally specified as a Byte Wide Write Enable RAM cannot take advantage of ByteWide feature and is implemented with single write enable per RAM due to following reason.
(address width (14) is more than optimal threshold of 12. Implementing using BWWE will require more logic and timing would be suboptimal. Please use attribute ram_decomp = power if BWWE is desired.)
INFO: [Synth 8-6793] RAM ("cpl_queue_manager__parameterized0:/queue_ram_reg") is implemented using BRAM instead of URAM due to insufficient pipeline registers. Available pipeline stages = 0, Minimum required pipeline stages = 2 
INFO: [Synth 8-5555] Implemented Block Ram Cascade chain of height 4 and width 8 for RAM "cpl_queue_manager__parameterized0:/queue_ram_reg"
INFO: [Synth 8-6793] RAM ("cpl_queue_manager__parameterized0:/queue_ram_reg") is implemented using BRAM instead of URAM due to insufficient pipeline registers. Available pipeline stages = 0, Minimum required pipeline stages = 2 
INFO: [Synth 8-5555] Implemented Block Ram Cascade chain of height 4 and width 8 for RAM "cpl_queue_manager__parameterized0:/queue_ram_reg"
INFO: [Synth 8-6793] RAM ("cpl_queue_manager__parameterized0:/queue_ram_reg") is implemented using BRAM instead of URAM due to insufficient pipeline registers. Available pipeline stages = 0, Minimum required pipeline stages = 2 
INFO: [Synth 8-5555] Implemented Block Ram Cascade chain of height 4 and width 8 for RAM "cpl_queue_manager__parameterized0:/queue_ram_reg"
INFO: [Synth 8-6793] RAM ("cpl_queue_manager__parameterized0:/queue_ram_reg") is implemented using BRAM instead of URAM due to insufficient pipeline registers. Available pipeline stages = 0, Minimum required pipeline stages = 2 
INFO: [Synth 8-5555] Implemented Block Ram Cascade chain of height 4 and width 8 for RAM "cpl_queue_manager__parameterized0:/queue_ram_reg"
INFO: [Synth 8-6793] RAM ("cpl_queue_manager__parameterized0:/queue_ram_reg") is implemented using BRAM instead of URAM due to insufficient pipeline registers. Available pipeline stages = 0, Minimum required pipeline stages = 2 
INFO: [Synth 8-5555] Implemented Block Ram Cascade chain of height 4 and width 8 for RAM "cpl_queue_manager__parameterized0:/queue_ram_reg"
INFO: [Synth 8-6793] RAM ("cpl_queue_manager__parameterized0:/queue_ram_reg") is implemented using BRAM instead of URAM due to insufficient pipeline registers. Available pipeline stages = 0, Minimum required pipeline stages = 2 
INFO: [Synth 8-5555] Implemented Block Ram Cascade chain of height 4 and width 8 for RAM "cpl_queue_manager__parameterized0:/queue_ram_reg"
INFO: [Synth 8-6793] RAM ("cpl_queue_manager__parameterized0:/queue_ram_reg") is implemented using BRAM instead of URAM due to insufficient pipeline registers. Available pipeline stages = 0, Minimum required pipeline stages = 2 
INFO: [Synth 8-5555] Implemented Block Ram Cascade chain of height 4 and width 8 for RAM "cpl_queue_manager__parameterized0:/queue_ram_reg"
INFO: [Synth 8-6793] RAM ("cpl_queue_manager__parameterized0:/queue_ram_reg") is implemented using BRAM instead of URAM due to insufficient pipeline registers. Available pipeline stages = 0, Minimum required pipeline stages = 2 
INFO: [Synth 8-5555] Implemented Block Ram Cascade chain of height 4 and width 8 for RAM "cpl_queue_manager__parameterized0:/queue_ram_reg"
INFO: [Synth 8-6793] RAM ("cpl_queue_manager__parameterized0:/queue_ram_reg") is implemented using BRAM instead of URAM due to insufficient pipeline registers. Available pipeline stages = 0, Minimum required pipeline stages = 2 
INFO: [Synth 8-5555] Implemented Block Ram Cascade chain of height 4 and width 8 for RAM "cpl_queue_manager__parameterized0:/queue_ram_reg"
INFO: [Synth 8-6793] RAM ("cpl_queue_manager__parameterized0:/queue_ram_reg") is implemented using BRAM instead of URAM due to insufficient pipeline registers. Available pipeline stages = 0, Minimum required pipeline stages = 2 
INFO: [Synth 8-5555] Implemented Block Ram Cascade chain of height 4 and width 8 for RAM "cpl_queue_manager__parameterized0:/queue_ram_reg"
INFO: [Synth 8-6793] RAM ("cpl_queue_manager__parameterized0:/queue_ram_reg") is implemented using BRAM instead of URAM due to insufficient pipeline registers. Available pipeline stages = 0, Minimum required pipeline stages = 2 
INFO: [Synth 8-5555] Implemented Block Ram Cascade chain of height 4 and width 8 for RAM "cpl_queue_manager__parameterized0:/queue_ram_reg"
INFO: [Synth 8-6793] RAM ("cpl_queue_manager__parameterized0:/queue_ram_reg") is implemented using BRAM instead of URAM due to insufficient pipeline registers. Available pipeline stages = 0, Minimum required pipeline stages = 2 
INFO: [Synth 8-5555] Implemented Block Ram Cascade chain of height 4 and width 8 for RAM "cpl_queue_manager__parameterized0:/queue_ram_reg"
INFO: [Synth 8-6793] RAM ("cpl_queue_manager__parameterized0:/queue_ram_reg") is implemented using BRAM instead of URAM due to insufficient pipeline registers. Available pipeline stages = 0, Minimum required pipeline stages = 2 
INFO: [Synth 8-5555] Implemented Block Ram Cascade chain of height 4 and width 8 for RAM "cpl_queue_manager__parameterized0:/queue_ram_reg"
INFO: [Synth 8-6793] RAM ("cpl_queue_manager__parameterized0:/queue_ram_reg") is implemented using BRAM instead of URAM due to insufficient pipeline registers. Available pipeline stages = 0, Minimum required pipeline stages = 2 
INFO: [Synth 8-5555] Implemented Block Ram Cascade chain of height 4 and width 8 for RAM "cpl_queue_manager__parameterized0:/queue_ram_reg"
INFO: [Synth 8-6793] RAM ("cpl_queue_manager__parameterized0:/queue_ram_reg") is implemented using BRAM instead of URAM due to insufficient pipeline registers. Available pipeline stages = 0, Minimum required pipeline stages = 2 
INFO: [Synth 8-5555] Implemented Block Ram Cascade chain of height 4 and width 8 for RAM "cpl_queue_manager__parameterized0:/queue_ram_reg"
INFO: [Synth 8-6793] RAM ("cpl_queue_manager__parameterized0:/queue_ram_reg") is implemented using BRAM instead of URAM due to insufficient pipeline registers. Available pipeline stages = 0, Minimum required pipeline stages = 2 
INFO: [Synth 8-5555] Implemented Block Ram Cascade chain of height 4 and width 8 for RAM "cpl_queue_manager__parameterized0:/queue_ram_reg"
INFO: [Synth 8-6793] RAM ("queue_manager:/queue_ram_reg") is implemented using BRAM instead of URAM due to insufficient pipeline registers. Available pipeline stages = 0, Minimum required pipeline stages = 1 
INFO: [Synth 8-6793] RAM ("queue_manager:/queue_ram_reg") is implemented using BRAM instead of URAM due to insufficient pipeline registers. Available pipeline stages = 0, Minimum required pipeline stages = 1 
WARNING: [Synth 8-6841] Block RAM (queue_ram_reg) originally specified as a Byte Wide Write Enable RAM cannot take advantage of ByteWide feature and is implemented with single write enable per RAM due to following reason.
(address width (13) is more than optimal threshold of 12. Implementing using BWWE will require more logic and timing would be suboptimal. Please use attribute ram_decomp = power if BWWE is desired.)
INFO: [Synth 8-6793] RAM ("queue_manager:/queue_ram_reg") is implemented using BRAM instead of URAM due to insufficient pipeline registers. Available pipeline stages = 0, Minimum required pipeline stages = 1 
INFO: [Synth 8-5555] Implemented Block Ram Cascade chain of height 2 and width 8 for RAM "queue_manager:/queue_ram_reg"
INFO: [Synth 8-6793] RAM ("queue_manager:/queue_ram_reg") is implemented using BRAM instead of URAM due to insufficient pipeline registers. Available pipeline stages = 0, Minimum required pipeline stages = 1 
INFO: [Synth 8-5555] Implemented Block Ram Cascade chain of height 2 and width 8 for RAM "queue_manager:/queue_ram_reg"
INFO: [Synth 8-6793] RAM ("queue_manager:/queue_ram_reg") is implemented using BRAM instead of URAM due to insufficient pipeline registers. Available pipeline stages = 0, Minimum required pipeline stages = 1 
INFO: [Synth 8-5555] Implemented Block Ram Cascade chain of height 2 and width 8 for RAM "queue_manager:/queue_ram_reg"
INFO: [Synth 8-6793] RAM ("queue_manager:/queue_ram_reg") is implemented using BRAM instead of URAM due to insufficient pipeline registers. Available pipeline stages = 0, Minimum required pipeline stages = 1 
INFO: [Synth 8-5555] Implemented Block Ram Cascade chain of height 2 and width 8 for RAM "queue_manager:/queue_ram_reg"
INFO: [Synth 8-6793] RAM ("queue_manager:/queue_ram_reg") is implemented using BRAM instead of URAM due to insufficient pipeline registers. Available pipeline stages = 0, Minimum required pipeline stages = 1 
INFO: [Synth 8-5555] Implemented Block Ram Cascade chain of height 2 and width 8 for RAM "queue_manager:/queue_ram_reg"
INFO: [Synth 8-6793] RAM ("queue_manager:/queue_ram_reg") is implemented using BRAM instead of URAM due to insufficient pipeline registers. Available pipeline stages = 0, Minimum required pipeline stages = 1 
INFO: [Synth 8-5555] Implemented Block Ram Cascade chain of height 2 and width 8 for RAM "queue_manager:/queue_ram_reg"
INFO: [Synth 8-6793] RAM ("queue_manager:/queue_ram_reg") is implemented using BRAM instead of URAM due to insufficient pipeline registers. Available pipeline stages = 0, Minimum required pipeline stages = 1 
INFO: [Synth 8-5555] Implemented Block Ram Cascade chain of height 2 and width 8 for RAM "queue_manager:/queue_ram_reg"
INFO: [Synth 8-6793] RAM ("queue_manager:/queue_ram_reg") is implemented using BRAM instead of URAM due to insufficient pipeline registers. Available pipeline stages = 0, Minimum required pipeline stages = 1 
INFO: [Synth 8-5555] Implemented Block Ram Cascade chain of height 2 and width 8 for RAM "queue_manager:/queue_ram_reg"
INFO: [Synth 8-6793] RAM ("queue_manager:/queue_ram_reg") is implemented using BRAM instead of URAM due to insufficient pipeline registers. Available pipeline stages = 0, Minimum required pipeline stages = 1 
INFO: [Synth 8-5555] Implemented Block Ram Cascade chain of height 2 and width 8 for RAM "queue_manager:/queue_ram_reg"
INFO: [Synth 8-6793] RAM ("queue_manager:/queue_ram_reg") is implemented using BRAM instead of URAM due to insufficient pipeline registers. Available pipeline stages = 0, Minimum required pipeline stages = 1 
INFO: [Synth 8-5555] Implemented Block Ram Cascade chain of height 2 and width 8 for RAM "queue_manager:/queue_ram_reg"
INFO: [Synth 8-6793] RAM ("queue_manager:/queue_ram_reg") is implemented using BRAM instead of URAM due to insufficient pipeline registers. Available pipeline stages = 0, Minimum required pipeline stages = 1 
INFO: [Synth 8-5555] Implemented Block Ram Cascade chain of height 2 and width 8 for RAM "queue_manager:/queue_ram_reg"
INFO: [Synth 8-6793] RAM ("queue_manager:/queue_ram_reg") is implemented using BRAM instead of URAM due to insufficient pipeline registers. Available pipeline stages = 0, Minimum required pipeline stages = 1 
INFO: [Synth 8-5555] Implemented Block Ram Cascade chain of height 2 and width 8 for RAM "queue_manager:/queue_ram_reg"
INFO: [Synth 8-6793] RAM ("queue_manager:/queue_ram_reg") is implemented using BRAM instead of URAM due to insufficient pipeline registers. Available pipeline stages = 0, Minimum required pipeline stages = 1 
INFO: [Synth 8-5555] Implemented Block Ram Cascade chain of height 2 and width 8 for RAM "queue_manager:/queue_ram_reg"
INFO: [Synth 8-6793] RAM ("queue_manager:/queue_ram_reg") is implemented using BRAM instead of URAM due to insufficient pipeline registers. Available pipeline stages = 0, Minimum required pipeline stages = 1 
INFO: [Synth 8-5555] Implemented Block Ram Cascade chain of height 2 and width 8 for RAM "queue_manager:/queue_ram_reg"
INFO: [Synth 8-6793] RAM ("queue_manager:/queue_ram_reg") is implemented using BRAM instead of URAM due to insufficient pipeline registers. Available pipeline stages = 0, Minimum required pipeline stages = 1 
INFO: [Synth 8-5555] Implemented Block Ram Cascade chain of height 2 and width 8 for RAM "queue_manager:/queue_ram_reg"
INFO: [Synth 8-6793] RAM ("queue_manager:/queue_ram_reg") is implemented using BRAM instead of URAM due to insufficient pipeline registers. Available pipeline stages = 0, Minimum required pipeline stages = 1 
INFO: [Synth 8-5555] Implemented Block Ram Cascade chain of height 2 and width 8 for RAM "queue_manager:/queue_ram_reg"
INFO: [Synth 8-6794] RAM ("dma_psdpram__parameterized0:/genblk1[0].mem_reg_reg") will be automatically implemented using URAM. 
INFO: [Synth 8-6794] RAM ("dma_psdpram__parameterized0:/genblk1[0].mem_reg_reg") will be automatically implemented using URAM. 
INFO: [Synth 8-6794] RAM ("dma_psdpram__parameterized0:/genblk1[0].mem_reg_reg") will be automatically implemented using URAM. 
INFO: [Synth 8-5780] Default cascade height of 1 will be used for URAM '"dma_psdpram__parameterized0:/genblk1[0].mem_reg_reg"'.
INFO: [Synth 8-6794] RAM ("dma_psdpram__parameterized0:/genblk1[1].mem_reg_reg") will be automatically implemented using URAM. 
INFO: [Synth 8-6794] RAM ("dma_psdpram__parameterized0:/genblk1[1].mem_reg_reg") will be automatically implemented using URAM. 
INFO: [Synth 8-6794] RAM ("dma_psdpram__parameterized0:/genblk1[1].mem_reg_reg") will be automatically implemented using URAM. 
INFO: [Synth 8-5780] Default cascade height of 1 will be used for URAM '"dma_psdpram__parameterized0:/genblk1[1].mem_reg_reg"'.
INFO: [Synth 8-6904] The RAM "axis_fifo__parameterized4:/mem_reg" of size (depth=32 x width=17) is automatically implemented using LUTRAM. BRAM implementation would be inefficient 
INFO: [Synth 8-6794] RAM ("axis_fifo__parameterized5:/mem_reg") will be automatically implemented using URAM. 
INFO: [Synth 8-6794] RAM ("axis_fifo__parameterized5:/mem_reg") will be automatically implemented using URAM. 
INFO: [Synth 8-5780] Default cascade height of 1 will be used for URAM '"axis_fifo__parameterized5:/mem_reg"'.
INFO: [Synth 8-6904] The RAM "axis_fifo__parameterized6:/mem_reg" of size (depth=64 x width=25) is automatically implemented using LUTRAM. BRAM implementation would be inefficient 
INFO: [Synth 8-3971] The signal "mqnic_rx_queue_map:/indir_tbl_mem_reg" was recognized as a true dual port RAM template.
INFO: [Synth 8-6904] The RAM "axis_fifo__parameterized7:/mem_reg" of size (depth=32 x width=36) is automatically implemented using LUTRAM. BRAM implementation would be inefficient 
INFO: [Synth 8-6904] The RAM "axis_fifo__parameterized8:/mem_reg" of size (depth=32 x width=16) is automatically implemented using LUTRAM. BRAM implementation would be inefficient 
INFO: [Synth 8-6904] The RAM "axis_fifo__parameterized9:/mem_reg" of size (depth=32 x width=180) is automatically implemented using LUTRAM. BRAM implementation would be inefficient 
INFO: [Synth 8-6904] The RAM "dma_client_axis_sink:/status_fifo_len_reg" of size (depth=32 x width=16) is automatically implemented using LUTRAM. BRAM implementation would be inefficient 
INFO: [Synth 8-6904] The RAM "dma_client_axis_sink:/status_fifo_tag_reg" of size (depth=32 x width=5) is automatically implemented using LUTRAM. BRAM implementation would be inefficient 
INFO: [Synth 8-6904] The RAM "dma_client_axis_sink:/status_fifo_id_reg" of size (depth=32 x width=1) is automatically implemented using LUTRAM. BRAM implementation would be inefficient 
INFO: [Synth 8-6904] The RAM "dma_client_axis_sink:/status_fifo_dest_reg" of size (depth=32 x width=9) is automatically implemented using LUTRAM. BRAM implementation would be inefficient 
INFO: [Synth 8-6904] The RAM "dma_client_axis_sink:/status_fifo_user_reg" of size (depth=32 x width=133) is automatically implemented using LUTRAM. BRAM implementation would be inefficient 
INFO: [Synth 8-6794] RAM ("axis_fifo__parameterized10:/mem_reg") will be automatically implemented using URAM. 
INFO: [Synth 8-6794] RAM ("axis_fifo__parameterized10:/mem_reg") will be automatically implemented using URAM. 
INFO: [Synth 8-5780] Default cascade height of 1 will be used for URAM '"axis_fifo__parameterized10:/mem_reg"'.
INFO: [Synth 8-6793] RAM ("axis_fifo__parameterized11:/mem_reg") is implemented using BRAM instead of URAM due to insufficient pipeline registers. Available pipeline stages = 0, Minimum required pipeline stages = 1 
INFO: [Synth 8-6793] RAM ("axis_fifo__parameterized11:/mem_reg") is implemented using BRAM instead of URAM due to insufficient pipeline registers. Available pipeline stages = 0, Minimum required pipeline stages = 1 
INFO: [Synth 8-5555] Implemented Block Ram Cascade chain of height 8 and width 36 for RAM "axis_fifo__parameterized11:/mem_reg"
INFO: [Synth 8-5555] Implemented Block Ram Cascade chain of height 8 and width 36 for RAM "axis_fifo__parameterized11:/mem_reg"
INFO: [Synth 8-5555] Implemented Block Ram Cascade chain of height 8 and width 36 for RAM "axis_fifo__parameterized11:/mem_reg"
INFO: [Synth 8-5555] Implemented Block Ram Cascade chain of height 8 and width 36 for RAM "axis_fifo__parameterized11:/mem_reg"
INFO: [Synth 8-5555] Implemented Block Ram Cascade chain of height 4 and width 18 for RAM "axis_fifo__parameterized11:/mem_reg"
INFO: [Synth 8-5555] Implemented Block Ram Cascade chain of height 2 and width 9 for RAM "axis_fifo__parameterized11:/mem_reg"
---------------------------------------------------------------------------------------------------
                   State |                     New Encoding |                Previous Encoding 
---------------------------------------------------------------------------------------------------
              STATE_IDLE |                           000001 |                              000
     STATE_UPDATE_FALL_1 |                           000010 |                              011
     STATE_UPDATE_FALL_2 |                           000100 |                              100
         STATE_WAIT_EDGE |                           001000 |                              101
     STATE_UPDATE_RISE_1 |                           010000 |                              001
     STATE_UPDATE_RISE_2 |                           100000 |                              010
---------------------------------------------------------------------------------------------------
INFO: [Synth 8-3354] encoded FSM with state register 'state_reg_reg' using encoding 'one-hot' in module 'ptp_perout'
---------------------------------------------------------------------------------------------------
                   State |                     New Encoding |                Previous Encoding 
---------------------------------------------------------------------------------------------------
                 iSTATE7 |                             0000 |                             0000
                 iSTATE6 |                             0001 |                             0001
                 iSTATE2 |                             0010 |                             0010
                 iSTATE0 |                             0011 |                             0011
                  iSTATE |                             0100 |                             0100
                iSTATE14 |                             0101 |                             0101
                iSTATE10 |                             0110 |                             0110
                 iSTATE8 |                             0111 |                             0111
                iSTATE11 |                             1000 |                             1000
                 iSTATE9 |                             1001 |                             1001
                 iSTATE5 |                             1010 |                             1010
                 iSTATE4 |                             1011 |                             1011
                 iSTATE3 |                             1100 |                             1100
                 iSTATE1 |                             1101 |                             1101
                iSTATE13 |                             1110 |                             1110
                iSTATE12 |                             1111 |                             1111
---------------------------------------------------------------------------------------------------
INFO: [Synth 8-3354] encoded FSM with state register 'update_state_reg_reg' using encoding 'sequential' in module 'ptp_td_phc'
---------------------------------------------------------------------------------------------------
                   State |                     New Encoding |                Previous Encoding 
---------------------------------------------------------------------------------------------------
                  iSTATE |                              001 |                               00
                 iSTATE0 |                              010 |                               01
                 iSTATE1 |                              100 |                               10
---------------------------------------------------------------------------------------------------
INFO: [Synth 8-3354] encoded FSM with state register 'td_msg_i_reg_reg' using encoding 'one-hot' in module 'ptp_td_phc'
---------------------------------------------------------------------------------------------------
                   State |                     New Encoding |                Previous Encoding 
---------------------------------------------------------------------------------------------------
              STATE_IDLE |                                0 |                              000
            STATE_DECODE |                                1 |                              001
---------------------------------------------------------------------------------------------------
INFO: [Synth 8-3354] encoded FSM with state register 'state_reg_reg' using encoding 'sequential' in module 'axil_crossbar_addr__parameterized1'
---------------------------------------------------------------------------------------------------
                   State |                     New Encoding |                Previous Encoding 
---------------------------------------------------------------------------------------------------
              STATE_IDLE |                                0 |                              000
            STATE_DECODE |                                1 |                              001
---------------------------------------------------------------------------------------------------
INFO: [Synth 8-3354] encoded FSM with state register 'state_reg_reg' using encoding 'sequential' in module 'axil_crossbar_addr__parameterized2'
---------------------------------------------------------------------------------------------------
                   State |                     New Encoding |                Previous Encoding 
---------------------------------------------------------------------------------------------------
              STATE_IDLE |                                0 |                              000
            STATE_DECODE |                                1 |                              001
---------------------------------------------------------------------------------------------------
INFO: [Synth 8-3354] encoded FSM with state register 'state_reg_reg' using encoding 'sequential' in module 'axil_crossbar_addr__parameterized3'
---------------------------------------------------------------------------------------------------
                   State |                     New Encoding |                Previous Encoding 
---------------------------------------------------------------------------------------------------
              STATE_IDLE |                                0 |                              000
            STATE_DECODE |                                1 |                              001
---------------------------------------------------------------------------------------------------
INFO: [Synth 8-3354] encoded FSM with state register 'state_reg_reg' using encoding 'sequential' in module 'axil_crossbar_addr__parameterized4'
INFO: [Synth 8-6904] The RAM "irq_rate_limit:/mem_reg_reg" of size (depth=64 x width=19) is automatically implemented using LUTRAM. BRAM implementation would be inefficient 
---------------------------------------------------------------------------------
Finished RTL Optimization Phase 2 : Time (s): cpu = 00:01:00 ; elapsed = 00:01:01 . Memory (MB): peak = 3328.461 ; gain = 1573.680
---------------------------------------------------------------------------------
---------------------------------------------------------------------------------
Start RTL Component Statistics 
---------------------------------------------------------------------------------
Detailed RTL Component Info : 
+---Adders : 
	   2 Input   64 Bit       Adders := 15    
	   2 Input   52 Bit       Adders := 1     
	   3 Input   49 Bit       Adders := 1     
	   2 Input   48 Bit       Adders := 3     
	   3 Input   48 Bit       Adders := 2     
	   3 Input   47 Bit       Adders := 2     
	   2 Input   46 Bit       Adders := 2     
	   3 Input   32 Bit       Adders := 4     
	   2 Input   32 Bit       Adders := 12    
	   2 Input   31 Bit       Adders := 1     
	   2 Input   26 Bit       Adders := 3     
	   2 Input   25 Bit       Adders := 3     
	   2 Input   24 Bit       Adders := 3     
	   2 Input   22 Bit       Adders := 35    
	   2 Input   21 Bit       Adders := 6     
	   2 Input   20 Bit       Adders := 3     
	   2 Input   19 Bit       Adders := 4     
	   2 Input   18 Bit       Adders := 5     
	   3 Input   18 Bit       Adders := 2     
	   2 Input   17 Bit       Adders := 40    
	   2 Input   16 Bit       Adders := 22    
	   3 Input   16 Bit       Adders := 19    
	   2 Input   15 Bit       Adders := 16    
	   3 Input   15 Bit       Adders := 2     
	   2 Input   14 Bit       Adders := 14    
	   3 Input   14 Bit       Adders := 7     
	   2 Input   13 Bit       Adders := 12    
	   3 Input   13 Bit       Adders := 15    
	   2 Input   12 Bit       Adders := 4     
	   3 Input   12 Bit       Adders := 1     
	   4 Input   12 Bit       Adders := 2     
	   2 Input   11 Bit       Adders := 6     
	   3 Input   11 Bit       Adders := 2     
	   2 Input   10 Bit       Adders := 7     
	   2 Input    9 Bit       Adders := 17    
	   3 Input    9 Bit       Adders := 2     
	   4 Input    9 Bit       Adders := 2     
	   2 Input    8 Bit       Adders := 42    
	   3 Input    8 Bit       Adders := 8     
	   4 Input    8 Bit       Adders := 2     
	   2 Input    7 Bit       Adders := 7     
	   3 Input    7 Bit       Adders := 2     
	   2 Input    6 Bit       Adders := 165   
	   3 Input    6 Bit       Adders := 65    
	   5 Input    6 Bit       Adders := 1     
	   4 Input    6 Bit       Adders := 4     
	   5 Input    5 Bit       Adders := 2     
	   2 Input    5 Bit       Adders := 37    
	   4 Input    5 Bit       Adders := 3     
	   3 Input    5 Bit       Adders := 3     
	   2 Input    4 Bit       Adders := 20    
	   4 Input    4 Bit       Adders := 1     
	   5 Input    4 Bit       Adders := 2     
	   2 Input    3 Bit       Adders := 56    
	   2 Input    2 Bit       Adders := 15    
	   2 Input    1 Bit       Adders := 1     
+---XORs : 
	   2 Input     97 Bit         XORs := 1     
	   2 Input     32 Bit         XORs := 102   
	   2 Input     17 Bit         XORs := 1     
	   2 Input     14 Bit         XORs := 8     
	   2 Input     13 Bit         XORs := 7     
	   2 Input     12 Bit         XORs := 1     
	   2 Input     11 Bit         XORs := 1     
	   2 Input      9 Bit         XORs := 1     
	   2 Input      8 Bit         XORs := 3     
	   2 Input      7 Bit         XORs := 1     
	   2 Input      6 Bit         XORs := 24    
	   2 Input      2 Bit         XORs := 1     
	   2 Input      1 Bit         XORs := 96    
	   3 Input      1 Bit         XORs := 14    
	   4 Input      1 Bit         XORs := 14    
	   5 Input      1 Bit         XORs := 14    
	   6 Input      1 Bit         XORs := 12    
	   8 Input      1 Bit         XORs := 4     
	   7 Input      1 Bit         XORs := 6     
	   9 Input      1 Bit         XORs := 6     
+---XORs : 
	               14 Bit    Wide XORs := 26    
	               13 Bit    Wide XORs := 24    
	                6 Bit    Wide XORs := 30    
+---Registers : 
	              512 Bit    Registers := 1     
	              288 Bit    Registers := 1     
	              256 Bit    Registers := 4     
	              238 Bit    Registers := 1     
	              180 Bit    Registers := 2     
	              171 Bit    Registers := 3     
	              170 Bit    Registers := 1     
	              150 Bit    Registers := 6     
	              133 Bit    Registers := 1     
	              128 Bit    Registers := 99    
	              112 Bit    Registers := 2     
	              107 Bit    Registers := 5     
	               96 Bit    Registers := 5     
	               90 Bit    Registers := 1     
	               74 Bit    Registers := 4     
	               72 Bit    Registers := 1     
	               64 Bit    Registers := 37    
	               62 Bit    Registers := 1     
	               48 Bit    Registers := 24    
	               41 Bit    Registers := 3     
	               40 Bit    Registers := 6     
	               36 Bit    Registers := 3     
	               33 Bit    Registers := 1     
	               32 Bit    Registers := 119   
	               31 Bit    Registers := 7     
	               30 Bit    Registers := 16    
	               28 Bit    Registers := 2     
	               26 Bit    Registers := 1     
	               25 Bit    Registers := 2     
	               24 Bit    Registers := 35    
	               22 Bit    Registers := 36    
	               20 Bit    Registers := 3     
	               19 Bit    Registers := 24    
	               17 Bit    Registers := 41    
	               16 Bit    Registers := 98    
	               15 Bit    Registers := 39    
	               14 Bit    Registers := 46    
	               13 Bit    Registers := 67    
	               12 Bit    Registers := 11    
	               11 Bit    Registers := 21    
	               10 Bit    Registers := 27    
	                9 Bit    Registers := 19    
	                8 Bit    Registers := 115   
	                7 Bit    Registers := 21    
	                6 Bit    Registers := 246   
	                5 Bit    Registers := 80    
	                4 Bit    Registers := 154   
	                3 Bit    Registers := 87    
	                2 Bit    Registers := 195   
	                1 Bit    Registers := 1398  
+---RAMs : 
	            2048K Bit	(16384 X 128 bit)          RAMs := 1     
	            1368K Bit	(8192 X 171 bit)          RAMs := 1     
	            1024K Bit	(8192 X 128 bit)          RAMs := 1     
	             592K Bit	(8192 X 74 bit)          RAMs := 1     
	             428K Bit	(4096 X 107 bit)          RAMs := 1     
	             296K Bit	(4096 X 74 bit)          RAMs := 1     
	             256K Bit	(4096 X 64 bit)          RAMs := 1     
	             214K Bit	(2048 X 107 bit)          RAMs := 1     
	             128K Bit	(1024 X 128 bit)          RAMs := 4     
	             128K Bit	(8192 X 16 bit)          RAMs := 1     
	             104K Bit	(8192 X 13 bit)          RAMs := 1     
	              32K Bit	(256 X 128 bit)          RAMs := 1     
	              22K Bit	(1024 X 22 bit)          RAMs := 1     
	              18K Bit	(128 X 150 bit)          RAMs := 2     
	              16K Bit	(128 X 128 bit)          RAMs := 2     
	               8K Bit	(256 X 32 bit)          RAMs := 1     
	               8K Bit	(64 X 128 bit)          RAMs := 1     
	               8K Bit	(128 X 64 bit)          RAMs := 1     
	               5K Bit	(32 X 170 bit)          RAMs := 1     
	               5K Bit	(32 X 180 bit)          RAMs := 1     
	               4K Bit	(32 X 133 bit)          RAMs := 1     
	               3K Bit	(32 X 112 bit)          RAMs := 1     
	               3K Bit	(256 X 13 bit)          RAMs := 1     
	               2K Bit	(32 X 90 bit)          RAMs := 1     
	               1K Bit	(32 X 36 bit)          RAMs := 1     
	               1K Bit	(64 X 25 bit)          RAMs := 1     
	               1K Bit	(64 X 19 bit)          RAMs := 1     
	              768 Bit	(128 X 6 bit)          RAMs := 1     
	              544 Bit	(32 X 17 bit)          RAMs := 1     
	              512 Bit	(32 X 16 bit)          RAMs := 2     
	              288 Bit	(32 X 9 bit)          RAMs := 1     
	              160 Bit	(32 X 5 bit)          RAMs := 1     
	               32 Bit	(32 X 1 bit)          RAMs := 1     
+---Muxes : 
	   2 Input  288 Bit        Muxes := 5     
	   2 Input  256 Bit        Muxes := 2     
	   4 Input  256 Bit        Muxes := 2     
	   2 Input  238 Bit        Muxes := 1     
	   2 Input  128 Bit        Muxes := 334   
	   3 Input  128 Bit        Muxes := 3     
	  12 Input  128 Bit        Muxes := 1     
	   7 Input  128 Bit        Muxes := 2     
	   9 Input  128 Bit        Muxes := 2     
	   4 Input  128 Bit        Muxes := 2     
	   4 Input  120 Bit        Muxes := 1     
	   2 Input  119 Bit        Muxes := 1     
	   2 Input   97 Bit        Muxes := 4     
	   2 Input   96 Bit        Muxes := 3     
	  15 Input   96 Bit        Muxes := 3     
	   3 Input   85 Bit        Muxes := 1     
	   4 Input   64 Bit        Muxes := 4     
	   2 Input   64 Bit        Muxes := 42    
	   3 Input   64 Bit        Muxes := 2     
	   2 Input   48 Bit        Muxes := 19    
	   6 Input   48 Bit        Muxes := 1     
	  16 Input   48 Bit        Muxes := 4     
	  11 Input   48 Bit        Muxes := 2     
	   2 Input   41 Bit        Muxes := 3     
	   2 Input   40 Bit        Muxes := 3     
	   2 Input   39 Bit        Muxes := 2     
	   2 Input   32 Bit        Muxes := 213   
	  12 Input   32 Bit        Muxes := 1     
	   9 Input   32 Bit        Muxes := 2     
	   4 Input   32 Bit        Muxes := 17    
	   7 Input   32 Bit        Muxes := 2     
	  13 Input   32 Bit        Muxes := 1     
	  17 Input   32 Bit        Muxes := 1     
	  33 Input   32 Bit        Muxes := 1     
	  34 Input   32 Bit        Muxes := 1     
	   3 Input   31 Bit        Muxes := 3     
	   2 Input   31 Bit        Muxes := 2     
	   6 Input   31 Bit        Muxes := 2     
	  16 Input   31 Bit        Muxes := 1     
	   2 Input   30 Bit        Muxes := 4     
	   6 Input   30 Bit        Muxes := 1     
	  16 Input   30 Bit        Muxes := 1     
	  10 Input   30 Bit        Muxes := 1     
	   4 Input   24 Bit        Muxes := 19    
	   2 Input   24 Bit        Muxes := 25    
	  16 Input   24 Bit        Muxes := 1     
	   7 Input   24 Bit        Muxes := 2     
	  37 Input   23 Bit        Muxes := 1     
	   2 Input   23 Bit        Muxes := 1     
	   3 Input   22 Bit        Muxes := 1     
	   2 Input   22 Bit        Muxes := 64    
	   2 Input   21 Bit        Muxes := 17    
	   3 Input   21 Bit        Muxes := 2     
	   2 Input   20 Bit        Muxes := 11    
	   5 Input   20 Bit        Muxes := 1     
	   2 Input   19 Bit        Muxes := 11    
	   3 Input   19 Bit        Muxes := 1     
	   4 Input   19 Bit        Muxes := 7     
	   2 Input   18 Bit        Muxes := 1     
	   2 Input   17 Bit        Muxes := 69    
	   4 Input   17 Bit        Muxes := 1     
	   2 Input   16 Bit        Muxes := 151   
	   4 Input   16 Bit        Muxes := 4     
	   3 Input   16 Bit        Muxes := 2     
	   7 Input   16 Bit        Muxes := 1     
	   2 Input   15 Bit        Muxes := 19    
	   4 Input   15 Bit        Muxes := 2     
	   2 Input   14 Bit        Muxes := 25    
	   4 Input   14 Bit        Muxes := 1     
	   3 Input   14 Bit        Muxes := 1     
	   2 Input   13 Bit        Muxes := 37    
	   7 Input   13 Bit        Muxes := 2     
	   4 Input   13 Bit        Muxes := 2     
	   2 Input   12 Bit        Muxes := 8     
	   7 Input   12 Bit        Muxes := 1     
	   4 Input   12 Bit        Muxes := 1     
	   2 Input   11 Bit        Muxes := 60    
	   7 Input   11 Bit        Muxes := 1     
	   3 Input   10 Bit        Muxes := 1     
	   2 Input   10 Bit        Muxes := 16    
	   4 Input   10 Bit        Muxes := 1     
	   7 Input   10 Bit        Muxes := 1     
	   2 Input    9 Bit        Muxes := 18    
	   3 Input    9 Bit        Muxes := 1     
	   2 Input    8 Bit        Muxes := 72    
	   3 Input    8 Bit        Muxes := 6     
	   4 Input    8 Bit        Muxes := 3     
	   7 Input    8 Bit        Muxes := 3     
	   2 Input    7 Bit        Muxes := 19    
	   7 Input    7 Bit        Muxes := 3     
	   9 Input    7 Bit        Muxes := 2     
	   3 Input    7 Bit        Muxes := 2     
	   4 Input    7 Bit        Muxes := 1     
	   2 Input    6 Bit        Muxes := 41    
	   3 Input    6 Bit        Muxes := 1     
	   6 Input    6 Bit        Muxes := 1     
	   4 Input    6 Bit        Muxes := 2     
	   7 Input    6 Bit        Muxes := 3     
	   2 Input    5 Bit        Muxes := 40    
	   5 Input    5 Bit        Muxes := 2     
	   3 Input    5 Bit        Muxes := 3     
	   4 Input    5 Bit        Muxes := 3     
	   2 Input    4 Bit        Muxes := 72    
	  13 Input    4 Bit        Muxes := 1     
	   9 Input    4 Bit        Muxes := 1     
	   3 Input    4 Bit        Muxes := 4     
	  16 Input    4 Bit        Muxes := 1     
	   4 Input    4 Bit        Muxes := 4     
	   7 Input    4 Bit        Muxes := 1     
	   6 Input    4 Bit        Muxes := 1     
	   2 Input    3 Bit        Muxes := 56    
	   5 Input    3 Bit        Muxes := 2     
	   3 Input    3 Bit        Muxes := 7     
	   7 Input    3 Bit        Muxes := 3     
	  12 Input    3 Bit        Muxes := 1     
	   2 Input    2 Bit        Muxes := 294   
	   4 Input    2 Bit        Muxes := 18    
	   3 Input    2 Bit        Muxes := 5     
	   6 Input    2 Bit        Muxes := 2     
	   7 Input    2 Bit        Muxes := 3     
	   2 Input    1 Bit        Muxes := 1409  
	  12 Input    1 Bit        Muxes := 1     
	   3 Input    1 Bit        Muxes := 36    
	  20 Input    1 Bit        Muxes := 1     
	   8 Input    1 Bit        Muxes := 4     
	   4 Input    1 Bit        Muxes := 65    
	   5 Input    1 Bit        Muxes := 6     
	  13 Input    1 Bit        Muxes := 1     
	  10 Input    1 Bit        Muxes := 51    
	   7 Input    1 Bit        Muxes := 32    
	   9 Input    1 Bit        Muxes := 5     
	  37 Input    1 Bit        Muxes := 1     
	   6 Input    1 Bit        Muxes := 11    
	  14 Input    1 Bit        Muxes := 5     
	  17 Input    1 Bit        Muxes := 1     
	  16 Input    1 Bit        Muxes := 20    
	  11 Input    1 Bit        Muxes := 7     
	  33 Input    1 Bit        Muxes := 1     
	  34 Input    1 Bit        Muxes := 1     
---------------------------------------------------------------------------------
Finished RTL Component Statistics 
---------------------------------------------------------------------------------
---------------------------------------------------------------------------------
Start Part Resource Summary
---------------------------------------------------------------------------------
Part Resources:
DSPs: 1728 (col length:144)
BRAMs: 624 (col length: RAMB18 144 RAMB36 72)
---------------------------------------------------------------------------------
Finished Part Resource Summary
---------------------------------------------------------------------------------
---------------------------------------------------------------------------------
Start Cross Boundary and Area Optimization
---------------------------------------------------------------------------------
WARNING: [Synth 8-3917] design fpga has port ddr4_reset_n driven by constant 0
INFO: [Synth 8-6794] RAM ("core_inst/core_insti_6/stats_counter_inst/mem_reg") will be automatically implemented using URAM. 
INFO: [Synth 8-5780] Default cascade height of 1 will be used for URAM '"core_inst/core_insti_6/stats_counter_inst/mem_reg"'.
INFO: [Synth 8-6794] RAM ("core_inst/eth_mac_inst/tx_fifo/fifo_inst/mem_reg") will be automatically implemented using URAM. 
INFO: [Synth 8-5780] Default cascade height of 1 will be used for URAM '"core_inst/eth_mac_inst/tx_fifo/fifo_inst/mem_reg"'.
INFO: [Synth 8-5555] Implemented Block Ram Cascade chain of height 8 and width 36 for RAM "core_inst/eth_mac_inst/rx_fifo/fifo_inst/mem_reg"
INFO: [Synth 8-5555] Implemented Block Ram Cascade chain of height 8 and width 36 for RAM "core_inst/eth_mac_inst/rx_fifo/fifo_inst/mem_reg"
INFO: [Synth 8-7030] Implemented Non-Cascaded Block Ram (cascade_height = 1) of width 2 for RAM "core_inst/eth_mac_inst/rx_fifo/fifo_inst/mem_reg"
INFO: [Synth 8-6794] RAM ("core_inst/core_insti_6/stats_counter_inst/mem_reg") will be automatically implemented using URAM. 
INFO: [Synth 8-5780] Default cascade height of 1 will be used for URAM '"core_inst/core_insti_6/stats_counter_inst/mem_reg"'.
INFO: [Synth 8-6794] RAM ("core_inst/eth_mac_inst/tx_fifo/fifo_inst/mem_reg") will be automatically implemented using URAM. 
INFO: [Synth 8-5780] Default cascade height of 1 will be used for URAM '"core_inst/eth_mac_inst/tx_fifo/fifo_inst/mem_reg"'.
INFO: [Synth 8-6776] UltraRAM "core_inst/core_insti_6/stats_counter_inst/mem_reg": Pipeline stages found = 1; Recommended pipeline stages =0, Maximum pipeline stages = 2
INFO: [Synth 8-5814] Pipeline result for URAM ("core_inst/core_insti_6/stats_counter_inst/mem_reg"): Matrix size= (1 cols x 1 rows) | Pipeline stages => ( available = 1, absorbed = 1 )
INFO: [Synth 8-4471] merging register 'port_tx_inst/tx_async_fifo_inst/fifo_inst/m_rst_sync1_reg_reg' into 'port_tx_inst/tx_cpl_fifo_inst/s_rst_sync1_reg_reg' [D:/FPGA/mqnic_prj/mqnic_prj.srcs/sources_1/imports/fpga_pcie/lib/axis/rtl/axis_async_fifo.v:371]
INFO: [Synth 8-4471] merging register 'port_tx_inst/tx_async_fifo_inst/fifo_inst/m_rst_sync2_reg_reg' into 'port_tx_inst/tx_cpl_fifo_inst/s_rst_sync2_reg_reg' [D:/FPGA/mqnic_prj/mqnic_prj.srcs/sources_1/imports/fpga_pcie/lib/axis/rtl/axis_async_fifo.v:378]
INFO: [Synth 8-4471] merging register 'port_tx_inst/tx_async_fifo_inst/fifo_inst/m_rst_sync3_reg_reg' into 'port_tx_inst/tx_cpl_fifo_inst/s_rst_sync3_reg_reg' [D:/FPGA/mqnic_prj/mqnic_prj.srcs/sources_1/imports/fpga_pcie/lib/axis/rtl/axis_async_fifo.v:379]
INFO: [Synth 8-4471] merging register 'port_tx_inst/tx_async_fifo_inst/fifo_inst/s_rst_sync1_reg_reg' into 'port_tx_inst/tx_cpl_fifo_inst/m_rst_sync1_reg_reg' [D:/FPGA/mqnic_prj/mqnic_prj.srcs/sources_1/imports/fpga_pcie/lib/axis/rtl/axis_async_fifo.v:358]
INFO: [Synth 8-4471] merging register 'port_tx_inst/tx_async_fifo_inst/fifo_inst/s_rst_sync2_reg_reg' into 'port_tx_inst/tx_cpl_fifo_inst/m_rst_sync2_reg_reg' [D:/FPGA/mqnic_prj/mqnic_prj.srcs/sources_1/imports/fpga_pcie/lib/axis/rtl/axis_async_fifo.v:365]
INFO: [Synth 8-4471] merging register 'port_tx_inst/tx_async_fifo_inst/fifo_inst/s_rst_sync3_reg_reg' into 'port_tx_inst/tx_cpl_fifo_inst/m_rst_sync3_reg_reg' [D:/FPGA/mqnic_prj/mqnic_prj.srcs/sources_1/imports/fpga_pcie/lib/axis/rtl/axis_async_fifo.v:306]
INFO: [Synth 8-4471] merging register 'port_tx_inst/tx_async_fifo_inst/fifo_inst/mark_frame_reg_reg' into 'port_tx_inst/tx_cpl_fifo_inst/m_drop_frame_reg_reg' [D:/FPGA/mqnic_prj/mqnic_prj.srcs/sources_1/imports/fpga_pcie/lib/axis/rtl/axis_async_fifo.v:313]
INFO: [Synth 8-4471] merging register 'port_rx_inst/rx_async_fifo_inst/fifo_inst/s_rst_sync1_reg_reg' into 'port_tx_inst/tx_cpl_fifo_inst/s_rst_sync1_reg_reg' [D:/FPGA/mqnic_prj/mqnic_prj.srcs/sources_1/imports/fpga_pcie/lib/axis/rtl/axis_async_fifo.v:358]
INFO: [Synth 8-5546] ROM "p_6_in" won't be mapped to RAM because it is too sparse
INFO: [Synth 8-5546] ROM "p_0_in" won't be mapped to RAM because it is too sparse
INFO: [Synth 8-5546] ROM "p_6_in" won't be mapped to RAM because it is too sparse
INFO: [Synth 8-5546] ROM "p_0_in" won't be mapped to RAM because it is too sparse
INFO: [Synth 8-6904] The RAM "\port[0].port_inst/port_tx_inst/tx_async_fifo_inst/fifo_inst/mem_reg " of size (depth=32 x width=90) is automatically implemented using LUTRAM. BRAM implementation would be inefficient 
INFO: [Synth 8-6904] The RAM "\port[0].port_inst/port_tx_inst/tx_cpl_fifo_inst/mem_reg " of size (depth=32 x width=112) is automatically implemented using LUTRAM. BRAM implementation would be inefficient 
INFO: [Synth 8-6904] The RAM "\port[0].port_inst/port_rx_inst/rx_async_fifo_inst/fifo_inst/mem_reg " of size (depth=32 x width=170) is automatically implemented using LUTRAM. BRAM implementation would be inefficient 
INFO: [Synth 8-5544] ROM "p_2_out1" won't be mapped to Block RAM because address size (3) smaller than threshold (5)
INFO: [Synth 8-5544] ROM "reg_rd_data_reg" won't be mapped to Block RAM because address size (4) smaller than threshold (5)
INFO: [Synth 8-5544] ROM "p_2_out1" won't be mapped to Block RAM because address size (3) smaller than threshold (5)
INFO: [Synth 8-5544] ROM "reg_rd_data_reg" won't be mapped to Block RAM because address size (4) smaller than threshold (5)
INFO: [Synth 8-4471] merging register 'ingress_inst/rx_hash_data_fifo/mark_frame_reg_reg' into 'rx_desc_fifo/mark_frame_reg_reg' [D:/FPGA/mqnic_prj/mqnic_prj.srcs/sources_1/imports/fpga_pcie/lib/axis/rtl/axis_fifo.v:223]
INFO: [Synth 8-5544] ROM "ingress_inst/rx_checksum_inst/" won't be mapped to Block RAM because address size (1) smaller than threshold (5)
INFO: [Synth 8-5544] ROM "ingress_inst/rx_checksum_inst/" won't be mapped to Block RAM because address size (1) smaller than threshold (5)
INFO: [Synth 8-6904] The RAM "interface_rx_inst/ingress_inst/rx_csum_fifo/mem_reg" of size (depth=32 x width=16) is automatically implemented using LUTRAM. BRAM implementation would be inefficient 
INFO: [Synth 8-6904] The RAM "interface_rx_inst/ingress_inst/rx_hash_data_fifo/mem_reg" of size (depth=32 x width=180) is automatically implemented using LUTRAM. BRAM implementation would be inefficient 
INFO: [Synth 8-6904] The RAM "interface_rx_inst/dma_client_axis_sink_inst/status_fifo_len_reg" of size (depth=32 x width=16) is automatically implemented using LUTRAM. BRAM implementation would be inefficient 
INFO: [Synth 8-6904] The RAM "interface_rx_inst/dma_client_axis_sink_inst/status_fifo_tag_reg" of size (depth=32 x width=5) is automatically implemented using LUTRAM. BRAM implementation would be inefficient 
INFO: [Synth 8-6904] The RAM "interface_rx_inst/dma_client_axis_sink_inst/status_fifo_id_reg" of size (depth=32 x width=1) is automatically implemented using LUTRAM. BRAM implementation would be inefficient 
INFO: [Synth 8-6904] The RAM "interface_rx_inst/dma_client_axis_sink_inst/status_fifo_dest_reg" of size (depth=32 x width=9) is automatically implemented using LUTRAM. BRAM implementation would be inefficient 
INFO: [Synth 8-6904] The RAM "interface_rx_inst/ingress_inst/rx_hash_fifo/mem_reg" of size (depth=32 x width=36) is automatically implemented using LUTRAM. BRAM implementation would be inefficient 
INFO: [Synth 8-6904] The RAM "interface_rx_inst/dma_client_axis_sink_inst/status_fifo_user_reg" of size (depth=32 x width=133) is automatically implemented using LUTRAM. BRAM implementation would be inefficient 
INFO: [Synth 8-4471] merging register 'm_ifaces[0].w_select_reg_reg[-1:0]' into 'm_ifaces[0].w_select_reg_reg[-1:0]' [D:/FPGA/mqnic_prj/mqnic_prj.srcs/sources_1/imports/fpga_pcie/lib/axi/rtl/axil_crossbar_wr.v:496]
INFO: [Synth 8-4471] merging register 'm_ifaces[1].w_select_reg_reg[-1:0]' into 'm_ifaces[1].w_select_reg_reg[-1:0]' [D:/FPGA/mqnic_prj/mqnic_prj.srcs/sources_1/imports/fpga_pcie/lib/axi/rtl/axil_crossbar_wr.v:496]
INFO: [Synth 8-4471] merging register 'm_ifaces[2].w_select_reg_reg[-1:0]' into 'm_ifaces[2].w_select_reg_reg[-1:0]' [D:/FPGA/mqnic_prj/mqnic_prj.srcs/sources_1/imports/fpga_pcie/lib/axi/rtl/axil_crossbar_wr.v:496]
INFO: [Synth 8-4471] merging register 'm_ifaces[3].w_select_reg_reg[-1:0]' into 'm_ifaces[3].w_select_reg_reg[-1:0]' [D:/FPGA/mqnic_prj/mqnic_prj.srcs/sources_1/imports/fpga_pcie/lib/axi/rtl/axil_crossbar_wr.v:496]
INFO: [Synth 8-4471] merging register 'm_ifaces[4].w_select_reg_reg[-1:0]' into 'm_ifaces[4].w_select_reg_reg[-1:0]' [D:/FPGA/mqnic_prj/mqnic_prj.srcs/sources_1/imports/fpga_pcie/lib/axi/rtl/axil_crossbar_wr.v:496]
INFO: [Synth 8-4471] merging register 'm_ifaces[5].w_select_reg_reg[-1:0]' into 'm_ifaces[5].w_select_reg_reg[-1:0]' [D:/FPGA/mqnic_prj/mqnic_prj.srcs/sources_1/imports/fpga_pcie/lib/axi/rtl/axil_crossbar_wr.v:496]
INFO: [Synth 8-4471] merging register 'm_ifaces[6].w_select_reg_reg[-1:0]' into 'm_ifaces[6].w_select_reg_reg[-1:0]' [D:/FPGA/mqnic_prj/mqnic_prj.srcs/sources_1/imports/fpga_pcie/lib/axi/rtl/axil_crossbar_wr.v:496]
INFO: [Synth 8-4471] merging register 'm_ifaces[7].w_select_reg_reg[-1:0]' into 'm_ifaces[7].w_select_reg_reg[-1:0]' [D:/FPGA/mqnic_prj/mqnic_prj.srcs/sources_1/imports/fpga_pcie/lib/axi/rtl/axil_crossbar_wr.v:496]
INFO: [Common 17-14] Message 'Synth 8-7129' appears 100 times and further instances of the messages will be disabled. Use the Tcl command set_msg_config to change the current settings.
INFO: [Synth 8-6904] The RAM "\port[0].port_inst/port_tx_inst/tx_async_fifo_inst/fifo_inst/mem_reg " of size (depth=32 x width=90) is automatically implemented using LUTRAM. BRAM implementation would be inefficient 
INFO: [Synth 8-6904] The RAM "\port[0].port_inst/port_tx_inst/tx_cpl_fifo_inst/mem_reg " of size (depth=32 x width=112) is automatically implemented using LUTRAM. BRAM implementation would be inefficient 
INFO: [Synth 8-6904] The RAM "\port[0].port_inst/port_rx_inst/rx_async_fifo_inst/fifo_inst/mem_reg " of size (depth=32 x width=170) is automatically implemented using LUTRAM. BRAM implementation would be inefficient 
RAM ("interface_rx_inst/rx_desc_fifo/mem_reg") is too shallow (depth = 128) to use URAM. Choosing BRAM instead of URAM 
RAM ("interface_rx_inst/rx_engine_inst/mqnic_rx_queue_map_inst/indir_tbl_mem_reg") is too shallow (depth = 256) to use URAM. Choosing BRAM instead of URAM 
RAM ("interface_rx_inst/rx_engine_inst/mqnic_rx_queue_map_inst/indir_tbl_mem_reg") is too shallow (depth = 256) to use URAM. Choosing BRAM instead of URAM 
INFO: [Synth 8-3971] The signal "interface_rx_inst/rx_engine_inst/mqnic_rx_queue_map_inst/indir_tbl_mem_reg" was recognized as a true dual port RAM template.
RAM ("interface_rx_inst/dma_psdpram_rx_inst/genblk1[0].mem_reg_reg") is too shallow (depth = 1024) to use URAM. Choosing BRAM instead of URAM 
RAM ("interface_rx_inst/dma_psdpram_rx_inst/genblk1[1].mem_reg_reg") is too shallow (depth = 1024) to use URAM. Choosing BRAM instead of URAM 
INFO: [Synth 8-6904] The RAM "interface_rx_inst/ingress_inst/rx_csum_fifo/mem_reg" of size (depth=32 x width=16) is automatically implemented using LUTRAM. BRAM implementation would be inefficient 
INFO: [Synth 8-6904] The RAM "interface_rx_inst/ingress_inst/rx_hash_data_fifo/mem_reg" of size (depth=32 x width=180) is automatically implemented using LUTRAM. BRAM implementation would be inefficient 
INFO: [Synth 8-6904] The RAM "interface_rx_inst/dma_client_axis_sink_inst/status_fifo_len_reg" of size (depth=32 x width=16) is automatically implemented using LUTRAM. BRAM implementation would be inefficient 
INFO: [Synth 8-6904] The RAM "interface_rx_inst/dma_client_axis_sink_inst/status_fifo_tag_reg" of size (depth=32 x width=5) is automatically implemented using LUTRAM. BRAM implementation would be inefficient 
INFO: [Synth 8-6904] The RAM "interface_rx_inst/dma_client_axis_sink_inst/status_fifo_id_reg" of size (depth=32 x width=1) is automatically implemented using LUTRAM. BRAM implementation would be inefficient 
INFO: [Synth 8-6904] The RAM "interface_rx_inst/dma_client_axis_sink_inst/status_fifo_dest_reg" of size (depth=32 x width=9) is automatically implemented using LUTRAM. BRAM implementation would be inefficient 
INFO: [Synth 8-6904] The RAM "interface_rx_inst/ingress_inst/rx_hash_fifo/mem_reg" of size (depth=32 x width=36) is automatically implemented using LUTRAM. BRAM implementation would be inefficient 
INFO: [Synth 8-6904] The RAM "interface_rx_inst/dma_client_axis_sink_inst/status_fifo_user_reg" of size (depth=32 x width=133) is automatically implemented using LUTRAM. BRAM implementation would be inefficient 
INFO: [Synth 8-7067] Removed DRAM instance cpl_write_inst/i_5/desc_table_sel_reg_0_31_0_0 from module cpl_write__parameterized0 due to constant propagation
INFO: [Synth 8-7067] Removed DRAM instance cpl_write_inst/i_5/desc_table_sel_reg_0_31_1_1 from module cpl_write__parameterized0 due to constant propagation
INFO: [Synth 8-7067] Removed DRAM instance port[0].port_inst/i_4/i_0/port_tx_inst/tx_cpl_fifo_inst/mem_reg_0_31_70_83 from module extram__14 due to constant propagation
INFO: [Synth 8-7067] Removed DRAM instance port[0].port_inst/i_4/i_0/port_tx_inst/tx_cpl_fifo_inst/mem_reg_0_31_56_69 from module extram__14 due to constant propagation
INFO: [Synth 8-7067] Removed DRAM instance port[0].port_inst/i_4/i_0/port_tx_inst/tx_cpl_fifo_inst/mem_reg_0_31_42_55 from module extram__14 due to constant propagation
INFO: [Synth 8-7067] Removed DRAM instance port[0].port_inst/i_4/i_0/port_tx_inst/tx_cpl_fifo_inst/mem_reg_0_31_28_41 from module extram__14 due to constant propagation
INFO: [Synth 8-7067] Removed DRAM instance port[0].port_inst/i_4/i_0/port_tx_inst/tx_cpl_fifo_inst/mem_reg_0_31_14_27 from module extram__14 due to constant propagation
INFO: [Synth 8-7067] Removed DRAM instance port[0].port_inst/i_4/i_0/port_tx_inst/tx_cpl_fifo_inst/mem_reg_0_31_0_13 from module extram__14 due to constant propagation
INFO: [Synth 8-3333] propagating constant 0 across sequential element (interface_rx_inst/\ingress_inst/rx_hash_inst /\hash_data_type_reg_reg[1] )
INFO: [Synth 8-3886] merging instance 'interface_rx_inst/ingress_inst/rx_checksum_inst/mask_reg_reg[1]' (FDRE) to 'interface_rx_inst/ingress_inst/rx_checksum_inst/mask_reg_reg[0]'
INFO: [Synth 8-3886] merging instance 'interface_rx_inst/ingress_inst/rx_checksum_inst/mask_reg_reg[3]' (FDRE) to 'interface_rx_inst/ingress_inst/rx_checksum_inst/mask_reg_reg[0]'
INFO: [Synth 8-3886] merging instance 'interface_rx_inst/ingress_inst/rx_checksum_inst/mask_reg_reg[0]' (FDRE) to 'interface_rx_inst/ingress_inst/rx_checksum_inst/mask_reg_reg[2]'
INFO: [Synth 8-3886] merging instance 'interface_rx_inst/ingress_inst/rx_checksum_inst/mask_reg_reg[2]' (FDRE) to 'interface_rx_inst/ingress_inst/rx_checksum_inst/mask_reg_reg[4]'
INFO: [Synth 8-3886] merging instance 'interface_rx_inst/ingress_inst/rx_checksum_inst/mask_reg_reg[5]' (FDRE) to 'interface_rx_inst/ingress_inst/rx_checksum_inst/mask_reg_reg[4]'
INFO: [Synth 8-3886] merging instance 'interface_rx_inst/ingress_inst/rx_checksum_inst/mask_reg_reg[7]' (FDRE) to 'interface_rx_inst/ingress_inst/rx_checksum_inst/mask_reg_reg[6]'
INFO: [Synth 8-3886] merging instance 'interface_rx_inst/rx_engine_inst/m_axis_cpl_req_data_reg_reg[12]' (FDRE) to 'interface_rx_inst/rx_engine_inst/m_axis_cpl_req_data_reg_reg[13]'
INFO: [Synth 8-3886] merging instance 'interface_rx_inst/rx_engine_inst/m_axis_cpl_req_data_reg_reg[13]' (FDRE) to 'interface_rx_inst/rx_engine_inst/m_axis_cpl_req_data_reg_reg[10]'
INFO: [Synth 8-3886] merging instance 'interface_rx_inst/rx_engine_inst/m_axis_cpl_req_data_reg_reg[10]' (FDRE) to 'interface_rx_inst/rx_engine_inst/m_axis_cpl_req_data_reg_reg[11]'
INFO: [Synth 8-3886] merging instance 'interface_rx_inst/rx_engine_inst/m_axis_cpl_req_data_reg_reg[11]' (FDRE) to 'interface_rx_inst/rx_engine_inst/m_axis_cpl_req_data_reg_reg[8]'
INFO: [Synth 8-3886] merging instance 'interface_rx_inst/rx_engine_inst/m_axis_cpl_req_data_reg_reg[8]' (FDRE) to 'interface_rx_inst/rx_engine_inst/m_axis_cpl_req_data_reg_reg[9]'
INFO: [Synth 8-3886] merging instance 'interface_rx_inst/rx_engine_inst/m_axis_cpl_req_data_reg_reg[9]' (FDRE) to 'interface_rx_inst/rx_engine_inst/m_axis_cpl_req_data_reg_reg[14]'
INFO: [Synth 8-3886] merging instance 'interface_rx_inst/rx_engine_inst/m_axis_cpl_req_data_reg_reg[14]' (FDRE) to 'interface_rx_inst/rx_engine_inst/m_axis_cpl_req_data_reg_reg[15]'
INFO: [Synth 8-3886] merging instance 'interface_rx_inst/rx_engine_inst/m_axis_cpl_req_data_reg_reg[15]' (FDRE) to 'interface_rx_inst/rx_engine_inst/m_axis_cpl_req_data_reg_reg[54]'
INFO: [Synth 8-3886] merging instance 'interface_rx_inst/rx_engine_inst/m_axis_cpl_req_data_reg_reg[54]' (FDRE) to 'interface_rx_inst/rx_engine_inst/m_axis_cpl_req_data_reg_reg[55]'
INFO: [Synth 8-3886] merging instance 'interface_rx_inst/rx_engine_inst/m_axis_cpl_req_data_reg_reg[55]' (FDRE) to 'interface_rx_inst/rx_engine_inst/m_axis_cpl_req_data_reg_reg[52]'
INFO: [Synth 8-3886] merging instance 'interface_rx_inst/rx_engine_inst/m_axis_cpl_req_data_reg_reg[52]' (FDRE) to 'interface_rx_inst/rx_engine_inst/m_axis_cpl_req_data_reg_reg[53]'
INFO: [Synth 8-3886] merging instance 'interface_rx_inst/rx_engine_inst/m_axis_cpl_req_data_reg_reg[53]' (FDRE) to 'interface_rx_inst/rx_engine_inst/m_axis_cpl_req_data_reg_reg[50]'
INFO: [Synth 8-3886] merging instance 'interface_rx_inst/rx_engine_inst/m_axis_cpl_req_data_reg_reg[50]' (FDRE) to 'interface_rx_inst/rx_engine_inst/m_axis_cpl_req_data_reg_reg[51]'
INFO: [Synth 8-3886] merging instance 'interface_rx_inst/rx_engine_inst/m_axis_cpl_req_data_reg_reg[51]' (FDRE) to 'interface_rx_inst/rx_engine_inst/m_axis_cpl_req_data_reg_reg[48]'
INFO: [Synth 8-3886] merging instance 'interface_rx_inst/rx_engine_inst/m_axis_cpl_req_data_reg_reg[48]' (FDRE) to 'interface_rx_inst/rx_engine_inst/m_axis_cpl_req_data_reg_reg[49]'
INFO: [Synth 8-3886] merging instance 'interface_rx_inst/rx_engine_inst/m_axis_cpl_req_data_reg_reg[49]' (FDRE) to 'interface_rx_inst/rx_engine_inst/m_axis_cpl_req_data_reg_reg[62]'
INFO: [Synth 8-3886] merging instance 'interface_rx_inst/rx_engine_inst/m_axis_cpl_req_data_reg_reg[62]' (FDRE) to 'interface_rx_inst/rx_engine_inst/m_axis_cpl_req_data_reg_reg[63]'
INFO: [Synth 8-3886] merging instance 'interface_rx_inst/rx_engine_inst/m_axis_cpl_req_data_reg_reg[63]' (FDRE) to 'interface_rx_inst/rx_engine_inst/m_axis_cpl_req_data_reg_reg[60]'
INFO: [Synth 8-3886] merging instance 'interface_rx_inst/rx_engine_inst/m_axis_cpl_req_data_reg_reg[60]' (FDRE) to 'interface_rx_inst/rx_engine_inst/m_axis_cpl_req_data_reg_reg[61]'
INFO: [Synth 8-3886] merging instance 'interface_rx_inst/rx_engine_inst/m_axis_cpl_req_data_reg_reg[61]' (FDRE) to 'interface_rx_inst/rx_engine_inst/m_axis_cpl_req_data_reg_reg[58]'
INFO: [Synth 8-3886] merging instance 'interface_rx_inst/rx_engine_inst/m_axis_cpl_req_data_reg_reg[58]' (FDRE) to 'interface_rx_inst/rx_engine_inst/m_axis_cpl_req_data_reg_reg[59]'
INFO: [Synth 8-3886] merging instance 'interface_rx_inst/rx_engine_inst/m_axis_cpl_req_data_reg_reg[59]' (FDRE) to 'interface_rx_inst/rx_engine_inst/m_axis_cpl_req_data_reg_reg[56]'
INFO: [Synth 8-3886] merging instance 'interface_rx_inst/rx_engine_inst/m_axis_cpl_req_data_reg_reg[56]' (FDRE) to 'interface_rx_inst/rx_engine_inst/m_axis_cpl_req_data_reg_reg[57]'
INFO: [Synth 8-3886] merging instance 'interface_rx_inst/rx_engine_inst/m_axis_cpl_req_data_reg_reg[57]' (FDRE) to 'interface_rx_inst/rx_engine_inst/m_axis_cpl_req_data_reg_reg[166]'
INFO: [Synth 8-3886] merging instance 'interface_rx_inst/rx_engine_inst/m_axis_cpl_req_data_reg_reg[166]' (FDRE) to 'interface_rx_inst/rx_engine_inst/m_axis_cpl_req_data_reg_reg[167]'
INFO: [Synth 8-3886] merging instance 'interface_rx_inst/rx_engine_inst/m_axis_cpl_req_data_reg_reg[167]' (FDRE) to 'interface_rx_inst/rx_engine_inst/m_axis_cpl_req_data_reg_reg[164]'
INFO: [Synth 8-3886] merging instance 'interface_rx_inst/rx_engine_inst/m_axis_cpl_req_data_reg_reg[164]' (FDRE) to 'interface_rx_inst/rx_engine_inst/m_axis_cpl_req_data_reg_reg[165]'
INFO: [Synth 8-3886] merging instance 'interface_rx_inst/rx_engine_inst/m_axis_cpl_req_data_reg_reg[165]' (FDRE) to 'interface_rx_inst/rx_engine_inst/m_axis_cpl_req_data_reg_reg[180]'
INFO: [Synth 8-3886] merging instance 'interface_rx_inst/rx_engine_inst/m_axis_cpl_req_data_reg_reg[180]' (FDRE) to 'interface_rx_inst/rx_engine_inst/m_axis_cpl_req_data_reg_reg[181]'
INFO: [Synth 8-3886] merging instance 'interface_rx_inst/rx_engine_inst/m_axis_cpl_req_data_reg_reg[181]' (FDRE) to 'interface_rx_inst/rx_engine_inst/m_axis_cpl_req_data_reg_reg[178]'
INFO: [Synth 8-3886] merging instance 'interface_rx_inst/rx_engine_inst/m_axis_cpl_req_data_reg_reg[178]' (FDRE) to 'interface_rx_inst/rx_engine_inst/m_axis_cpl_req_data_reg_reg[179]'
INFO: [Synth 8-3886] merging instance 'interface_rx_inst/rx_engine_inst/m_axis_cpl_req_data_reg_reg[179]' (FDRE) to 'interface_rx_inst/rx_engine_inst/m_axis_cpl_req_data_reg_reg[176]'
INFO: [Synth 8-3886] merging instance 'interface_rx_inst/rx_engine_inst/m_axis_cpl_req_data_reg_reg[176]' (FDRE) to 'interface_rx_inst/rx_engine_inst/m_axis_cpl_req_data_reg_reg[177]'
INFO: [Synth 8-3886] merging instance 'interface_rx_inst/rx_engine_inst/m_axis_cpl_req_data_reg_reg[177]' (FDRE) to 'interface_rx_inst/rx_engine_inst/m_axis_cpl_req_data_reg_reg[174]'
INFO: [Synth 8-3886] merging instance 'interface_rx_inst/rx_engine_inst/m_axis_cpl_req_data_reg_reg[174]' (FDRE) to 'interface_rx_inst/rx_engine_inst/m_axis_cpl_req_data_reg_reg[175]'
INFO: [Synth 8-3886] merging instance 'interface_rx_inst/rx_engine_inst/m_axis_cpl_req_data_reg_reg[175]' (FDRE) to 'interface_rx_inst/rx_engine_inst/m_axis_cpl_req_data_reg_reg[172]'
INFO: [Synth 8-3886] merging instance 'interface_rx_inst/rx_engine_inst/m_axis_cpl_req_data_reg_reg[172]' (FDRE) to 'interface_rx_inst/rx_engine_inst/m_axis_cpl_req_data_reg_reg[173]'
INFO: [Synth 8-3886] merging instance 'interface_rx_inst/rx_engine_inst/m_axis_cpl_req_data_reg_reg[173]' (FDRE) to 'interface_rx_inst/rx_engine_inst/m_axis_cpl_req_data_reg_reg[170]'
INFO: [Synth 8-3886] merging instance 'interface_rx_inst/rx_engine_inst/m_axis_cpl_req_data_reg_reg[170]' (FDRE) to 'interface_rx_inst/rx_engine_inst/m_axis_cpl_req_data_reg_reg[171]'
INFO: [Synth 8-3886] merging instance 'interface_rx_inst/rx_engine_inst/m_axis_cpl_req_data_reg_reg[171]' (FDRE) to 'interface_rx_inst/rx_engine_inst/m_axis_cpl_req_data_reg_reg[169]'
INFO: [Synth 8-3886] merging instance 'interface_rx_inst/rx_engine_inst/m_axis_cpl_req_data_reg_reg[169]' (FDRE) to 'interface_rx_inst/rx_engine_inst/m_axis_cpl_req_data_reg_reg[194]'
INFO: [Synth 8-3886] merging instance 'interface_rx_inst/rx_engine_inst/m_axis_cpl_req_data_reg_reg[194]' (FDRE) to 'interface_rx_inst/rx_engine_inst/m_axis_cpl_req_data_reg_reg[195]'
INFO: [Synth 8-3886] merging instance 'interface_rx_inst/rx_engine_inst/m_axis_cpl_req_data_reg_reg[195]' (FDRE) to 'interface_rx_inst/rx_engine_inst/m_axis_cpl_req_data_reg_reg[192]'
INFO: [Synth 8-3886] merging instance 'interface_rx_inst/rx_engine_inst/m_axis_cpl_req_data_reg_reg[192]' (FDRE) to 'interface_rx_inst/rx_engine_inst/m_axis_cpl_req_data_reg_reg[193]'
INFO: [Synth 8-3886] merging instance 'interface_rx_inst/rx_engine_inst/m_axis_cpl_req_data_reg_reg[193]' (FDRE) to 'interface_rx_inst/rx_engine_inst/m_axis_cpl_req_data_reg_reg[190]'
INFO: [Synth 8-3886] merging instance 'interface_rx_inst/rx_engine_inst/m_axis_cpl_req_data_reg_reg[190]' (FDRE) to 'interface_rx_inst/rx_engine_inst/m_axis_cpl_req_data_reg_reg[191]'
INFO: [Synth 8-3886] merging instance 'interface_rx_inst/rx_engine_inst/m_axis_cpl_req_data_reg_reg[191]' (FDRE) to 'interface_rx_inst/rx_engine_inst/m_axis_cpl_req_data_reg_reg[188]'
INFO: [Synth 8-3886] merging instance 'interface_rx_inst/rx_engine_inst/m_axis_cpl_req_data_reg_reg[188]' (FDRE) to 'interface_rx_inst/rx_engine_inst/m_axis_cpl_req_data_reg_reg[189]'
INFO: [Synth 8-3886] merging instance 'interface_rx_inst/rx_engine_inst/m_axis_cpl_req_data_reg_reg[189]' (FDRE) to 'interface_rx_inst/rx_engine_inst/m_axis_cpl_req_data_reg_reg[186]'
INFO: [Synth 8-3886] merging instance 'interface_rx_inst/rx_engine_inst/m_axis_cpl_req_data_reg_reg[186]' (FDRE) to 'interface_rx_inst/rx_engine_inst/m_axis_cpl_req_data_reg_reg[187]'
INFO: [Synth 8-3886] merging instance 'interface_rx_inst/rx_engine_inst/m_axis_cpl_req_data_reg_reg[187]' (FDRE) to 'interface_rx_inst/rx_engine_inst/m_axis_cpl_req_data_reg_reg[184]'
INFO: [Synth 8-3886] merging instance 'interface_rx_inst/rx_engine_inst/m_axis_cpl_req_data_reg_reg[184]' (FDRE) to 'interface_rx_inst/rx_engine_inst/m_axis_cpl_req_data_reg_reg[185]'
INFO: [Synth 8-3886] merging instance 'interface_rx_inst/rx_engine_inst/m_axis_cpl_req_data_reg_reg[185]' (FDRE) to 'interface_rx_inst/rx_engine_inst/m_axis_cpl_req_data_reg_reg[182]'
INFO: [Synth 8-3886] merging instance 'interface_rx_inst/rx_engine_inst/m_axis_cpl_req_data_reg_reg[182]' (FDRE) to 'interface_rx_inst/rx_engine_inst/m_axis_cpl_req_data_reg_reg[183]'
INFO: [Synth 8-3886] merging instance 'interface_rx_inst/rx_engine_inst/m_axis_cpl_req_data_reg_reg[183]' (FDRE) to 'interface_rx_inst/rx_engine_inst/m_axis_cpl_req_data_reg_reg[208]'
INFO: [Synth 8-3886] merging instance 'interface_rx_inst/rx_engine_inst/m_axis_cpl_req_data_reg_reg[208]' (FDRE) to 'interface_rx_inst/rx_engine_inst/m_axis_cpl_req_data_reg_reg[209]'
INFO: [Synth 8-3886] merging instance 'interface_rx_inst/rx_engine_inst/m_axis_cpl_req_data_reg_reg[209]' (FDRE) to 'interface_rx_inst/rx_engine_inst/m_axis_cpl_req_data_reg_reg[206]'
INFO: [Synth 8-3886] merging instance 'interface_rx_inst/rx_engine_inst/m_axis_cpl_req_data_reg_reg[206]' (FDRE) to 'interface_rx_inst/rx_engine_inst/m_axis_cpl_req_data_reg_reg[207]'
INFO: [Synth 8-3886] merging instance 'interface_rx_inst/rx_engine_inst/m_axis_cpl_req_data_reg_reg[207]' (FDRE) to 'interface_rx_inst/rx_engine_inst/m_axis_cpl_req_data_reg_reg[204]'
INFO: [Synth 8-3886] merging instance 'interface_rx_inst/rx_engine_inst/m_axis_cpl_req_data_reg_reg[204]' (FDRE) to 'interface_rx_inst/rx_engine_inst/m_axis_cpl_req_data_reg_reg[205]'
INFO: [Synth 8-3886] merging instance 'interface_rx_inst/rx_engine_inst/m_axis_cpl_req_data_reg_reg[205]' (FDRE) to 'interface_rx_inst/rx_engine_inst/m_axis_cpl_req_data_reg_reg[202]'
INFO: [Synth 8-3886] merging instance 'interface_rx_inst/rx_engine_inst/m_axis_cpl_req_data_reg_reg[202]' (FDRE) to 'interface_rx_inst/rx_engine_inst/m_axis_cpl_req_data_reg_reg[203]'
INFO: [Synth 8-3886] merging instance 'interface_rx_inst/rx_engine_inst/m_axis_cpl_req_data_reg_reg[203]' (FDRE) to 'interface_rx_inst/rx_engine_inst/m_axis_cpl_req_data_reg_reg[200]'
INFO: [Synth 8-3886] merging instance 'interface_rx_inst/rx_engine_inst/m_axis_cpl_req_data_reg_reg[200]' (FDRE) to 'interface_rx_inst/rx_engine_inst/m_axis_cpl_req_data_reg_reg[201]'
INFO: [Synth 8-3886] merging instance 'interface_rx_inst/rx_engine_inst/m_axis_cpl_req_data_reg_reg[201]' (FDRE) to 'interface_rx_inst/rx_engine_inst/m_axis_cpl_req_data_reg_reg[198]'
INFO: [Synth 8-3886] merging instance 'interface_rx_inst/rx_engine_inst/m_axis_cpl_req_data_reg_reg[198]' (FDRE) to 'interface_rx_inst/rx_engine_inst/m_axis_cpl_req_data_reg_reg[199]'
INFO: [Synth 8-3886] merging instance 'interface_rx_inst/rx_engine_inst/m_axis_cpl_req_data_reg_reg[199]' (FDRE) to 'interface_rx_inst/rx_engine_inst/m_axis_cpl_req_data_reg_reg[196]'
INFO: [Synth 8-3886] merging instance 'interface_rx_inst/rx_engine_inst/m_axis_cpl_req_data_reg_reg[196]' (FDRE) to 'interface_rx_inst/rx_engine_inst/m_axis_cpl_req_data_reg_reg[197]'
INFO: [Synth 8-3886] merging instance 'interface_rx_inst/rx_engine_inst/m_axis_cpl_req_data_reg_reg[197]' (FDRE) to 'interface_rx_inst/rx_engine_inst/m_axis_cpl_req_data_reg_reg[222]'
INFO: [Synth 8-3886] merging instance 'interface_rx_inst/rx_engine_inst/m_axis_cpl_req_data_reg_reg[222]' (FDRE) to 'interface_rx_inst/rx_engine_inst/m_axis_cpl_req_data_reg_reg[223]'
INFO: [Synth 8-3886] merging instance 'interface_rx_inst/rx_engine_inst/m_axis_cpl_req_data_reg_reg[223]' (FDRE) to 'interface_rx_inst/rx_engine_inst/m_axis_cpl_req_data_reg_reg[220]'
INFO: [Synth 8-3886] merging instance 'interface_rx_inst/rx_engine_inst/m_axis_cpl_req_data_reg_reg[220]' (FDRE) to 'interface_rx_inst/rx_engine_inst/m_axis_cpl_req_data_reg_reg[221]'
INFO: [Synth 8-3886] merging instance 'interface_rx_inst/rx_engine_inst/m_axis_cpl_req_data_reg_reg[221]' (FDRE) to 'interface_rx_inst/rx_engine_inst/m_axis_cpl_req_data_reg_reg[218]'
INFO: [Synth 8-3886] merging instance 'interface_rx_inst/rx_engine_inst/m_axis_cpl_req_data_reg_reg[218]' (FDRE) to 'interface_rx_inst/rx_engine_inst/m_axis_cpl_req_data_reg_reg[219]'
INFO: [Synth 8-3886] merging instance 'interface_rx_inst/rx_engine_inst/m_axis_cpl_req_data_reg_reg[219]' (FDRE) to 'interface_rx_inst/rx_engine_inst/m_axis_cpl_req_data_reg_reg[216]'
INFO: [Synth 8-3886] merging instance 'interface_rx_inst/rx_engine_inst/m_axis_cpl_req_data_reg_reg[216]' (FDRE) to 'interface_rx_inst/rx_engine_inst/m_axis_cpl_req_data_reg_reg[217]'
INFO: [Synth 8-3886] merging instance 'interface_rx_inst/rx_engine_inst/m_axis_cpl_req_data_reg_reg[217]' (FDRE) to 'interface_rx_inst/rx_engine_inst/m_axis_cpl_req_data_reg_reg[214]'
INFO: [Synth 8-3886] merging instance 'interface_rx_inst/rx_engine_inst/m_axis_cpl_req_data_reg_reg[214]' (FDRE) to 'interface_rx_inst/rx_engine_inst/m_axis_cpl_req_data_reg_reg[215]'
INFO: [Synth 8-3886] merging instance 'interface_rx_inst/rx_engine_inst/m_axis_cpl_req_data_reg_reg[215]' (FDRE) to 'interface_rx_inst/rx_engine_inst/m_axis_cpl_req_data_reg_reg[212]'
INFO: [Synth 8-3886] merging instance 'interface_rx_inst/rx_engine_inst/m_axis_cpl_req_data_reg_reg[212]' (FDRE) to 'interface_rx_inst/rx_engine_inst/m_axis_cpl_req_data_reg_reg[213]'
INFO: [Synth 8-3886] merging instance 'interface_rx_inst/rx_engine_inst/m_axis_cpl_req_data_reg_reg[213]' (FDRE) to 'interface_rx_inst/rx_engine_inst/m_axis_cpl_req_data_reg_reg[210]'
INFO: [Synth 8-3886] merging instance 'interface_rx_inst/rx_engine_inst/m_axis_cpl_req_data_reg_reg[210]' (FDRE) to 'interface_rx_inst/rx_engine_inst/m_axis_cpl_req_data_reg_reg[211]'
INFO: [Synth 8-3886] merging instance 'interface_rx_inst/rx_engine_inst/m_axis_cpl_req_data_reg_reg[211]' (FDRE) to 'interface_rx_inst/rx_engine_inst/m_axis_cpl_req_data_reg_reg[236]'
INFO: [Synth 8-3886] merging instance 'interface_rx_inst/rx_engine_inst/m_axis_cpl_req_data_reg_reg[236]' (FDRE) to 'interface_rx_inst/rx_engine_inst/m_axis_cpl_req_data_reg_reg[237]'
INFO: [Synth 8-3886] merging instance 'interface_rx_inst/rx_engine_inst/m_axis_cpl_req_data_reg_reg[237]' (FDRE) to 'interface_rx_inst/rx_engine_inst/m_axis_cpl_req_data_reg_reg[234]'
INFO: [Synth 8-3886] merging instance 'interface_rx_inst/rx_engine_inst/m_axis_cpl_req_data_reg_reg[234]' (FDRE) to 'interface_rx_inst/rx_engine_inst/m_axis_cpl_req_data_reg_reg[235]'
INFO: [Synth 8-3886] merging instance 'interface_rx_inst/rx_engine_inst/m_axis_cpl_req_data_reg_reg[235]' (FDRE) to 'interface_rx_inst/rx_engine_inst/m_axis_cpl_req_data_reg_reg[232]'
INFO: [Synth 8-3886] merging instance 'interface_rx_inst/rx_engine_inst/m_axis_cpl_req_data_reg_reg[232]' (FDRE) to 'interface_rx_inst/rx_engine_inst/m_axis_cpl_req_data_reg_reg[233]'
INFO: [Synth 8-3886] merging instance 'interface_rx_inst/rx_engine_inst/m_axis_cpl_req_data_reg_reg[233]' (FDRE) to 'interface_rx_inst/rx_engine_inst/m_axis_cpl_req_data_reg_reg[230]'
INFO: [Synth 8-3886] merging instance 'interface_rx_inst/rx_engine_inst/m_axis_cpl_req_data_reg_reg[230]' (FDRE) to 'interface_rx_inst/rx_engine_inst/m_axis_cpl_req_data_reg_reg[231]'
INFO: [Synth 8-3886] merging instance 'interface_rx_inst/rx_engine_inst/m_axis_cpl_req_data_reg_reg[231]' (FDRE) to 'interface_rx_inst/rx_engine_inst/m_axis_cpl_req_data_reg_reg[228]'
INFO: [Synth 8-3886] merging instance 'interface_rx_inst/rx_engine_inst/m_axis_cpl_req_data_reg_reg[228]' (FDRE) to 'interface_rx_inst/rx_engine_inst/m_axis_cpl_req_data_reg_reg[229]'
INFO: [Synth 8-3886] merging instance 'interface_rx_inst/rx_engine_inst/m_axis_cpl_req_data_reg_reg[229]' (FDRE) to 'interface_rx_inst/rx_engine_inst/m_axis_cpl_req_data_reg_reg[226]'
INFO: [Synth 8-3886] merging instance 'interface_rx_inst/rx_engine_inst/m_axis_cpl_req_data_reg_reg[226]' (FDRE) to 'interface_rx_inst/rx_engine_inst/m_axis_cpl_req_data_reg_reg[227]'
INFO: [Common 17-14] Message 'Synth 8-3886' appears 100 times and further instances of the messages will be disabled. Use the Tcl command set_msg_config to change the current settings.
INFO: [Common 17-14] Message 'Synth 8-3886' appears 100 times and further instances of the messages will be disabled. Use the Tcl command set_msg_config to change the current settings.
INFO: [Synth 8-3333] propagating constant 0 across sequential element (interface_rx_inst/\rx_engine_inst/m_axis_cpl_req_data_reg_reg[253] )
INFO: [Synth 8-3333] propagating constant 0 across sequential element (interface_rx_inst/\rx_desc_fifo/mark_frame_reg_reg )
INFO: [Synth 8-3333] propagating constant 0 across sequential element (interface_rx_inst/\rx_engine_inst/m_axis_rx_desc_len_reg_reg[15] )
INFO: [Synth 8-3333] propagating constant 0 across sequential element (interface_rx_inst/\rx_engine_inst/buf_rd_ptr_reg_reg[4] )
INFO: [Synth 8-3333] propagating constant 0 across sequential element (\port[0].port_inst /\port_rx_inst/rx_async_fifo_inst/fifo_inst/pause.s_pause_req_sync1_reg_reg )
INFO: [Synth 8-3333] propagating constant 0 across sequential element (cpl_write_inst/\m_axis_dma_write_desc_len_reg_reg[15] )
INFO: [Synth 8-3333] propagating constant 0 across sequential element (cpl_write_inst/\m_axis_dma_write_desc_ram_addr_reg_reg[14] )
INFO: [Synth 8-3333] propagating constant 0 across sequential element (\axil_crossbar_inst/axil_crossbar_rd_inst /\m_ifaces[7].a_arb_inst/mask_reg_reg[0] )
INFO: [Synth 8-3333] propagating constant 0 across sequential element (\axil_crossbar_inst/axil_crossbar_rd_inst /\m_ifaces[6].a_arb_inst/mask_reg_reg[0] )
INFO: [Synth 8-3333] propagating constant 0 across sequential element (\axil_crossbar_inst/axil_crossbar_rd_inst /\m_ifaces[5].a_arb_inst/mask_reg_reg[0] )
INFO: [Synth 8-3333] propagating constant 0 across sequential element (\axil_crossbar_inst/axil_crossbar_rd_inst /\m_ifaces[4].a_arb_inst/mask_reg_reg[0] )
INFO: [Synth 8-3333] propagating constant 0 across sequential element (\axil_crossbar_inst/axil_crossbar_rd_inst /\m_ifaces[3].a_arb_inst/mask_reg_reg[0] )
INFO: [Synth 8-3333] propagating constant 0 across sequential element (\axil_crossbar_inst/axil_crossbar_rd_inst /\m_ifaces[2].a_arb_inst/mask_reg_reg[0] )
INFO: [Synth 8-3333] propagating constant 0 across sequential element (\axil_crossbar_inst/axil_crossbar_rd_inst /\m_ifaces[1].a_arb_inst/mask_reg_reg[0] )
INFO: [Synth 8-3333] propagating constant 0 across sequential element (\axil_crossbar_inst/axil_crossbar_rd_inst /\m_ifaces[0].a_arb_inst/mask_reg_reg[0] )
INFO: [Synth 8-3333] propagating constant 0 across sequential element (\axil_crossbar_inst/axil_crossbar_wr_inst /\m_ifaces[7].a_arb_inst/mask_reg_reg[0] )
INFO: [Synth 8-3333] propagating constant 0 across sequential element (\axil_crossbar_inst/axil_crossbar_wr_inst /\m_ifaces[6].a_arb_inst/mask_reg_reg[0] )
INFO: [Synth 8-3333] propagating constant 0 across sequential element (\axil_crossbar_inst/axil_crossbar_wr_inst /\m_ifaces[5].a_arb_inst/mask_reg_reg[0] )
INFO: [Synth 8-3333] propagating constant 0 across sequential element (\axil_crossbar_inst/axil_crossbar_wr_inst /\m_ifaces[4].a_arb_inst/mask_reg_reg[0] )
INFO: [Synth 8-3333] propagating constant 0 across sequential element (\axil_crossbar_inst/axil_crossbar_wr_inst /\m_ifaces[3].a_arb_inst/mask_reg_reg[0] )
INFO: [Synth 8-3333] propagating constant 0 across sequential element (\axil_crossbar_inst/axil_crossbar_wr_inst /\m_ifaces[2].a_arb_inst/mask_reg_reg[0] )
INFO: [Synth 8-3333] propagating constant 0 across sequential element (\axil_crossbar_inst/axil_crossbar_wr_inst /\m_ifaces[1].a_arb_inst/mask_reg_reg[0] )
INFO: [Synth 8-3333] propagating constant 0 across sequential element (\axil_crossbar_inst/axil_crossbar_wr_inst /\m_ifaces[0].a_arb_inst/mask_reg_reg[0] )
INFO: [Synth 8-3333] propagating constant 0 across sequential element (interface_rx_inst/\rx_engine_inst/buf_wr_ptr_reg_reg[1] )
INFO: [Synth 8-3333] propagating constant 0 across sequential element (\port[0].port_inst /\port_rx_inst/rx_async_fifo_inst/fifo_inst/mark_frame_reg_reg )
INFO: [Synth 8-3333] propagating constant 0 across sequential element (\port[0].port_inst /\port_tx_inst/tx_cpl_fifo_inst/m_drop_frame_reg_reg )
INFO: [Synth 8-3333] propagating constant 0 across sequential element (cq_eq_dma_if_mux_wr_inst/\dma_if_desc_mux_inst/s_axis_desc_tag_reg_reg[27] )
INFO: [Synth 8-3333] propagating constant 0 across sequential element (\axil_crossbar_inst/axil_crossbar_rd_inst /\m_ifaces[7].a_arb_inst/grant_encoded_reg_reg[-1] )
INFO: [Synth 8-3333] propagating constant 0 across sequential element (\axil_crossbar_inst/axil_crossbar_rd_inst /\m_ifaces[6].a_arb_inst/grant_encoded_reg_reg[-1] )
INFO: [Synth 8-3333] propagating constant 0 across sequential element (\axil_crossbar_inst/axil_crossbar_rd_inst /\m_ifaces[5].a_arb_inst/grant_encoded_reg_reg[-1] )
INFO: [Synth 8-3333] propagating constant 0 across sequential element (\axil_crossbar_inst/axil_crossbar_rd_inst /\m_ifaces[4].a_arb_inst/grant_encoded_reg_reg[-1] )
INFO: [Synth 8-3333] propagating constant 0 across sequential element (\axil_crossbar_inst/axil_crossbar_rd_inst /\m_ifaces[3].a_arb_inst/grant_encoded_reg_reg[-1] )
INFO: [Synth 8-3333] propagating constant 0 across sequential element (\axil_crossbar_inst/axil_crossbar_rd_inst /\m_ifaces[2].a_arb_inst/grant_encoded_reg_reg[-1] )
INFO: [Synth 8-3333] propagating constant 0 across sequential element (\axil_crossbar_inst/axil_crossbar_rd_inst /\m_ifaces[1].a_arb_inst/grant_encoded_reg_reg[-1] )
INFO: [Synth 8-3333] propagating constant 0 across sequential element (\axil_crossbar_inst/axil_crossbar_rd_inst /\m_ifaces[0].a_arb_inst/grant_encoded_reg_reg[-1] )
INFO: [Synth 8-3333] propagating constant 0 across sequential element (\axil_crossbar_inst/axil_crossbar_wr_inst /\m_ifaces[7].a_arb_inst/grant_encoded_reg_reg[-1] )
INFO: [Synth 8-3333] propagating constant 0 across sequential element (\axil_crossbar_inst/axil_crossbar_wr_inst /\m_ifaces[6].a_arb_inst/grant_encoded_reg_reg[-1] )
INFO: [Synth 8-3333] propagating constant 0 across sequential element (\axil_crossbar_inst/axil_crossbar_wr_inst /\m_ifaces[5].a_arb_inst/grant_encoded_reg_reg[-1] )
INFO: [Synth 8-3333] propagating constant 0 across sequential element (\axil_crossbar_inst/axil_crossbar_wr_inst /\m_ifaces[4].a_arb_inst/grant_encoded_reg_reg[-1] )
INFO: [Synth 8-3333] propagating constant 0 across sequential element (\axil_crossbar_inst/axil_crossbar_wr_inst /\m_ifaces[3].a_arb_inst/grant_encoded_reg_reg[-1] )
INFO: [Synth 8-3333] propagating constant 0 across sequential element (\axil_crossbar_inst/axil_crossbar_wr_inst /\m_ifaces[2].a_arb_inst/grant_encoded_reg_reg[-1] )
INFO: [Synth 8-3333] propagating constant 0 across sequential element (\axil_crossbar_inst/axil_crossbar_wr_inst /\m_ifaces[1].a_arb_inst/grant_encoded_reg_reg[-1] )
INFO: [Synth 8-3333] propagating constant 0 across sequential element (\axil_crossbar_inst/axil_crossbar_wr_inst /\m_ifaces[0].a_arb_inst/grant_encoded_reg_reg[-1] )
INFO: [Synth 8-3333] propagating constant 0 across sequential element (cpl_op_mux_inst/\arb_inst/mask_reg_reg[0] )
INFO: [Synth 8-3333] propagating constant 0 across sequential element (\port[0].port_inst /i_4/\port_tx_inst/tx_cpl_fifo_inst/m_axis_pipe_reg_reg[0][95] )
INFO: [Synth 8-3333] propagating constant 0 across sequential element (interface_rx_inst/\rx_engine_inst/mqnic_rx_queue_map_inst/reg_rd_data_reg_reg[18] )
INFO: [Synth 8-3333] propagating constant 0 across sequential element (interface_rx_inst/\rx_engine_inst/mqnic_rx_queue_map_inst/reg_rd_data_reg_reg[30] )
INFO: [Synth 8-3333] propagating constant 0 across sequential element (\port[0].port_inst /\ctrl_reg_rd_data_reg_reg[31] )
INFO: [Synth 8-7067] Removed DRAM instance cpl_write_inst/i_5/desc_table_sel_reg_0_31_0_0 from module cpl_write__parameterized0 due to constant propagation
INFO: [Synth 8-3333] propagating constant 0 across sequential element (interface_rx_inst/\ingress_inst/rx_hash_inst /\hash_part_type_reg_reg[1] )
INFO: [Synth 8-3333] propagating constant 0 across sequential element (cpl_op_mux_inst/\s_axis_req_data_reg_reg[509] )
INFO: [Synth 8-3333] propagating constant 0 across sequential element (interface_rx_inst/\rx_engine_inst/m_axis_rx_desc_addr_reg_reg[4] )
INFO: [Synth 8-3333] propagating constant 0 across sequential element (\port[0].port_inst /\port_rx_inst/rx_async_fifo_inst/fifo_inst/pause.s_pause_req_sync2_reg_reg )
INFO: [Synth 8-3333] propagating constant 0 across sequential element (cq_eq_dma_if_mux_wr_inst/\dma_if_desc_mux_inst/s_axis_desc_ram_addr_reg_reg[29] )
INFO: [Synth 8-3333] propagating constant 0 across sequential element (\axil_crossbar_inst/axil_crossbar_rd_inst /\m_ifaces[7].a_arb_inst/grant_encoded_reg_reg[0] )
INFO: [Synth 8-3333] propagating constant 0 across sequential element (\axil_crossbar_inst/axil_crossbar_rd_inst /\m_ifaces[6].a_arb_inst/grant_encoded_reg_reg[0] )
INFO: [Synth 8-3333] propagating constant 0 across sequential element (\axil_crossbar_inst/axil_crossbar_rd_inst /\m_ifaces[5].a_arb_inst/grant_encoded_reg_reg[0] )
INFO: [Synth 8-3333] propagating constant 0 across sequential element (\axil_crossbar_inst/axil_crossbar_rd_inst /\m_ifaces[4].a_arb_inst/grant_encoded_reg_reg[0] )
INFO: [Synth 8-3333] propagating constant 0 across sequential element (\axil_crossbar_inst/axil_crossbar_rd_inst /\m_ifaces[3].a_arb_inst/grant_encoded_reg_reg[0] )
INFO: [Synth 8-3333] propagating constant 0 across sequential element (\axil_crossbar_inst/axil_crossbar_rd_inst /\m_ifaces[2].a_arb_inst/grant_encoded_reg_reg[0] )
INFO: [Synth 8-3333] propagating constant 0 across sequential element (\axil_crossbar_inst/axil_crossbar_rd_inst /\m_ifaces[1].a_arb_inst/grant_encoded_reg_reg[0] )
INFO: [Synth 8-3333] propagating constant 0 across sequential element (\axil_crossbar_inst/axil_crossbar_rd_inst /\m_ifaces[0].a_arb_inst/grant_encoded_reg_reg[0] )
INFO: [Synth 8-3333] propagating constant 0 across sequential element (\axil_crossbar_inst/axil_crossbar_wr_inst /\m_ifaces[7].a_arb_inst/grant_encoded_reg_reg[0] )
INFO: [Synth 8-3333] propagating constant 0 across sequential element (\axil_crossbar_inst/axil_crossbar_wr_inst /\m_ifaces[6].a_arb_inst/grant_encoded_reg_reg[0] )
INFO: [Synth 8-3333] propagating constant 0 across sequential element (\axil_crossbar_inst/axil_crossbar_wr_inst /\m_ifaces[5].a_arb_inst/grant_encoded_reg_reg[0] )
INFO: [Synth 8-3333] propagating constant 0 across sequential element (\axil_crossbar_inst/axil_crossbar_wr_inst /\m_ifaces[4].a_arb_inst/grant_encoded_reg_reg[0] )
INFO: [Synth 8-3333] propagating constant 0 across sequential element (\axil_crossbar_inst/axil_crossbar_wr_inst /\m_ifaces[3].a_arb_inst/grant_encoded_reg_reg[0] )
INFO: [Synth 8-3333] propagating constant 0 across sequential element (\axil_crossbar_inst/axil_crossbar_wr_inst /\m_ifaces[2].a_arb_inst/grant_encoded_reg_reg[0] )
INFO: [Synth 8-3333] propagating constant 0 across sequential element (\axil_crossbar_inst/axil_crossbar_wr_inst /\m_ifaces[1].a_arb_inst/grant_encoded_reg_reg[0] )
INFO: [Synth 8-3333] propagating constant 0 across sequential element (\axil_crossbar_inst/axil_crossbar_wr_inst /\m_ifaces[0].a_arb_inst/grant_encoded_reg_reg[0] )
INFO: [Synth 8-3333] propagating constant 0 across sequential element (cpl_write_inst/i_9/\m_axis_req_status_tag_reg_reg[6] )
INFO: [Synth 8-3333] propagating constant 0 across sequential element (\port[0].port_inst /\rx_pfc_ack_sync_1_reg_reg[7] )
INFO: [Synth 8-3333] propagating constant 0 across sequential element (\port[0].port_inst /\tx_pfc_req_sync_1_reg_reg[7] )
INFO: [Synth 8-3333] propagating constant 0 across sequential element (\port[0].port_inst /\port_tx_inst/tx_cpl_fifo_inst/m_axis_pipe_reg_reg[1][95] )
INFO: [Synth 8-3333] propagating constant 0 across sequential element (interface_rx_inst/\ingress_inst/rx_hash_inst /\hash_part_type_reg_reg[1] )
INFO: [Synth 8-3333] propagating constant 0 across sequential element (\port[0].port_inst /\port_rx_inst/rx_async_fifo_inst/fifo_inst/pause.s_pause_req_sync2_reg_reg )
INFO: [Synth 8-3333] propagating constant 0 across sequential element (\axil_crossbar_inst/axil_crossbar_wr_inst /\m_ifaces[7].w_select_reg_reg[0] )
INFO: [Synth 8-3333] propagating constant 0 across sequential element (\axil_crossbar_inst/axil_crossbar_wr_inst /\m_ifaces[6].w_select_reg_reg[0] )
INFO: [Synth 8-3333] propagating constant 0 across sequential element (\axil_crossbar_inst/axil_crossbar_wr_inst /\m_ifaces[5].w_select_reg_reg[0] )
INFO: [Synth 8-3333] propagating constant 0 across sequential element (\axil_crossbar_inst/axil_crossbar_wr_inst /\m_ifaces[4].w_select_reg_reg[0] )
INFO: [Synth 8-3333] propagating constant 0 across sequential element (\axil_crossbar_inst/axil_crossbar_wr_inst /\m_ifaces[3].w_select_reg_reg[0] )
INFO: [Synth 8-3333] propagating constant 0 across sequential element (\axil_crossbar_inst/axil_crossbar_wr_inst /\m_ifaces[2].w_select_reg_reg[0] )
INFO: [Synth 8-3333] propagating constant 0 across sequential element (\axil_crossbar_inst/axil_crossbar_wr_inst /\m_ifaces[1].w_select_reg_reg[0] )
INFO: [Synth 8-3333] propagating constant 0 across sequential element (\axil_crossbar_inst/axil_crossbar_wr_inst /\m_ifaces[0].w_select_reg_reg[0] )
INFO: [Synth 8-3333] propagating constant 0 across sequential element (\port[0].port_inst /\rx_pfc_ack_sync_1_reg_reg[7] )
INFO: [Synth 8-3333] propagating constant 0 across sequential element (\port[0].port_inst /\tx_pfc_req_sync_1_reg_reg[7] )
INFO: [Synth 8-6904] The RAM "interface_tx_inst/\egress_inst/tx_checksum_inst /csum_fifo/mem_reg" of size (depth=64 x width=25) is automatically implemented using LUTRAM. BRAM implementation would be inefficient 
INFO: [Synth 8-4471] merging register 'csum_offset_reg_reg[7:0]' into 'csum_offset_reg_reg[7:0]' [D:/FPGA/mqnic_prj/mqnic_prj.srcs/sources_1/imports/fpga_pcie/rtl/common/tx_checksum.v:435]
INFO: [Synth 8-4471] merging register 'csum_offset_reg_reg[7:0]' into 'csum_offset_reg_reg[7:0]' [D:/FPGA/mqnic_prj/mqnic_prj.srcs/sources_1/imports/fpga_pcie/rtl/common/tx_checksum.v:435]
INFO: [Synth 8-6904] The RAM "interface_tx_inst/egress_inst/tx_csum_cmd_fifo/mem_reg" of size (depth=32 x width=17) is automatically implemented using LUTRAM. BRAM implementation would be inefficient 
RAM ("interface_tx_inst/tx_desc_fifo/mem_reg") is too shallow (depth = 128) to use URAM. Choosing BRAM instead of URAM 
RAM ("interface_tx_inst/dma_psdpram_tx_inst/genblk1[0].mem_reg_reg") is too shallow (depth = 1024) to use URAM. Choosing BRAM instead of URAM 
RAM ("interface_tx_inst/dma_psdpram_tx_inst/genblk1[1].mem_reg_reg") is too shallow (depth = 1024) to use URAM. Choosing BRAM instead of URAM 
INFO: [Synth 8-7124] RAM ("interface_tx_inst/\egress_inst/tx_checksum_inst /data_fifo/mem_reg") is implemented using BRAM instead of URAM. Memory would be severely underutilized if URAMs are used
INFO: [Synth 8-5555] Implemented Block Ram Cascade chain of height 2 and width 36 for RAM "interface_tx_inst/\egress_inst/tx_checksum_inst /data_fifo/mem_reg"
INFO: [Synth 8-5555] Implemented Block Ram Cascade chain of height 2 and width 36 for RAM "interface_tx_inst/\egress_inst/tx_checksum_inst /data_fifo/mem_reg"
INFO: [Synth 8-7030] Implemented Non-Cascaded Block Ram (cascade_height = 1) of width 18 for RAM "interface_tx_inst/\egress_inst/tx_checksum_inst /data_fifo/mem_reg"
INFO: [Synth 8-7030] Implemented Non-Cascaded Block Ram (cascade_height = 1) of width 17 for RAM "interface_tx_inst/\egress_inst/tx_checksum_inst /data_fifo/mem_reg"
INFO: [Synth 8-6904] The RAM "interface_tx_inst/\egress_inst/tx_checksum_inst /csum_fifo/mem_reg" of size (depth=64 x width=25) is automatically implemented using LUTRAM. BRAM implementation would be inefficient 
INFO: [Synth 8-6904] The RAM "interface_tx_inst/egress_inst/tx_csum_cmd_fifo/mem_reg" of size (depth=32 x width=17) is automatically implemented using LUTRAM. BRAM implementation would be inefficient 
RAM ("\desc_fetch_inst/dma_psdpram_inst/genblk1[0].mem_reg_reg ") is too shallow (depth = 128) to use URAM. Choosing BRAM instead of URAM 
RAM ("\desc_fetch_inst/dma_psdpram_inst/genblk1[1].mem_reg_reg ") is too shallow (depth = 128) to use URAM. Choosing BRAM instead of URAM 
INFO: [Synth 8-3333] propagating constant 0 across sequential element (interface_tx_inst/tx_engine_inst/\m_axis_tx_desc_user_reg_reg[0] )
INFO: [Synth 8-3333] propagating constant 0 across sequential element (interface_tx_inst/tx_engine_inst/\m_axis_tx_desc_user_reg_reg[15] )
INFO: [Synth 8-3333] propagating constant 0 across sequential element (\desc_fetch_inst/dma_read_desc_user_reg_reg )
INFO: [Synth 8-3333] propagating constant 0 across sequential element (\desc_fetch_inst/dma_read_desc_len_reg_reg[3] )
INFO: [Synth 8-3333] propagating constant 0 across sequential element (interface_tx_inst/\tx_desc_fifo/mark_frame_reg_reg )
INFO: [Synth 8-3333] propagating constant 0 across sequential element (interface_tx_inst/\egress_inst/tx_checksum_inst /\data_fifo/mark_frame_reg_reg )
INFO: [Synth 8-3333] propagating constant 0 across sequential element (\desc_op_mux_inst/s_axis_req_sel_reg_reg[0] )
INFO: [Synth 8-3333] propagating constant 0 across sequential element (interface_tx_inst/tx_engine_inst/\buf_rd_ptr_reg_reg[4] )
INFO: [Synth 8-3333] propagating constant 0 across sequential element (\desc_op_mux_inst/arb_inst/mask_reg_reg[0] )
INFO: [Synth 8-3333] propagating constant 0 across sequential element (interface_tx_inst/tx_engine_inst/\buf_wr_ptr_reg_reg[4] )
INFO: [Synth 8-3333] propagating constant 0 across sequential element (interface_tx_inst/tx_engine_inst/early_tx_req_status_valid_reg_reg)
INFO: [Synth 8-3333] propagating constant 0 across sequential element (\desc_fetch_inst/m_axis_dma_read_desc_ram_addr_reg_reg[14] )
INFO: [Synth 8-3333] propagating constant 0 across sequential element (interface_tx_inst/tx_engine_inst/\m_axis_cpl_req_data_reg_reg[255] )
INFO: [Synth 8-3333] propagating constant 0 across sequential element (interface_tx_inst/\dma_client_axis_source_inst/axis_cmd_axis_user_reg_reg[15] )
INFO: [Common 17-14] Message 'Synth 8-3333' appears 100 times and further instances of the messages will be disabled. Use the Tcl command set_msg_config to change the current settings.
INFO: [Synth 8-7067] Removed DRAM instance i_7/desc_fetch_inst/__7/desc_fetch_inst/dma_client_axis_source_inst/out_fifo_tkeep_reg_0_31_0_13 from module partition__21 due to constant propagation
INFO: [Synth 8-7067] Removed DRAM instance i_7/desc_fetch_inst/__7/desc_fetch_inst/dma_client_axis_source_inst/out_fifo_tkeep_reg_0_31_14_15 from module partition__21 due to constant propagation
INFO: [Synth 8-7067] Removed DRAM instance i_10/desc_fetch_inst/__10/desc_fetch_inst/dma_client_axis_source_inst/out_fifo_tuser_reg_0_31_0_0 from module partition__24 due to constant propagation
INFO: [Synth 8-7067] Removed DRAM instance i_10/desc_fetch_inst/__10/desc_fetch_inst/dma_client_axis_source_inst/out_fifo_tuser_reg_0_31_0_0 from module partition__24 due to constant propagation
INFO: [Synth 8-6904] The RAM "\sched[0].scheduler_block/tx_scheduler_inst /doorbell_fifo/mem_reg" of size (depth=256 x width=13) is automatically implemented using LUTRAM. BRAM implementation would be inefficient 
INFO: [Synth 8-5784] Optimized 1 bits of RAM "rx_fifo_inst/fifo[0].fifo_inst/fifo_inst/mem_reg" due to constant propagation. Old ram width 171 bits, new ram width 170 bits.
INFO: [Synth 8-6793] RAM ("mqnic_interface__GB2/rx_fifo_inst/fifo[0].fifo_inst/fifo_inst/mem_reg") is implemented using BRAM instead of URAM due to insufficient pipeline registers. Available pipeline stages = 0, Minimum required pipeline stages = 1 
INFO: [Synth 8-5555] Implemented Block Ram Cascade chain of height 8 and width 36 for RAM "mqnic_interface__GB2/rx_fifo_inst/fifo[0].fifo_inst/fifo_inst/mem_reg"
INFO: [Synth 8-5555] Implemented Block Ram Cascade chain of height 8 and width 36 for RAM "mqnic_interface__GB2/rx_fifo_inst/fifo[0].fifo_inst/fifo_inst/mem_reg"
INFO: [Synth 8-5555] Implemented Block Ram Cascade chain of height 8 and width 36 for RAM "mqnic_interface__GB2/rx_fifo_inst/fifo[0].fifo_inst/fifo_inst/mem_reg"
INFO: [Synth 8-5555] Implemented Block Ram Cascade chain of height 8 and width 36 for RAM "mqnic_interface__GB2/rx_fifo_inst/fifo[0].fifo_inst/fifo_inst/mem_reg"
INFO: [Synth 8-5555] Implemented Block Ram Cascade chain of height 4 and width 18 for RAM "mqnic_interface__GB2/rx_fifo_inst/fifo[0].fifo_inst/fifo_inst/mem_reg"
INFO: [Synth 8-5555] Implemented Block Ram Cascade chain of height 2 and width 8 for RAM "mqnic_interface__GB2/rx_fifo_inst/fifo[0].fifo_inst/fifo_inst/mem_reg"
INFO: [Synth 8-6904] The RAM "mqnic_interface__GB2/sched[0].scheduler_block/tx_scheduler_inst/doorbell_fifo/mem_reg" of size (depth=256 x width=13) is automatically implemented using LUTRAM. BRAM implementation would be inefficient 
INFO: [Synth 8-7124] RAM ("mqnic_interface__GB2/sched[0].scheduler_block/tx_scheduler_inst/rr_fifo/mem_reg") is implemented using BRAM instead of URAM. Memory would be severely underutilized if URAMs are used
INFO: [Synth 8-5555] Implemented Block Ram Cascade chain of height 2 and width 9 for RAM "mqnic_interface__GB2/sched[0].scheduler_block/tx_scheduler_inst/rr_fifo/mem_reg"
INFO: [Synth 8-7030] Implemented Non-Cascaded Block Ram (cascade_height = 1) of width 4 for RAM "mqnic_interface__GB2/sched[0].scheduler_block/tx_scheduler_inst/rr_fifo/mem_reg"
INFO: [Synth 8-7124] RAM ("mqnic_interface__GB2/sched[0].scheduler_block/tx_scheduler_inst/queue_ram_reg") is implemented using BRAM instead of URAM. Memory would be severely underutilized if URAMs are used
WARNING: [Synth 8-6841] Block RAM (sched[0].scheduler_block/tx_scheduler_inst/queue_ram_reg) originally specified as a Byte Wide Write Enable RAM cannot take advantage of ByteWide feature and is implemented with single write enable per RAM due to following reason.
(address width (13) is more than optimal threshold of 12. Implementing using BWWE will require more logic and timing would be suboptimal. Please use attribute ram_decomp = power if BWWE is desired.)
INFO: [Synth 8-7124] RAM ("mqnic_interface__GB2/sched[0].scheduler_block/tx_scheduler_inst/queue_ram_reg") is implemented using BRAM instead of URAM. Memory would be severely underutilized if URAMs are used
INFO: [Synth 8-5555] Implemented Block Ram Cascade chain of height 2 and width 8 for RAM "mqnic_interface__GB2/sched[0].scheduler_block/tx_scheduler_inst/queue_ram_reg"
INFO: [Synth 8-7124] RAM ("mqnic_interface__GB2/sched[0].scheduler_block/tx_scheduler_inst/queue_ram_reg") is implemented using BRAM instead of URAM. Memory would be severely underutilized if URAMs are used
INFO: [Synth 8-5555] Implemented Block Ram Cascade chain of height 2 and width 8 for RAM "mqnic_interface__GB2/sched[0].scheduler_block/tx_scheduler_inst/queue_ram_reg"
INFO: [Synth 8-6794] RAM ("tx_qm_inst/queue_ram_reg") will be automatically implemented using URAM. 
INFO: [Synth 8-6794] RAM ("tx_qm_inst/queue_ram_reg") will be automatically implemented using URAM. 
INFO: [Synth 8-5780] Default cascade height of 2 will be used for URAM '"tx_qm_inst/queue_ram_reg"'.
INFO: [Synth 8-6794] RAM ("tx_qm_inst/queue_ram_reg") will be automatically implemented using URAM. 
INFO: [Synth 8-6794] RAM ("tx_qm_inst/queue_ram_reg") will be automatically implemented using URAM. 
INFO: [Synth 8-5780] Default cascade height of 2 will be used for URAM '"tx_qm_inst/queue_ram_reg"'.
INFO: [Synth 8-6776] UltraRAM "tx_qm_inst/queue_ram_reg": Pipeline stages found = 3; Recommended pipeline stages =1, Maximum pipeline stages = 3
INFO: [Synth 8-5814] Pipeline result for URAM ("tx_qm_inst/queue_ram_reg"): Matrix size= (1 cols x 2 rows) | Pipeline stages => ( available = 3, absorbed = 3 )
INFO: [Synth 8-7067] Removed DRAM instance i_85/event_write_inst/desc_table_sel_reg_0_31_0_0 from module mqnic_interface__GB2 due to constant propagation
INFO: [Synth 8-7067] Removed DRAM instance i_85/event_write_inst/desc_table_sel_reg_0_31_1_1 from module mqnic_interface__GB2 due to constant propagation
INFO: [Synth 8-7067] Removed DRAM instance i_102/event_write_inst/desc_table_data_reg_r2_0_31_252_254 from module mqnic_interface__GB2 due to constant propagation
INFO: [Synth 8-7067] Removed DRAM instance i_102/event_write_inst/desc_table_data_reg_r2_0_31_238_251 from module mqnic_interface__GB2 due to constant propagation
INFO: [Synth 8-7067] Removed DRAM instance i_102/event_write_inst/desc_table_data_reg_r2_0_31_224_237 from module mqnic_interface__GB2 due to constant propagation
INFO: [Synth 8-7067] Removed DRAM instance i_102/event_write_inst/desc_table_data_reg_r2_0_31_210_223 from module mqnic_interface__GB2 due to constant propagation
INFO: [Synth 8-7067] Removed DRAM instance i_102/event_write_inst/desc_table_data_reg_r2_0_31_196_209 from module mqnic_interface__GB2 due to constant propagation
INFO: [Synth 8-7067] Removed DRAM instance i_102/event_write_inst/desc_table_data_reg_r2_0_31_182_195 from module mqnic_interface__GB2 due to constant propagation
INFO: [Synth 8-7067] Removed DRAM instance i_102/event_write_inst/desc_table_data_reg_r2_0_31_168_181 from module mqnic_interface__GB2 due to constant propagation
INFO: [Synth 8-7067] Removed DRAM instance i_102/event_write_inst/desc_table_data_reg_r2_0_31_154_167 from module mqnic_interface__GB2 due to constant propagation
INFO: [Synth 8-7067] Removed DRAM instance i_102/event_write_inst/desc_table_data_reg_r2_0_31_140_153 from module mqnic_interface__GB2 due to constant propagation
INFO: [Synth 8-7067] Removed DRAM instance i_102/event_write_inst/desc_table_data_reg_r2_0_31_126_139 from module mqnic_interface__GB2 due to constant propagation
INFO: [Synth 8-7067] Removed DRAM instance i_102/event_write_inst/desc_table_data_reg_r1_0_31_126_139 from module mqnic_interface__GB2 due to constant propagation
INFO: [Synth 8-7067] Removed DRAM instance i_102/event_write_inst/desc_table_data_reg_r1_0_31_112_125 from module mqnic_interface__GB2 due to constant propagation
INFO: [Synth 8-7067] Removed DRAM instance i_102/event_write_inst/desc_table_data_reg_r1_0_31_98_111 from module mqnic_interface__GB2 due to constant propagation
INFO: [Synth 8-7067] Removed DRAM instance i_102/event_write_inst/desc_table_data_reg_r1_0_31_84_97 from module mqnic_interface__GB2 due to constant propagation
INFO: [Synth 8-7067] Removed DRAM instance i_102/event_write_inst/desc_table_data_reg_r1_0_31_70_83 from module mqnic_interface__GB2 due to constant propagation
INFO: [Synth 8-7067] Removed DRAM instance i_102/event_write_inst/desc_table_data_reg_r1_0_31_56_69 from module mqnic_interface__GB2 due to constant propagation
INFO: [Synth 8-7067] Removed DRAM instance i_102/event_write_inst/desc_table_data_reg_r1_0_31_42_55 from module mqnic_interface__GB2 due to constant propagation
INFO: [Synth 8-7067] Removed DRAM instance i_102/event_write_inst/desc_table_data_reg_r1_0_31_0_13 from module mqnic_interface__GB2 due to constant propagation
INFO: [Synth 8-7067] Removed DRAM instance i_85/event_write_inst/desc_table_sel_reg_0_31_0_0 from module mqnic_interface__GB2 due to constant propagation
INFO: [Synth 8-5546] ROM "ctrl_reg_rd_ack_reg" won't be mapped to RAM because it is too sparse
INFO: [Synth 8-5546] ROM "ctrl_reg_rd_ack_reg" won't be mapped to RAM because it is too sparse
INFO: [Synth 8-6904] The RAM "mqnic_interface__GB3/irq_fifo/mem_reg" of size (depth=128 x width=6) is automatically implemented using LUTRAM. BRAM implementation would be inefficient 
WARNING: [Synth 8-3917] design mqnic_interface__GB3 has port m_axil_bresp[1] driven by constant 0
WARNING: [Synth 8-3917] design mqnic_interface__GB3 has port m_axil_bresp[0] driven by constant 0
WARNING: [Synth 8-3917] design mqnic_interface__GB3 has port m_axil_rresp[1] driven by constant 0
WARNING: [Synth 8-3917] design mqnic_interface__GB3 has port m_axil_rresp[0] driven by constant 0
WARNING: [Synth 8-3917] design mqnic_interface__GB3 has port status_depth[2] driven by constant 0
INFO: [Common 17-14] Message 'Synth 8-3917' appears 100 times and further instances of the messages will be disabled. Use the Tcl command set_msg_config to change the current settings.
RAM ("rx_qm_inst/queue_ram_reg") is too shallow (depth = 256) to use URAM. Choosing BRAM instead of URAM 
INFO: [Synth 8-6794] RAM ("cqm_inst/queue_ram_reg") will be automatically implemented using URAM. 
INFO: [Synth 8-6794] RAM ("cqm_inst/queue_ram_reg") will be automatically implemented using URAM. 
INFO: [Synth 8-5780] Default cascade height of 4 will be used for URAM '"cqm_inst/queue_ram_reg"'.
INFO: [Synth 8-5784] Optimized 2 bits of RAM "event_fifo/mem_reg" due to constant propagation. Old ram width 22 bits, new ram width 20 bits.
RAM ("mqnic_interface__GB3/event_fifo/mem_reg") is too shallow (depth = 1024) to use URAM. Choosing BRAM instead of URAM 
INFO: [Synth 8-7030] Implemented Non-Cascaded Block Ram (cascade_height = 1) of width 20 for RAM "mqnic_interface__GB3/event_fifo/mem_reg"
RAM ("event_queue_manager_inst/queue_ram_reg") is too shallow (depth = 64) to use URAM. Choosing BRAM instead of URAM 
INFO: [Synth 8-6794] RAM ("mqnic_interface__GB3/tx_fifo_inst/fifo[0].fifo_inst/fifo_inst/mem_reg") will be automatically implemented using URAM. 
INFO: [Synth 8-5780] Default cascade height of 1 will be used for URAM '"mqnic_interface__GB3/tx_fifo_inst/fifo[0].fifo_inst/fifo_inst/mem_reg"'.
INFO: [Synth 8-6904] The RAM "mqnic_interface__GB3/irq_fifo/mem_reg" of size (depth=128 x width=6) is automatically implemented using LUTRAM. BRAM implementation would be inefficient 
INFO: [Synth 8-6794] RAM ("cqm_inst/queue_ram_reg") will be automatically implemented using URAM. 
INFO: [Synth 8-6794] RAM ("cqm_inst/queue_ram_reg") will be automatically implemented using URAM. 
INFO: [Synth 8-5780] Default cascade height of 4 will be used for URAM '"cqm_inst/queue_ram_reg"'.
INFO: [Synth 8-6794] RAM ("mqnic_interface__GB3/tx_fifo_inst/fifo[0].fifo_inst/fifo_inst/mem_reg") will be automatically implemented using URAM. 
INFO: [Synth 8-5780] Default cascade height of 1 will be used for URAM '"mqnic_interface__GB3/tx_fifo_inst/fifo[0].fifo_inst/fifo_inst/mem_reg"'.
INFO: [Synth 8-6776] UltraRAM "cqm_inst/queue_ram_reg": Pipeline stages found = 4; Recommended pipeline stages =2, Maximum pipeline stages = 5
INFO: [Synth 8-5814] Pipeline result for URAM ("cqm_inst/queue_ram_reg"): Matrix size= (1 cols x 4 rows) | Pipeline stages => ( available = 4, absorbed = 4 )
INFO: [Synth 8-4471] merging register 'sample_acc_sync_reg_reg[5:0]' into 'sample_acc_sync_reg_reg[5:0]' [D:/FPGA/mqnic_prj/mqnic_prj.srcs/sources_1/imports/fpga_pcie/lib/eth/rtl/ptp_td_leaf.v:512]
INFO: [Synth 8-4471] merging register 'ts_ns_diff_reg_reg[12:0]' into 'ts_ns_diff_reg_reg[12:0]' [D:/FPGA/mqnic_prj/mqnic_prj.srcs/sources_1/imports/fpga_pcie/lib/eth/rtl/ptp_td_leaf.v:961]
INFO: [Synth 8-4471] merging register 'ts_ns_diff_reg_reg[12:0]' into 'ts_ns_diff_reg_reg[12:0]' [D:/FPGA/mqnic_prj/mqnic_prj.srcs/sources_1/imports/fpga_pcie/lib/eth/rtl/ptp_td_leaf.v:961]
INFO: [Synth 8-4471] merging register 'sample_acc_sync_reg_reg[5:0]' into 'sample_acc_sync_reg_reg[5:0]' [D:/FPGA/mqnic_prj/mqnic_prj.srcs/sources_1/imports/fpga_pcie/lib/eth/rtl/ptp_td_leaf.v:512]
INFO: [Synth 8-4471] merging register 'sample_acc_sync_reg_reg[5:0]' into 'sample_acc_sync_reg_reg[5:0]' [D:/FPGA/mqnic_prj/mqnic_prj.srcs/sources_1/imports/fpga_pcie/lib/eth/rtl/ptp_td_leaf.v:512]
INFO: [Synth 8-4471] merging register 'phase_err_acc_reg_reg[4:0]' into 'phase_err_acc_reg_reg[4:0]' [D:/FPGA/mqnic_prj/mqnic_prj.srcs/sources_1/imports/fpga_pcie/lib/eth/rtl/ptp_td_leaf.v:563]
INFO: [Synth 8-4471] merging register 'phase_err_out_reg_reg[4:0]' into 'phase_err_out_reg_reg[4:0]' [D:/FPGA/mqnic_prj/mqnic_prj.srcs/sources_1/imports/fpga_pcie/lib/eth/rtl/ptp_td_leaf.v:569]
WARNING: [Synth 8-3936] Found unconnected internal register 'src_period_reg_reg' and it is trimmed from '40' to '38' bits. [D:/FPGA/mqnic_prj/mqnic_prj.srcs/sources_1/imports/fpga_pcie/lib/eth/rtl/ptp_td_leaf.v:235]
INFO: [Synth 8-4471] merging register 'sample_acc_sync_reg_reg[5:0]' into 'sample_acc_sync_reg_reg[5:0]' [D:/FPGA/mqnic_prj/mqnic_prj.srcs/sources_1/imports/fpga_pcie/lib/eth/rtl/ptp_td_leaf.v:512]
INFO: [Synth 8-4471] merging register 'ts_ns_diff_reg_reg[12:0]' into 'ts_ns_diff_reg_reg[12:0]' [D:/FPGA/mqnic_prj/mqnic_prj.srcs/sources_1/imports/fpga_pcie/lib/eth/rtl/ptp_td_leaf.v:961]
INFO: [Synth 8-4471] merging register 'ts_ns_diff_reg_reg[12:0]' into 'ts_ns_diff_reg_reg[12:0]' [D:/FPGA/mqnic_prj/mqnic_prj.srcs/sources_1/imports/fpga_pcie/lib/eth/rtl/ptp_td_leaf.v:961]
INFO: [Synth 8-4471] merging register 'sample_acc_sync_reg_reg[5:0]' into 'sample_acc_sync_reg_reg[5:0]' [D:/FPGA/mqnic_prj/mqnic_prj.srcs/sources_1/imports/fpga_pcie/lib/eth/rtl/ptp_td_leaf.v:512]
INFO: [Synth 8-4471] merging register 'sample_acc_sync_reg_reg[5:0]' into 'sample_acc_sync_reg_reg[5:0]' [D:/FPGA/mqnic_prj/mqnic_prj.srcs/sources_1/imports/fpga_pcie/lib/eth/rtl/ptp_td_leaf.v:512]
INFO: [Synth 8-4471] merging register 'phase_err_acc_reg_reg[4:0]' into 'phase_err_acc_reg_reg[4:0]' [D:/FPGA/mqnic_prj/mqnic_prj.srcs/sources_1/imports/fpga_pcie/lib/eth/rtl/ptp_td_leaf.v:563]
INFO: [Synth 8-4471] merging register 'phase_err_out_reg_reg[4:0]' into 'phase_err_out_reg_reg[4:0]' [D:/FPGA/mqnic_prj/mqnic_prj.srcs/sources_1/imports/fpga_pcie/lib/eth/rtl/ptp_td_leaf.v:569]
WARNING: [Synth 8-3936] Found unconnected internal register 'src_period_reg_reg' and it is trimmed from '40' to '38' bits. [D:/FPGA/mqnic_prj/mqnic_prj.srcs/sources_1/imports/fpga_pcie/lib/eth/rtl/ptp_td_leaf.v:235]
INFO: [Synth 8-4471] merging register 'sample_acc_sync_reg_reg[5:0]' into 'sample_acc_sync_reg_reg[5:0]' [D:/FPGA/mqnic_prj/mqnic_prj.srcs/sources_1/imports/fpga_pcie/lib/eth/rtl/ptp_td_leaf.v:512]
INFO: [Synth 8-4471] merging register 'ts_ns_diff_reg_reg[12:0]' into 'ts_ns_diff_reg_reg[12:0]' [D:/FPGA/mqnic_prj/mqnic_prj.srcs/sources_1/imports/fpga_pcie/lib/eth/rtl/ptp_td_leaf.v:961]
INFO: [Synth 8-4471] merging register 'ts_ns_diff_reg_reg[12:0]' into 'ts_ns_diff_reg_reg[12:0]' [D:/FPGA/mqnic_prj/mqnic_prj.srcs/sources_1/imports/fpga_pcie/lib/eth/rtl/ptp_td_leaf.v:961]
INFO: [Synth 8-4471] merging register 'sample_acc_sync_reg_reg[5:0]' into 'sample_acc_sync_reg_reg[5:0]' [D:/FPGA/mqnic_prj/mqnic_prj.srcs/sources_1/imports/fpga_pcie/lib/eth/rtl/ptp_td_leaf.v:512]
INFO: [Synth 8-4471] merging register 'sample_acc_sync_reg_reg[5:0]' into 'sample_acc_sync_reg_reg[5:0]' [D:/FPGA/mqnic_prj/mqnic_prj.srcs/sources_1/imports/fpga_pcie/lib/eth/rtl/ptp_td_leaf.v:512]
INFO: [Synth 8-4471] merging register 'phase_err_acc_reg_reg[4:0]' into 'phase_err_acc_reg_reg[4:0]' [D:/FPGA/mqnic_prj/mqnic_prj.srcs/sources_1/imports/fpga_pcie/lib/eth/rtl/ptp_td_leaf.v:563]
INFO: [Synth 8-4471] merging register 'phase_err_out_reg_reg[4:0]' into 'phase_err_out_reg_reg[4:0]' [D:/FPGA/mqnic_prj/mqnic_prj.srcs/sources_1/imports/fpga_pcie/lib/eth/rtl/ptp_td_leaf.v:569]
WARNING: [Synth 8-3936] Found unconnected internal register 'src_period_reg_reg' and it is trimmed from '40' to '38' bits. [D:/FPGA/mqnic_prj/mqnic_prj.srcs/sources_1/imports/fpga_pcie/lib/eth/rtl/ptp_td_leaf.v:235]
INFO: [Synth 8-5546] ROM "ptp_clock_inst/reg_rd_ack_reg" won't be mapped to RAM because it is too sparse
INFO: [Synth 8-5546] ROM "ptp_clock_inst/get_ptp_ts_tod_reg" won't be mapped to RAM because it is too sparse
INFO: [Synth 8-5546] ROM "ptp_clock_inst/reg_rd_ack_reg" won't be mapped to RAM because it is too sparse
INFO: [Synth 8-5546] ROM "ptp_clock_inst/get_ptp_ts_tod_reg" won't be mapped to RAM because it is too sparse
INFO: [Synth 8-6904] The RAM "irq_rate_limit_inst/mem_reg_reg" of size (depth=64 x width=19) is automatically implemented using LUTRAM. BRAM implementation would be inefficient 
INFO: [Synth 8-5546] ROM "ctrl_reg_rd_ack_reg" won't be mapped to RAM because it is too sparse
INFO: [Synth 8-5546] ROM "ctrl_reg_rd_ack_reg" won't be mapped to RAM because it is too sparse
INFO: [Common 17-14] Message 'Synth 8-7129' appears 100 times and further instances of the messages will be disabled. Use the Tcl command set_msg_config to change the current settings.
INFO: [Synth 8-6904] The RAM "irq_rate_limit_inst/mem_reg_reg" of size (depth=64 x width=19) is automatically implemented using LUTRAM. BRAM implementation would be inefficient 
INFO: [Synth 8-4471] merging register 'resp_chunk_reg_reg[1:0]' into 'resp_chunk_reg_reg[1:0]' [D:/FPGA/mqnic_prj/mqnic_prj.srcs/sources_1/imports/fpga_pcie/lib/pcie/rtl/pcie_axil_master.v:961]
INFO: [Synth 8-4471] merging register 'offset_reg_reg[4:0]' into 'offset_reg_reg[4:0]' [D:/FPGA/mqnic_prj/mqnic_prj.srcs/sources_1/imports/fpga_pcie/lib/pcie/rtl/dma_if_pcie_wr.v:1060]
RAM ("pcie_msix_inst/tbl_mem_reg") is too shallow (depth = 128) to use URAM. Choosing BRAM instead of URAM 
RAM ("pcie_msix_inst/tbl_mem_reg") is too shallow (depth = 128) to use URAM. Choosing BRAM instead of URAM 
INFO: [Synth 8-3971] The signal "pcie_msix_inst/tbl_mem_reg" was recognized as a true dual port RAM template.
INFO: [Common 17-14] Message 'Synth 8-3886' appears 100 times and further instances of the messages will be disabled. Use the Tcl command set_msg_config to change the current settings.
INFO: [Synth 8-4471] merging register 'pcie_us_cfg_inst/func_cnt_reg_reg[7:0]' into 'pcie_us_cfg_inst/func_cnt_reg_reg[7:0]' [D:/FPGA/mqnic_prj/mqnic_prj.srcs/sources_1/imports/fpga_pcie/lib/pcie/rtl/pcie_us_cfg.v:153]
WARNING: [Synth 8-3936] Found unconnected internal register 'pcie_us_if_cq_inst/cq_data_int_reg_reg' and it is trimmed from '128' to '127' bits. [D:/FPGA/mqnic_prj/mqnic_prj.srcs/sources_1/imports/fpga_pcie/lib/pcie/rtl/pcie_us_if_cq.v:504]
INFO: [Synth 8-5544] ROM "pcie_us_if_rc_inst/tlp_error" won't be mapped to Block RAM because address size (4) smaller than threshold (5)
WARNING: [Synth 8-3917] design pcie_us_if has port cfg_fc_sel[2] driven by constant 1
WARNING: [Synth 8-3917] design pcie_us_if has port cfg_fc_sel[1] driven by constant 0
WARNING: [Synth 8-3917] design pcie_us_if has port cfg_fc_sel[0] driven by constant 0
WARNING: [Synth 8-3917] design pcie_us_if has port cfg_interrupt_msi_select[3] driven by constant 0
WARNING: [Synth 8-3917] design pcie_us_if has port cfg_interrupt_msi_select[2] driven by constant 0
WARNING: [Synth 8-3917] design pcie_us_if has port cfg_interrupt_msi_select[1] driven by constant 0
WARNING: [Synth 8-3917] design pcie_us_if has port cfg_interrupt_msi_select[0] driven by constant 0
WARNING: [Synth 8-3917] design pcie_us_if has port cfg_interrupt_msi_int[31] driven by constant 0
WARNING: [Synth 8-3917] design pcie_us_if has port cfg_interrupt_msi_int[30] driven by constant 0
WARNING: [Synth 8-3917] design pcie_us_if has port cfg_interrupt_msi_int[29] driven by constant 0
WARNING: [Synth 8-3917] design pcie_us_if has port cfg_interrupt_msi_int[28] driven by constant 0
WARNING: [Synth 8-3917] design pcie_us_if has port cfg_interrupt_msi_int[27] driven by constant 0
WARNING: [Synth 8-3917] design pcie_us_if has port cfg_interrupt_msi_int[26] driven by constant 0
WARNING: [Synth 8-3917] design pcie_us_if has port cfg_interrupt_msi_int[25] driven by constant 0
WARNING: [Synth 8-3917] design pcie_us_if has port cfg_interrupt_msi_int[24] driven by constant 0
WARNING: [Synth 8-3917] design pcie_us_if has port cfg_interrupt_msi_int[23] driven by constant 0
WARNING: [Synth 8-3917] design pcie_us_if has port cfg_interrupt_msi_int[22] driven by constant 0
WARNING: [Synth 8-3917] design pcie_us_if has port cfg_interrupt_msi_int[21] driven by constant 0
WARNING: [Synth 8-3917] design pcie_us_if has port cfg_interrupt_msi_int[20] driven by constant 0
WARNING: [Synth 8-3917] design pcie_us_if has port cfg_interrupt_msi_int[19] driven by constant 0
WARNING: [Synth 8-3917] design pcie_us_if has port cfg_interrupt_msi_int[18] driven by constant 0
WARNING: [Synth 8-3917] design pcie_us_if has port cfg_interrupt_msi_int[17] driven by constant 0
WARNING: [Synth 8-3917] design pcie_us_if has port cfg_interrupt_msi_int[16] driven by constant 0
WARNING: [Synth 8-3917] design pcie_us_if has port cfg_interrupt_msi_int[15] driven by constant 0
WARNING: [Synth 8-3917] design pcie_us_if has port cfg_interrupt_msi_int[14] driven by constant 0
WARNING: [Synth 8-3917] design pcie_us_if has port cfg_interrupt_msi_int[13] driven by constant 0
WARNING: [Synth 8-3917] design pcie_us_if has port cfg_interrupt_msi_int[12] driven by constant 0
WARNING: [Synth 8-3917] design pcie_us_if has port cfg_interrupt_msi_int[11] driven by constant 0
WARNING: [Synth 8-3917] design pcie_us_if has port cfg_interrupt_msi_int[10] driven by constant 0
WARNING: [Synth 8-3917] design pcie_us_if has port cfg_interrupt_msi_int[9] driven by constant 0
WARNING: [Synth 8-3917] design pcie_us_if has port cfg_interrupt_msi_int[8] driven by constant 0
WARNING: [Synth 8-3917] design pcie_us_if has port cfg_interrupt_msi_int[7] driven by constant 0
WARNING: [Synth 8-3917] design pcie_us_if has port cfg_interrupt_msi_int[6] driven by constant 0
WARNING: [Synth 8-3917] design pcie_us_if has port cfg_interrupt_msi_int[5] driven by constant 0
WARNING: [Synth 8-3917] design pcie_us_if has port cfg_interrupt_msi_int[4] driven by constant 0
WARNING: [Synth 8-3917] design pcie_us_if has port cfg_interrupt_msi_int[3] driven by constant 0
WARNING: [Synth 8-3917] design pcie_us_if has port cfg_interrupt_msi_int[2] driven by constant 0
WARNING: [Synth 8-3917] design pcie_us_if has port cfg_interrupt_msi_int[1] driven by constant 0
WARNING: [Synth 8-3917] design pcie_us_if has port cfg_interrupt_msi_int[0] driven by constant 0
WARNING: [Synth 8-3917] design pcie_us_if has port cfg_interrupt_msi_pending_status[31] driven by constant 0
WARNING: [Synth 8-3917] design pcie_us_if has port cfg_interrupt_msi_pending_status[30] driven by constant 0
WARNING: [Synth 8-3917] design pcie_us_if has port cfg_interrupt_msi_pending_status[29] driven by constant 0
WARNING: [Synth 8-3917] design pcie_us_if has port cfg_interrupt_msi_pending_status[28] driven by constant 0
WARNING: [Synth 8-3917] design pcie_us_if has port cfg_interrupt_msi_pending_status[27] driven by constant 0
WARNING: [Synth 8-3917] design pcie_us_if has port cfg_interrupt_msi_pending_status[26] driven by constant 0
WARNING: [Synth 8-3917] design pcie_us_if has port cfg_interrupt_msi_pending_status[25] driven by constant 0
WARNING: [Synth 8-3917] design pcie_us_if has port cfg_interrupt_msi_pending_status[24] driven by constant 0
WARNING: [Synth 8-3917] design pcie_us_if has port cfg_interrupt_msi_pending_status[23] driven by constant 0
WARNING: [Synth 8-3917] design pcie_us_if has port cfg_interrupt_msi_pending_status[22] driven by constant 0
WARNING: [Synth 8-3917] design pcie_us_if has port cfg_interrupt_msi_pending_status[21] driven by constant 0
WARNING: [Synth 8-3917] design pcie_us_if has port cfg_interrupt_msi_pending_status[20] driven by constant 0
WARNING: [Synth 8-3917] design pcie_us_if has port cfg_interrupt_msi_pending_status[19] driven by constant 0
WARNING: [Synth 8-3917] design pcie_us_if has port cfg_interrupt_msi_pending_status[18] driven by constant 0
WARNING: [Synth 8-3917] design pcie_us_if has port cfg_interrupt_msi_pending_status[17] driven by constant 0
WARNING: [Synth 8-3917] design pcie_us_if has port cfg_interrupt_msi_pending_status[16] driven by constant 0
WARNING: [Synth 8-3917] design pcie_us_if has port cfg_interrupt_msi_pending_status[15] driven by constant 0
WARNING: [Synth 8-3917] design pcie_us_if has port cfg_interrupt_msi_pending_status[14] driven by constant 0
WARNING: [Synth 8-3917] design pcie_us_if has port cfg_interrupt_msi_pending_status[13] driven by constant 0
WARNING: [Synth 8-3917] design pcie_us_if has port cfg_interrupt_msi_pending_status[12] driven by constant 0
WARNING: [Synth 8-3917] design pcie_us_if has port cfg_interrupt_msi_pending_status[11] driven by constant 0
WARNING: [Synth 8-3917] design pcie_us_if has port cfg_interrupt_msi_pending_status[10] driven by constant 0
WARNING: [Synth 8-3917] design pcie_us_if has port cfg_interrupt_msi_pending_status[9] driven by constant 0
WARNING: [Synth 8-3917] design pcie_us_if has port cfg_interrupt_msi_pending_status[8] driven by constant 0
WARNING: [Synth 8-3917] design pcie_us_if has port cfg_interrupt_msi_pending_status[7] driven by constant 0
WARNING: [Synth 8-3917] design pcie_us_if has port cfg_interrupt_msi_pending_status[6] driven by constant 0
WARNING: [Synth 8-3917] design pcie_us_if has port cfg_interrupt_msi_pending_status[5] driven by constant 0
WARNING: [Synth 8-3917] design pcie_us_if has port cfg_interrupt_msi_pending_status[4] driven by constant 0
WARNING: [Synth 8-3917] design pcie_us_if has port cfg_interrupt_msi_pending_status[3] driven by constant 0
WARNING: [Synth 8-3917] design pcie_us_if has port cfg_interrupt_msi_pending_status[2] driven by constant 0
WARNING: [Synth 8-3917] design pcie_us_if has port cfg_interrupt_msi_pending_status[1] driven by constant 0
WARNING: [Synth 8-3917] design pcie_us_if has port cfg_interrupt_msi_pending_status[0] driven by constant 0
WARNING: [Synth 8-3917] design pcie_us_if has port cfg_interrupt_msi_pending_status_data_enable driven by constant 0
WARNING: [Synth 8-3917] design pcie_us_if has port cfg_interrupt_msi_pending_status_function_num[3] driven by constant 0
WARNING: [Synth 8-3917] design pcie_us_if has port cfg_interrupt_msi_pending_status_function_num[2] driven by constant 0
WARNING: [Synth 8-3917] design pcie_us_if has port cfg_interrupt_msi_pending_status_function_num[1] driven by constant 0
WARNING: [Synth 8-3917] design pcie_us_if has port cfg_interrupt_msi_pending_status_function_num[0] driven by constant 0
WARNING: [Synth 8-3917] design pcie_us_if has port cfg_interrupt_msix_address[1] driven by constant 0
WARNING: [Synth 8-3917] design pcie_us_if has port cfg_interrupt_msix_address[0] driven by constant 0
WARNING: [Synth 8-3917] design pcie_us_if has port cfg_interrupt_msix_vec_pending[1] driven by constant 0
WARNING: [Synth 8-3917] design pcie_us_if has port cfg_interrupt_msix_vec_pending[0] driven by constant 0
WARNING: [Synth 8-3917] design pcie_us_if has port cfg_interrupt_msi_attr[2] driven by constant 0
WARNING: [Synth 8-3917] design pcie_us_if has port cfg_interrupt_msi_attr[1] driven by constant 0
WARNING: [Synth 8-3917] design pcie_us_if has port cfg_interrupt_msi_attr[0] driven by constant 0
WARNING: [Synth 8-3917] design pcie_us_if has port cfg_interrupt_msi_tph_present driven by constant 0
WARNING: [Synth 8-3917] design pcie_us_if has port cfg_interrupt_msi_tph_type[1] driven by constant 0
WARNING: [Synth 8-3917] design pcie_us_if has port cfg_interrupt_msi_tph_type[0] driven by constant 0
WARNING: [Synth 8-3917] design pcie_us_if has port cfg_interrupt_msi_tph_st_tag[8] driven by constant 0
WARNING: [Synth 8-3917] design pcie_us_if has port cfg_interrupt_msi_tph_st_tag[7] driven by constant 0
WARNING: [Synth 8-3917] design pcie_us_if has port cfg_interrupt_msi_tph_st_tag[6] driven by constant 0
WARNING: [Synth 8-3917] design pcie_us_if has port cfg_interrupt_msi_tph_st_tag[5] driven by constant 0
WARNING: [Synth 8-3917] design pcie_us_if has port cfg_interrupt_msi_tph_st_tag[4] driven by constant 0
WARNING: [Synth 8-3917] design pcie_us_if has port cfg_interrupt_msi_tph_st_tag[3] driven by constant 0
WARNING: [Synth 8-3917] design pcie_us_if has port cfg_interrupt_msi_tph_st_tag[2] driven by constant 0
INFO: [Common 17-14] Message 'Synth 8-3917' appears 100 times and further instances of the messages will be disabled. Use the Tcl command set_msg_config to change the current settings.
INFO: [Synth 8-7067] Removed DRAM instance pcie_us_if_rq_inst/rd_req_fifo_inst/i_12/i_38/seg_ram[0].seg_mem_eop_reg_0_127_0_0 from module partition__12 due to constant propagation
INFO: [Synth 8-7067] Removed DRAM instance pcie_us_if_rq_inst/rd_req_fifo_inst/i_12/i_38/seg_ram[0].seg_mem_eop_reg_0_127_0_0 from module partition__12 due to constant propagation
INFO: [Synth 8-7067] Removed DRAM instance i_18/i_29/pcie_us_if_rc_inst/pcie_tlp_fifo_inst/pcie_tlp_fifo_raw_inst/seg_ram[0].seg_mem_hdr_reg_0_63_21_27 from module partition__24 due to constant propagation
INFO: [Synth 8-7067] Removed DRAM instance i_18/i_29/pcie_us_if_rc_inst/pcie_tlp_fifo_inst/pcie_tlp_fifo_raw_inst/seg_ram[0].seg_mem_hdr_reg_64_127_21_27 from module partition__24 due to constant propagation
INFO: [Synth 8-7067] Removed DRAM instance i_18/i_29/pcie_us_if_rc_inst/pcie_tlp_fifo_inst/pcie_tlp_fifo_raw_inst/seg_ram[0].seg_mem_hdr_reg_0_63_14_20 from module partition__24 due to constant propagation
INFO: [Synth 8-7067] Removed DRAM instance i_18/i_29/pcie_us_if_rc_inst/pcie_tlp_fifo_inst/pcie_tlp_fifo_raw_inst/seg_ram[0].seg_mem_hdr_reg_64_127_14_20 from module partition__24 due to constant propagation
INFO: [Synth 8-7067] Removed DRAM instance i_18/i_29/pcie_us_if_rc_inst/pcie_tlp_fifo_inst/pcie_tlp_fifo_raw_inst/seg_ram[0].seg_mem_hdr_reg_0_63_7_13 from module partition__24 due to constant propagation
INFO: [Synth 8-7067] Removed DRAM instance i_18/i_29/pcie_us_if_rc_inst/pcie_tlp_fifo_inst/pcie_tlp_fifo_raw_inst/seg_ram[0].seg_mem_hdr_reg_64_127_7_13 from module partition__24 due to constant propagation
INFO: [Synth 8-7067] Removed DRAM instance i_18/i_29/pcie_us_if_rc_inst/pcie_tlp_fifo_inst/pcie_tlp_fifo_raw_inst/seg_ram[0].seg_mem_hdr_reg_0_63_0_6 from module partition__24 due to constant propagation
INFO: [Synth 8-7067] Removed DRAM instance i_18/i_29/pcie_us_if_rc_inst/pcie_tlp_fifo_inst/pcie_tlp_fifo_raw_inst/seg_ram[0].seg_mem_hdr_reg_64_127_0_6 from module partition__24 due to constant propagation
INFO: [Common 17-14] Message 'Synth 8-3333' appears 100 times and further instances of the messages will be disabled. Use the Tcl command set_msg_config to change the current settings.
INFO: [Synth 8-7067] Removed DRAM instance i_18/i_29/pcie_us_if_rc_inst/pcie_tlp_fifo_inst/pcie_tlp_fifo_raw_inst/seg_ram[0].seg_mem_hdr_reg_64_127_21_27 from module partition__24 due to constant propagation
---------------------------------------------------------------------------------
Finished Cross Boundary and Area Optimization : Time (s): cpu = 00:01:52 ; elapsed = 00:01:55 . Memory (MB): peak = 3328.461 ; gain = 1573.680
---------------------------------------------------------------------------------
WARNING: [Synth 8-6057] Memory: "tx_fifo_inst/fifo[0].fifo_inst/fifo_inst/mem_reg" defined in module: "mqnic_interface__GB3" implemented as Ultra-Ram has no pipeline registers. It is recommended to use pipeline registers to achieve high performance.
WARNING: [Synth 8-6057] Memory: "eth_mac_inst/tx_fifo/fifo_inst/mem_reg" defined in module: "core_inst" implemented as Ultra-Ram has no pipeline registers. It is recommended to use pipeline registers to achieve high performance.
---------------------------------------------------------------------------------
Start ROM, RAM, DSP, Shift Register and Retiming Reporting
---------------------------------------------------------------------------------

Ultra RAM: Preliminary Mapping Report (see note below)
+------------------------------------------+--------------------------------------------------+------------------------+---+---+------------------------+---+---+------------------+---------+--------------+--------------------------+-------------+
|Module Name                               | RTL Object                                       | PORT A (Depth x Width) | W | R | PORT B (Depth x Width) | W | R | Ports driving FF | URAM288 | Matrix Shape | FF provided for Pipeline | FF absorbed | 
+------------------------------------------+--------------------------------------------------+------------------------+---+---+------------------------+---+---+------------------+---------+--------------+--------------------------+-------------+
|tx_qm_inst                                | queue_ram_reg                                    | 8 K x 128              | W |   | 8 K x 128              |   | R | Port A and B     | 4       | 2x1          | 3                        | 3           | 
|cqm_inst                                  | queue_ram_reg                                    | 16 K x 128             | W |   | 16 K x 128             |   | R | Port A and B     | 8       | 4x1          | 4                        | 4           | 
|mqnic_interface__GB3                      | tx_fifo_inst/fifo[0].fifo_inst/fifo_inst/mem_reg | 4 K x 107              |   | R | 4 K x 107              | W |   | Port A and B     | 2       | 1x1          | 0                        | 0           | 
|core_inst/core_insti_6/stats_counter_inst | mem_reg                                          | 4 K x 64               |   | R | 4 K x 64               | W |   | Port A and B     | 1       | 1x1          | 1                        | 1           | 
|core_inst                                 | eth_mac_inst/tx_fifo/fifo_inst/mem_reg           | 4 K x 74               |   | R | 4 K x 74               | W |   | Port A and B     | 2       | 1x1          | 0                        | 0           | 
+------------------------------------------+--------------------------------------------------+------------------------+---+---+------------------------+---+---+------------------+---------+--------------+--------------------------+-------------+

Note: The table above is a preliminary report that shows the Ultra RAMs at the current stage of the synthesis flow. Some Ultra RAMs may be reimplemented as non Ultra RAM primitives later in the synthesis flow. Multiple instantiated Ultra RAMs are reported only once. Fields "FF provided for Pipeline" and "FF absorbed" respectively indicate number of registers available for pipelining and number of registers absorbed in the URAM matrix for pipelining. 

Block RAM: Preliminary Mapping Report (see note below)
+-------------------------------------------------+------------------------------------------------------------+------------------------+---+---+------------------------+---+---+------------------+--------+--------+-----------------+
|Module Name                                      | RTL Object                                                 | PORT A (Depth x Width) | W | R | PORT B (Depth x Width) | W | R | Ports driving FF | RAMB18 | RAMB36 | Cascade Heights | 
+-------------------------------------------------+------------------------------------------------------------+------------------------+---+---+------------------------+---+---+------------------+--------+--------+-----------------+
|interface_rx_inst                                | rx_desc_fifo/mem_reg                                       | 128 x 150(READ_FIRST)  | W |   | 128 x 150(WRITE_FIRST) |   | R | Port A and B     | 1      | 2      |                 | 
|interface_rx_inst/dma_psdpram_rx_inst            | genblk1[0].mem_reg_reg                                     | 1 K x 128(READ_FIRST)  | W |   | 1 K x 128(WRITE_FIRST) |   | R | Port A and B     | 0      | 4      |                 | 
|interface_rx_inst/dma_psdpram_rx_inst            | genblk1[1].mem_reg_reg                                     | 1 K x 128(READ_FIRST)  | W |   | 1 K x 128(WRITE_FIRST) |   | R | Port A and B     | 0      | 4      |                 | 
|interface_tx_inst                                | tx_desc_fifo/mem_reg                                       | 128 x 150(READ_FIRST)  | W |   | 128 x 150(WRITE_FIRST) |   | R | Port A and B     | 1      | 2      |                 | 
|interface_tx_inst/dma_psdpram_tx_inst            | genblk1[0].mem_reg_reg                                     | 1 K x 128(READ_FIRST)  | W |   | 1 K x 128(WRITE_FIRST) |   | R | Port A and B     | 0      | 4      |                 | 
|interface_tx_inst/dma_psdpram_tx_inst            | genblk1[1].mem_reg_reg                                     | 1 K x 128(READ_FIRST)  | W |   | 1 K x 128(WRITE_FIRST) |   | R | Port A and B     | 0      | 4      |                 | 
|interface_tx_inst/\egress_inst/tx_checksum_inst  | data_fifo/mem_reg                                          | 2 K x 107(READ_FIRST)  | W |   | 2 K x 107(WRITE_FIRST) |   | R | Port A and B     | 0      | 6      | 2,2,1,1         | 
|\desc_fetch_inst/dma_psdpram_inst                | genblk1[0].mem_reg_reg                                     | 128 x 128(READ_FIRST)  | W |   | 128 x 128(WRITE_FIRST) |   | R | Port A and B     | 0      | 2      |                 | 
|\desc_fetch_inst/dma_psdpram_inst                | genblk1[1].mem_reg_reg                                     | 128 x 128(READ_FIRST)  | W |   | 128 x 128(WRITE_FIRST) |   | R | Port A and B     | 0      | 2      |                 | 
|mqnic_interface__GB2                             | rx_fifo_inst/fifo[0].fifo_inst/fifo_inst/mem_reg           | 8 K x 171(READ_FIRST)  | W |   | 8 K x 171(WRITE_FIRST) |   | R | Port A and B     | 0      | 38     | 8,8,8,8,4,2     | 
|mqnic_interface__GB2                             | sched[0].scheduler_block/tx_scheduler_inst/rr_fifo/mem_reg | 8 K x 13(READ_FIRST)   | W |   | 8 K x 13(WRITE_FIRST)  |   | R | Port A and B     | 0      | 3      | 2,1             | 
|mqnic_interface__GB2                             | sched[0].scheduler_block/tx_scheduler_inst/queue_ram_reg   | 8 K x 16(READ_FIRST)   | W |   | 8 K x 16(WRITE_FIRST)  |   | R | Port A and B     | 0      | 4      | 2,2             | 
|rx_qm_inst                                       | queue_ram_reg                                              | 256 x 128(READ_FIRST)  | W |   | 256 x 128(WRITE_FIRST) |   | R | Port A and B     | 0      | 2      |                 | 
|mqnic_interface__GB3                             | event_fifo/mem_reg                                         | 1 K x 22(READ_FIRST)   | W |   | 1 K x 22(WRITE_FIRST)  |   | R | Port A and B     | 0      | 1      | 1               | 
|event_queue_manager_inst                         | queue_ram_reg                                              | 64 x 128(READ_FIRST)   | W |   | 64 x 128(WRITE_FIRST)  |   | R | Port A and B     | 0      | 2      |                 | 
|core_inst                                        | eth_mac_inst/rx_fifo/fifo_inst/mem_reg                     | 8 K x 74(NO_CHANGE)    | W |   | 8 K x 74(WRITE_FIRST)  |   | R | Port A and B     | 1      | 16     | 8,8,1           | 
+-------------------------------------------------+------------------------------------------------------------+------------------------+---+---+------------------------+---+---+------------------+--------+--------+-----------------+

Note: The table above is a preliminary report that shows the Block RAMs at the current stage of the synthesis flow. Some Block RAMs may be reimplemented as non Block RAM primitives later in the synthesis flow. Multiple instantiated Block RAMs are reported only once. 

Distributed RAM: Preliminary Mapping Report (see note below)
+------------------------------------------------------+----------------------------------------------------------------------------------------------+----------------+----------------------+----------------+
|Module Name                                           | RTL Object                                                                                   | Inference      | Size (Depth x Width) | Primitives     | 
+------------------------------------------------------+----------------------------------------------------------------------------------------------+----------------+----------------------+----------------+
|pcie_us_if_rq_inst/rd_req_fifo_inst                   | seg_ram[0].seg_mem_hdr_reg                                                                   | User Attribute | 128 x 128            | RAM64M8 x 38   | 
|pcie_us_if_rq_inst/rd_req_fifo_inst                   | seg_ram[0].seg_mem_seq_reg                                                                   | User Attribute | 128 x 5              | RAM64M8 x 2    | 
|pcie_us_if_rq_inst/wr_req_fifo_inst                   | seg_ram[0].seg_mem_data_reg                                                                  | User Attribute | 128 x 128            | RAM64M8 x 38   | 
|pcie_us_if_rq_inst/wr_req_fifo_inst                   | seg_ram[0].seg_mem_strb_reg                                                                  | User Attribute | 128 x 4              | RAM64M8 x 2    | 
|pcie_us_if_rq_inst/wr_req_fifo_inst                   | seg_ram[0].seg_mem_hdr_reg                                                                   | User Attribute | 128 x 128            | RAM64M8 x 38   | 
|pcie_us_if_rq_inst/wr_req_fifo_inst                   | seg_ram[0].seg_mem_seq_reg                                                                   | User Attribute | 128 x 5              | RAM64M8 x 2    | 
|pcie_us_if_rq_inst/wr_req_fifo_inst                   | seg_ram[0].seg_mem_eop_reg                                                                   | User Attribute | 128 x 1              | RAM128X1D x 1  | 
|pcie_us_if                                            | pcie_us_if_rc_inst/pcie_tlp_fifo_inst/pcie_tlp_fifo_raw_inst/seg_ram[0].seg_mem_data_reg     | User Attribute | 128 x 128            | RAM64M8 x 38   | 
|pcie_us_if                                            | pcie_us_if_rc_inst/pcie_tlp_fifo_inst/pcie_tlp_fifo_raw_inst/seg_ram[0].seg_mem_strb_reg     | User Attribute | 128 x 4              | RAM64M8 x 2    | 
|pcie_us_if                                            | pcie_us_if_rc_inst/pcie_tlp_fifo_inst/pcie_tlp_fifo_raw_inst/seg_ram[0].seg_mem_hdr_reg      | User Attribute | 128 x 128            | RAM64M8 x 38   | 
|pcie_us_if                                            | pcie_us_if_rc_inst/pcie_tlp_fifo_inst/pcie_tlp_fifo_raw_inst/seg_ram[0].seg_mem_error_reg    | User Attribute | 128 x 4              | RAM64M8 x 2    | 
|pcie_us_if                                            | pcie_us_if_rc_inst/pcie_tlp_fifo_inst/pcie_tlp_fifo_raw_inst/seg_ram[0].seg_mem_sop_reg      | User Attribute | 128 x 1              | RAM128X1D x 1  | 
|pcie_us_if                                            | pcie_us_if_rc_inst/pcie_tlp_fifo_inst/pcie_tlp_fifo_raw_inst/seg_ram[0].seg_mem_eop_reg      | User Attribute | 128 x 1              | RAM128X1D x 1  | 
|pcie_us_if                                            | pcie_us_if_cq_inst/pcie_tlp_fifo_inst/pcie_tlp_fifo_raw_inst/seg_ram[0].seg_mem_data_reg     | User Attribute | 128 x 128            | RAM64M8 x 38   | 
|pcie_us_if                                            | pcie_us_if_cq_inst/pcie_tlp_fifo_inst/pcie_tlp_fifo_raw_inst/seg_ram[0].seg_mem_strb_reg     | User Attribute | 128 x 4              | RAM64M8 x 2    | 
|pcie_us_if                                            | pcie_us_if_cq_inst/pcie_tlp_fifo_inst/pcie_tlp_fifo_raw_inst/seg_ram[0].seg_mem_hdr_reg      | User Attribute | 128 x 128            | RAM64M8 x 38   | 
|pcie_us_if                                            | pcie_us_if_cq_inst/pcie_tlp_fifo_inst/pcie_tlp_fifo_raw_inst/seg_ram[0].seg_mem_bar_id_reg   | User Attribute | 128 x 3              | RAM64M8 x 2    | 
|pcie_us_if                                            | pcie_us_if_cq_inst/pcie_tlp_fifo_inst/pcie_tlp_fifo_raw_inst/seg_ram[0].seg_mem_func_num_reg | User Attribute | 128 x 8              | RAM64M8 x 4    | 
|pcie_us_if                                            | pcie_us_if_cq_inst/pcie_tlp_fifo_inst/pcie_tlp_fifo_raw_inst/seg_ram[0].seg_mem_sop_reg      | User Attribute | 128 x 1              | RAM128X1D x 1  | 
|pcie_us_if                                            | pcie_us_if_cq_inst/pcie_tlp_fifo_inst/pcie_tlp_fifo_raw_inst/seg_ram[0].seg_mem_eop_reg      | User Attribute | 128 x 1              | RAM128X1D x 1  | 
|pcie_us_if                                            | pcie_us_if_cc_inst/cpl_fifo_inst/seg_ram[0].seg_mem_strb_reg                                 | User Attribute | 128 x 4              | RAM64M8 x 2    | 
|pcie_us_if                                            | pcie_us_if_cc_inst/cpl_fifo_inst/seg_ram[0].seg_mem_eop_reg                                  | User Attribute | 128 x 1              | RAM128X1D x 1  | 
|pcie_us_if                                            | pcie_us_if_cc_inst/cpl_fifo_inst/seg_ram[0].seg_mem_hdr_reg                                  | User Attribute | 128 x 128            | RAM64M8 x 38   | 
|pcie_us_if                                            | pcie_us_if_cc_inst/cpl_fifo_inst/seg_ram[0].seg_mem_data_reg                                 | User Attribute | 128 x 128            | RAM64M8 x 38   | 
|cpl_write_inst                                        | desc_table_data_reg                                                                          | User Attribute | 32 x 255             | RAM32M16 x 38  | 
|cpl_write_inst                                        | desc_table_phase_reg                                                                         | User Attribute | 32 x 1               | RAM32X1D x 1   | 
|cpl_write_inst                                        | desc_table_tag_reg                                                                           | User Attribute | 32 x 7               | RAM32M16 x 1   | 
|cpl_write_inst                                        | desc_table_queue_op_tag_reg                                                                  | User Attribute | 32 x 6               | RAM32M16 x 1   | 
|\port[0].port_inst                                    | port_tx_inst/tx_async_fifo_inst/fifo_inst/mem_reg                                            | Implied        | 32 x 90              | RAM32M16 x 7   | 
|\port[0].port_inst                                    | port_tx_inst/tx_cpl_fifo_inst/mem_reg                                                        | Implied        | 32 x 112             | RAM32M16 x 8   | 
|\port[0].port_inst                                    | port_rx_inst/rx_async_fifo_inst/fifo_inst/mem_reg                                            | Implied        | 32 x 170             | RAM32M16 x 13  | 
|interface_rx_inst                                     | rx_engine_inst/desc_table_dma_len_reg                                                        | User Attribute | 32 x 16              | RAM32M16 x 6   | 
|interface_rx_inst                                     | rx_engine_inst/desc_table_buf_ptr_reg                                                        | User Attribute | 32 x 16              | RAM32M16 x 4   | 
|interface_rx_inst                                     | rx_engine_inst/desc_table_queue_ptr_reg                                                      | User Attribute | 32 x 16              | RAM32M16 x 2   | 
|interface_rx_inst                                     | rx_engine_inst/desc_table_ptp_ts_reg                                                         | User Attribute | 32 x 64              | RAM32M16 x 5   | 
|interface_rx_inst                                     | rx_engine_inst/desc_table_csum_reg                                                           | User Attribute | 32 x 16              | RAM32M16 x 2   | 
|interface_rx_inst                                     | rx_engine_inst/desc_table_hash_reg                                                           | User Attribute | 32 x 32              | RAM32M16 x 3   | 
|interface_rx_inst                                     | rx_engine_inst/desc_table_hash_type_reg                                                      | User Attribute | 32 x 4               | RAM32M16 x 1   | 
|interface_rx_inst                                     | rx_engine_inst/desc_table_id_reg                                                             | User Attribute | 32 x 1               | RAM32X1D x 1   | 
|interface_rx_inst                                     | rx_engine_inst/desc_table_queue_reg                                                          | User Attribute | 32 x 8               | RAM32M16 x 2   | 
|interface_rx_inst                                     | rx_engine_inst/desc_table_cpl_queue_reg                                                      | User Attribute | 32 x 14              | RAM32M16 x 1   | 
|interface_rx_inst                                     | ingress_inst/rx_csum_fifo/mem_reg                                                            | Implied        | 32 x 16              | RAM32M16 x 2   | 
|interface_rx_inst                                     | ingress_inst/rx_hash_data_fifo/mem_reg                                                       | Implied        | 32 x 180             | RAM32M16 x 13  | 
|interface_rx_inst                                     | dma_client_axis_sink_inst/status_fifo_mask_reg                                               | Implied        | 32 x 2               | RAM32X1D x 2   | 
|interface_rx_inst                                     | dma_client_axis_sink_inst/status_fifo_last_reg                                               | Implied        | 32 x 1               | RAM32X1D x 1   | 
|interface_rx_inst                                     | dma_client_axis_sink_inst/status_fifo_len_reg                                                | Implied        | 32 x 16              | RAM32M16 x 2   | 
|interface_rx_inst                                     | dma_client_axis_sink_inst/status_fifo_tag_reg                                                | Implied        | 32 x 5               | RAM32M16 x 1   | 
|interface_rx_inst                                     | dma_client_axis_sink_inst/status_fifo_id_reg                                                 | Implied        | 32 x 1               | RAM32X1D x 1   | 
|interface_rx_inst                                     | dma_client_axis_sink_inst/status_fifo_dest_reg                                               | Implied        | 32 x 9               | RAM32M16 x 1   | 
|interface_rx_inst                                     | ingress_inst/rx_hash_fifo/mem_reg                                                            | Implied        | 32 x 36              | RAM32M16 x 3   | 
|interface_rx_inst                                     | dma_client_axis_sink_inst/status_fifo_user_reg                                               | Implied        | 32 x 133             | RAM32M16 x 10  | 
|interface_rx_inst                                     | dma_client_axis_sink_inst/genblk1[0].out_fifo_wr_cmd_be_reg                                  | User Attribute | 32 x 16              | RAM32M16 x 2   | 
|interface_rx_inst                                     | dma_client_axis_sink_inst/genblk1[1].out_fifo_wr_cmd_be_reg                                  | User Attribute | 32 x 16              | RAM32M16 x 2   | 
|interface_rx_inst                                     | dma_client_axis_sink_inst/genblk1[0].out_fifo_wr_cmd_addr_reg                                | User Attribute | 32 x 10              | RAM32M16 x 1   | 
|interface_rx_inst                                     | dma_client_axis_sink_inst/genblk1[1].out_fifo_wr_cmd_addr_reg                                | User Attribute | 32 x 10              | RAM32M16 x 1   | 
|interface_rx_inst                                     | dma_client_axis_sink_inst/genblk1[0].out_fifo_wr_cmd_data_reg                                | User Attribute | 32 x 128             | RAM32M16 x 10  | 
|interface_rx_inst                                     | dma_client_axis_sink_inst/genblk1[1].out_fifo_wr_cmd_data_reg                                | User Attribute | 32 x 128             | RAM32M16 x 10  | 
|\axil_crossbar_inst/axil_crossbar_wr_inst             | s_ifaces[0].fifo_select_reg                                                                  | User Attribute | 32 x 3               | RAM32M16 x 1   | 
|\axil_crossbar_inst/axil_crossbar_wr_inst             | s_ifaces[0].fifo_decerr_reg                                                                  | User Attribute | 32 x 1               | RAM32X1D x 1   | 
|\axil_crossbar_inst/axil_crossbar_rd_inst             | s_ifaces[0].fifo_select_reg                                                                  | User Attribute | 32 x 3               | RAM32M16 x 1   | 
|\axil_crossbar_inst/axil_crossbar_rd_inst             | s_ifaces[0].fifo_decerr_reg                                                                  | User Attribute | 32 x 1               | RAM32X1D x 1   | 
|cq_eq_dma_if_mux_wr_inst                              | dma_ram_demux_inst/genblk1[0].fifo_sel_reg                                                   | User Attribute | 32 x 1               | RAM32X1D x 1   | 
|cq_eq_dma_if_mux_wr_inst                              | dma_ram_demux_inst/genblk1[1].fifo_sel_reg                                                   | User Attribute | 32 x 1               | RAM32X1D x 1   | 
|cq_eq_dma_if_mux_wr_inst                              | dma_ram_demux_inst/genblk1[0].out_fifo_rd_resp_data_reg                                      | User Attribute | 32 x 128             | RAM32M16 x 10  | 
|cq_eq_dma_if_mux_wr_inst                              | dma_ram_demux_inst/genblk1[1].out_fifo_rd_resp_data_reg                                      | User Attribute | 32 x 128             | RAM32M16 x 10  | 
|interface_tx_inst/tx_engine_inst                      | desc_table_len_reg                                                                           | User Attribute | 32 x 16              | RAM32M16 x 8   | 
|interface_tx_inst/tx_engine_inst                      | desc_table_read_commit_reg                                                                   | User Attribute | 32 x 1               | RAM32X1D x 1   | 
|interface_tx_inst/tx_engine_inst                      | desc_table_read_count_finish_reg                                                             | User Attribute | 32 x 4               | RAM32M16 x 2   | 
|interface_tx_inst/tx_engine_inst                      | desc_table_read_count_start_reg                                                              | User Attribute | 32 x 4               | RAM32X1D x 4   | 
|interface_tx_inst/tx_engine_inst                      | desc_table_tx_done_a_reg                                                                     | User Attribute | 32 x 1               | RAM32X1D x 2   | 
|interface_tx_inst/tx_engine_inst                      | desc_table_tx_done_b_reg                                                                     | User Attribute | 32 x 1               | RAM32X1D x 2   | 
|interface_tx_inst/tx_engine_inst                      | desc_table_tag_reg                                                                           | User Attribute | 32 x 5               | RAM32M16 x 2   | 
|interface_tx_inst/tx_engine_inst                      | desc_table_queue_ptr_reg                                                                     | User Attribute | 32 x 16              | RAM32M16 x 2   | 
|interface_tx_inst/tx_engine_inst                      | desc_table_ptp_ts_reg                                                                        | User Attribute | 32 x 64              | RAM32M16 x 5   | 
|interface_tx_inst/tx_engine_inst                      | desc_table_csum_start_reg                                                                    | User Attribute | 32 x 7               | RAM32M16 x 1   | 
|interface_tx_inst/tx_engine_inst                      | desc_table_csum_offset_reg                                                                   | User Attribute | 32 x 7               | RAM32M16 x 1   | 
|interface_tx_inst/tx_engine_inst                      | desc_table_buf_ptr_reg                                                                       | User Attribute | 32 x 16              | RAM32M16 x 4   | 
|interface_tx_inst/tx_engine_inst                      | desc_table_cpl_queue_reg                                                                     | User Attribute | 32 x 14              | RAM32M16 x 1   | 
|interface_tx_inst/tx_engine_inst                      | desc_table_queue_reg                                                                         | User Attribute | 32 x 13              | RAM32M16 x 2   | 
|interface_tx_inst/tx_engine_inst                      | desc_table_dest_reg                                                                          | User Attribute | 32 x 4               | RAM32M16 x 2   | 
|interface_tx_inst/tx_engine_inst                      | desc_table_csum_enable_reg                                                                   | User Attribute | 32 x 1               | RAM32X1D x 1   | 
|interface_tx_inst/\egress_inst/tx_checksum_inst       | csum_fifo/mem_reg                                                                            | Implied        | 64 x 25              | RAM64M8 x 4    | 
|interface_tx_inst                                     | egress_inst/tx_csum_cmd_fifo/mem_reg                                                         | Implied        | 32 x 17              | RAM32M16 x 2   | 
|interface_tx_inst                                     | dma_client_axis_source_inst/out_fifo_tdata_reg                                               | User Attribute | 32 x 64              | RAM32M16 x 5   | 
|interface_tx_inst                                     | dma_client_axis_source_inst/out_fifo_tkeep_reg                                               | User Attribute | 32 x 8               | RAM32M16 x 1   | 
|interface_tx_inst                                     | dma_client_axis_source_inst/out_fifo_tlast_reg                                               | User Attribute | 32 x 1               | RAM32X1D x 1   | 
|interface_tx_inst                                     | dma_client_axis_source_inst/out_fifo_tid_reg                                                 | User Attribute | 32 x 13              | RAM32M16 x 1   | 
|interface_tx_inst                                     | dma_client_axis_source_inst/out_fifo_tdest_reg                                               | User Attribute | 32 x 4               | RAM32M16 x 1   | 
|interface_tx_inst                                     | dma_client_axis_source_inst/out_fifo_tuser_reg                                               | User Attribute | 32 x 17              | RAM32M16 x 2   | 
|mqnic_interface__GB1                                  | desc_fetch_inst/desc_table_log_desc_block_size_reg                                           | User Attribute | 32 x 2               | RAM32X1D x 2   | 
|mqnic_interface__GB1                                  | desc_fetch_inst/desc_table_sel_reg                                                           | User Attribute | 32 x 1               | RAM32X1D x 1   | 
|mqnic_interface__GB1                                  | desc_fetch_inst/dma_client_axis_source_inst/out_fifo_tdata_reg                               | User Attribute | 32 x 128             | RAM32M16 x 10  | 
|mqnic_interface__GB1                                  | desc_fetch_inst/dma_client_axis_source_inst/out_fifo_tlast_reg                               | User Attribute | 32 x 1               | RAM32X1D x 1   | 
|mqnic_interface__GB1                                  | desc_fetch_inst/dma_client_axis_source_inst/out_fifo_tid_reg                                 | User Attribute | 32 x 6               | RAM32M16 x 1   | 
|mqnic_interface__GB1                                  | desc_fetch_inst/desc_table_tag_reg                                                           | User Attribute | 32 x 6               | RAM32M16 x 1   | 
|mqnic_interface__GB1                                  | desc_fetch_inst/desc_table_queue_op_tag_reg                                                  | User Attribute | 32 x 6               | RAM32M16 x 1   | 
|mqnic_interface__GB2                                  | sched[0].scheduler_block/tx_scheduler_inst/doorbell_fifo/mem_reg                             | Implied        | 256 x 13             | RAM64M8 x 8    | 
|mqnic_interface__GB2                                  | sched[0].scheduler_block/tx_scheduler_inst/op_table_queue_reg                                | User Attribute | 32 x 13              | RAM32M16 x 2   | 
|mqnic_interface__GB2                                  | sched[0].scheduler_block/tx_scheduler_inst/op_table_prev_index_reg                           | User Attribute | 32 x 5               | RAM32M16 x 1   | 
|mqnic_interface__GB2                                  | sched[0].scheduler_block/tx_scheduler_inst/op_table_next_index_reg                           | User Attribute | 32 x 5               | RAM32M16 x 1   | 
|mqnic_interface__GB2                                  | sched[0].scheduler_block/tx_scheduler_inst/op_table_is_head_reg                              | User Attribute | 32 x 1               | RAM32X1D x 1   | 
|mqnic_interface__GB2                                  | sched[0].scheduler_block/tx_scheduler_inst/finish_fifo_tag_reg                               | User Attribute | 32 x 5               | RAM32M16 x 1   | 
|mqnic_interface__GB2                                  | sched[0].scheduler_block/tx_scheduler_inst/finish_fifo_status_reg                            | User Attribute | 32 x 1               | RAM32X1D x 1   | 
|tx_qm_inst                                            | op_table_queue_reg                                                                           | User Attribute | 32 x 13              | RAM32M16 x 2   | 
|tx_qm_inst                                            | op_table_queue_ptr_reg                                                                       | User Attribute | 32 x 16              | RAM32M16 x 4   | 
|mqnic_interface__GB2                                  | event_write_inst/desc_table_data_reg                                                         | User Attribute | 32 x 255             | RAM32M16 x 38  | 
|mqnic_interface__GB2                                  | event_write_inst/desc_table_phase_reg                                                        | User Attribute | 32 x 1               | RAM32X1D x 1   | 
|mqnic_interface__GB2                                  | event_write_inst/desc_table_queue_op_tag_reg                                                 | User Attribute | 32 x 6               | RAM32M16 x 1   | 
|rx_qm_inst                                            | op_table_queue_reg                                                                           | User Attribute | 32 x 8               | RAM32M16 x 2   | 
|rx_qm_inst                                            | op_table_queue_ptr_reg                                                                       | User Attribute | 32 x 16              | RAM32M16 x 4   | 
|cqm_inst                                              | op_table_queue_reg                                                                           | User Attribute | 32 x 14              | RAM32M16 x 2   | 
|cqm_inst                                              | op_table_queue_ptr_reg                                                                       | User Attribute | 32 x 16              | RAM32M16 x 4   | 
|event_queue_manager_inst                              | op_table_queue_reg                                                                           | User Attribute | 32 x 6               | RAM32M16 x 2   | 
|event_queue_manager_inst                              | op_table_queue_ptr_reg                                                                       | User Attribute | 32 x 16              | RAM32M16 x 4   | 
|mqnic_interface__GB3                                  | irq_fifo/mem_reg                                                                             | Implied        | 128 x 6              | RAM64M8 x 2    | 
|irq_rate_limit_inst                                   | mem_reg_reg                                                                                  | Implied        | 64 x 19              | RAM64X1S x 19  | 
|core_inst/core_insti_6/dma_if_mux_inst                | dma_if_mux_wr_inst/dma_ram_demux_inst/genblk1[0].fifo_sel_reg                                | User Attribute | 32 x 1               | RAM32X1D x 1   | 
|core_inst/core_insti_6/dma_if_mux_inst                | dma_if_mux_wr_inst/dma_ram_demux_inst/genblk1[1].fifo_sel_reg                                | User Attribute | 32 x 1               | RAM32X1D x 1   | 
|core_inst/core_insti_6/dma_if_mux_inst                | dma_if_mux_rd_inst/dma_ram_demux_inst/genblk1[0].fifo_sel_reg                                | User Attribute | 32 x 1               | RAM32X1D x 1   | 
|core_inst/core_insti_6/dma_if_mux_inst                | dma_if_mux_rd_inst/dma_ram_demux_inst/genblk1[1].fifo_sel_reg                                | User Attribute | 32 x 1               | RAM32X1D x 1   | 
|core_inst/core_insti_6/dma_if_mux_inst                | dma_if_mux_wr_inst/dma_ram_demux_inst/genblk1[0].out_fifo_rd_resp_data_reg                   | User Attribute | 32 x 128             | RAM32M16 x 10  | 
|core_inst/core_insti_6/dma_if_mux_inst                | dma_if_mux_wr_inst/dma_ram_demux_inst/genblk1[1].out_fifo_rd_resp_data_reg                   | User Attribute | 32 x 128             | RAM32M16 x 10  | 
|core_inst/core_insti_6/axil_csr_crossbar_inst         | axil_crossbar_wr_inst/s_ifaces[0].fifo_select_reg                                            | User Attribute | 32 x 2               | RAM32X1D x 2   | 
|core_inst/core_insti_6/axil_csr_crossbar_inst         | axil_crossbar_wr_inst/s_ifaces[0].fifo_decerr_reg                                            | User Attribute | 32 x 1               | RAM32X1D x 1   | 
|core_inst/core_insti_6/axil_csr_crossbar_inst         | axil_crossbar_rd_inst/s_ifaces[0].fifo_select_reg                                            | User Attribute | 32 x 2               | RAM32X1D x 2   | 
|core_inst/core_insti_6/axil_csr_crossbar_inst         | axil_crossbar_rd_inst/s_ifaces[0].fifo_decerr_reg                                            | User Attribute | 32 x 1               | RAM32X1D x 1   | 
|\stats_pcie_if.stats_pcie_if_inst/stats_collect_inst  | mem_reg_reg                                                                                  | User Attribute | 32 x 24              | RAM32X1S x 24  | 
|pcie_axil_master_inst                                 | resp_fifo_op_read_reg                                                                        | User Attribute | 32 x 1               | RAM32X1D x 1   | 
|pcie_axil_master_inst                                 | resp_fifo_first_reg                                                                          | User Attribute | 32 x 1               | RAM32X1D x 1   | 
|pcie_axil_master_inst                                 | resp_fifo_last_reg                                                                           | User Attribute | 32 x 1               | RAM32X1D x 1   | 
|pcie_axil_master_inst                                 | resp_fifo_op_write_reg                                                                       | User Attribute | 32 x 1               | RAM32X1D x 1   | 
|pcie_axil_master_inst                                 | resp_fifo_lower_addr_reg                                                                     | User Attribute | 32 x 7               | RAM32M16 x 1   | 
|pcie_axil_master_inst                                 | resp_fifo_tag_reg                                                                            | User Attribute | 32 x 10              | RAM32M16 x 1   | 
|pcie_axil_master_inst                                 | resp_fifo_requester_id_reg                                                                   | User Attribute | 32 x 16              | RAM32M16 x 2   | 
|pcie_axil_master_inst                                 | resp_fifo_byte_count_reg                                                                     | User Attribute | 32 x 12              | RAM32M16 x 1   | 
|pcie_axil_master_inst                                 | resp_fifo_cpl_status_reg                                                                     | User Attribute | 32 x 1               | RAM32M16 x 1   | 
|pcie_axil_master_inst                                 | resp_fifo_dword_count_reg                                                                    | User Attribute | 32 x 6               | RAM32M16 x 1   | 
|pcie_axil_master_inst                                 | resp_fifo_attr_reg                                                                           | User Attribute | 32 x 3               | RAM32M16 x 1   | 
|pcie_axil_master_inst                                 | resp_fifo_tc_reg                                                                             | User Attribute | 32 x 3               | RAM32M16 x 1   | 
|\dma_if_pcie_inst/dma_if_pcie_rd_inst                 | pcie_tag_fifo_2_mem_reg                                                                      | User Attribute | 256 x 8              | RAM64M8 x 8    | 
|\dma_if_pcie_inst/dma_if_pcie_rd_inst                 | pcie_tag_fifo_1_mem_reg                                                                      | User Attribute | 32 x 5               | RAM32M16 x 1   | 
|\dma_if_pcie_inst/dma_if_pcie_rd_inst                 | op_table_read_count_finish_reg                                                               | User Attribute | 256 x 9              | RAM64M8 x 16   | 
|\dma_if_pcie_inst/dma_if_pcie_rd_inst                 | op_table_read_commit_reg                                                                     | User Attribute | 256 x 1              | RAM256X1D x 1  | 
|\dma_if_pcie_inst/dma_if_pcie_rd_inst                 | op_table_read_init_b_reg                                                                     | User Attribute | 256 x 1              | RAM256X1D x 1  | 
|\dma_if_pcie_inst/dma_if_pcie_rd_inst                 | op_table_read_init_a_reg                                                                     | User Attribute | 256 x 1              | RAM256X1D x 1  | 
|\dma_if_pcie_inst/dma_if_pcie_rd_inst                 | op_table_read_count_start_reg                                                                | User Attribute | 256 x 9              | RAM64M8 x 16   | 
|\dma_if_pcie_inst/dma_if_pcie_rd_inst                 | pcie_tag_table_cpld_fc_reg                                                                   | User Attribute | 256 x 9              | RAM64M8 x 8    | 
|\dma_if_pcie_inst/dma_if_pcie_rd_inst                 | pcie_tag_table_cplh_fc_reg                                                                   | User Attribute | 256 x 7              | RAM64M8 x 4    | 
|\dma_if_pcie_inst/dma_if_pcie_rd_inst                 | pcie_tag_table_active_b_reg                                                                  | User Attribute | 256 x 1              | RAM256X1D x 3  | 
|\dma_if_pcie_inst/dma_if_pcie_rd_inst                 | pcie_tag_table_active_a_reg                                                                  | User Attribute | 256 x 1              | RAM256X1D x 3  | 
|\dma_if_pcie_inst/dma_if_pcie_rd_inst                 | pcie_tag_table_ram_addr_reg                                                                  | User Attribute | 256 x 15             | RAM64M8 x 12   | 
|\dma_if_pcie_inst/dma_if_pcie_rd_inst                 | pcie_tag_table_zero_len_reg                                                                  | User Attribute | 256 x 1              | RAM256X1D x 1  | 
|\dma_if_pcie_inst/dma_if_pcie_rd_inst                 | op_table_error_a_reg                                                                         | User Attribute | 256 x 1              | RAM256X1D x 2  | 
|\dma_if_pcie_inst/dma_if_pcie_rd_inst                 | op_table_error_b_reg                                                                         | User Attribute | 256 x 1              | RAM256X1D x 2  | 
|\dma_if_pcie_inst/dma_if_pcie_rd_inst                 | op_table_error_code_reg                                                                      | User Attribute | 256 x 4              | RAM256X1S x 4  | 
|\dma_if_pcie_inst/dma_if_pcie_rd_inst                 | status_fifo_finish_reg                                                                       | User Attribute | 32 x 1               | RAM32X1D x 1   | 
|\dma_if_pcie_inst/dma_if_pcie_rd_inst                 | pcie_tag_table_op_tag_reg                                                                    | User Attribute | 256 x 8              | RAM64M8 x 8    | 
|\dma_if_pcie_inst/dma_if_pcie_rd_inst                 | status_fifo_op_tag_reg                                                                       | User Attribute | 32 x 8               | RAM32M16 x 1   | 
|\dma_if_pcie_inst/dma_if_pcie_rd_inst                 | op_tag_fifo_mem_reg                                                                          | User Attribute | 256 x 8              | RAM64M8 x 8    | 
|\dma_if_pcie_inst/dma_if_pcie_rd_inst                 | status_fifo_mask_reg                                                                         | User Attribute | 32 x 2               | RAM32X1D x 2   | 
|\dma_if_pcie_inst/dma_if_pcie_rd_inst                 | op_table_tag_reg                                                                             | User Attribute | 256 x 16             | RAM64M8 x 12   | 
|\dma_if_pcie_inst/dma_if_pcie_rd_inst                 | status_fifo_error_reg                                                                        | User Attribute | 32 x 4               | RAM32M16 x 1   | 
|\dma_if_pcie_inst/dma_if_pcie_rd_inst                 | genblk1[0].out_fifo_wr_cmd_sel_reg                                                           | User Attribute | 32 x 2               | RAM32X1D x 2   | 
|\dma_if_pcie_inst/dma_if_pcie_rd_inst                 | genblk1[1].out_fifo_wr_cmd_sel_reg                                                           | User Attribute | 32 x 2               | RAM32X1D x 2   | 
|\dma_if_pcie_inst/dma_if_pcie_rd_inst                 | genblk1[0].out_fifo_wr_cmd_be_reg                                                            | User Attribute | 32 x 16              | RAM32M16 x 2   | 
|\dma_if_pcie_inst/dma_if_pcie_rd_inst                 | genblk1[1].out_fifo_wr_cmd_be_reg                                                            | User Attribute | 32 x 16              | RAM32M16 x 2   | 
|\dma_if_pcie_inst/dma_if_pcie_rd_inst                 | genblk1[0].out_fifo_wr_cmd_addr_reg                                                          | User Attribute | 32 x 10              | RAM32M16 x 1   | 
|\dma_if_pcie_inst/dma_if_pcie_rd_inst                 | genblk1[1].out_fifo_wr_cmd_addr_reg                                                          | User Attribute | 32 x 10              | RAM32M16 x 1   | 
|\dma_if_pcie_inst/dma_if_pcie_rd_inst                 | genblk1[0].out_fifo_wr_cmd_data_reg                                                          | User Attribute | 32 x 128             | RAM32M16 x 10  | 
|\dma_if_pcie_inst/dma_if_pcie_rd_inst                 | genblk1[1].out_fifo_wr_cmd_data_reg                                                          | User Attribute | 32 x 128             | RAM32M16 x 10  | 
|\dma_if_pcie_inst/dma_if_pcie_rd_inst                 | pcie_tag_table_ram_sel_reg                                                                   | User Attribute | 256 x 2              | RAM256X1D x 2  | 
|\dma_if_pcie_inst/dma_if_pcie_wr_inst                 | op_table_cycle_count_reg                                                                     | User Attribute | 32 x 9               | RAM32M16 x 1   | 
|\dma_if_pcie_inst/dma_if_pcie_wr_inst                 | op_table_offset_reg                                                                          | User Attribute | 32 x 5               | RAM32M16 x 1   | 
|\dma_if_pcie_inst/dma_if_pcie_wr_inst                 | op_table_dword_len_reg                                                                       | User Attribute | 32 x 10              | RAM32M16 x 1   | 
|\dma_if_pcie_inst/dma_if_pcie_wr_inst                 | op_table_last_reg                                                                            | User Attribute | 32 x 1               | RAM32X1D x 1   | 
|\dma_if_pcie_inst/dma_if_pcie_wr_inst                 | mask_fifo_mask_reg                                                                           | User Attribute | 64 x 2               | RAM64M8 x 1    | 
|\dma_if_pcie_inst/dma_if_pcie_wr_inst                 | op_table_len_reg                                                                             | User Attribute | 32 x 2               | RAM32X1D x 2   | 
|\dma_if_pcie_inst/dma_if_pcie_wr_inst                 | op_table_pcie_addr_reg                                                                       | User Attribute | 32 x 64              | RAM32M16 x 5   | 
|\dma_if_pcie_inst/dma_if_pcie_wr_inst                 | op_table_zero_len_reg                                                                        | User Attribute | 32 x 1               | RAM32X1D x 1   | 
|\dma_if_pcie_inst/dma_if_pcie_wr_inst                 | op_table_tag_reg                                                                             | User Attribute | 32 x 16              | RAM32M16 x 2   | 
|core_inst                                             | stats_dma_if_pcie.stats_dma_if_pcie_inst/stats_collect_tx_inst/mem_reg_reg                   | User Attribute | 32 x 24              | RAM32X1S x 24  | 
|core_inst                                             | stats_dma_if_pcie.stats_dma_if_pcie_inst/stats_dma_latency_rd_op_inst/len_mem_reg_reg        | User Attribute | 256 x 16             | RAM64M8 x 12   | 
|core_inst                                             | stats_dma_if_pcie.stats_dma_if_pcie_inst/stats_dma_latency_rd_op_inst/count_mem_reg_reg      | User Attribute | 256 x 16             | RAM64M8 x 12   | 
|core_inst                                             | stats_dma_if_pcie.stats_dma_if_pcie_inst/stats_dma_latency_rd_req_inst/count_mem_reg_reg     | User Attribute | 256 x 16             | RAM64M8 x 12   | 
|core_inst                                             | stats_dma_if_pcie.stats_dma_if_pcie_inst/stats_dma_latency_wr_op_inst/len_mem_reg_reg        | User Attribute | 32 x 16              | RAM32M16 x 2   | 
|core_inst                                             | stats_dma_if_pcie.stats_dma_if_pcie_inst/stats_dma_latency_wr_op_inst/count_mem_reg_reg      | User Attribute | 32 x 16              | RAM32M16 x 2   | 
|core_inst                                             | stats_dma_if_pcie.stats_dma_if_pcie_inst/stats_dma_latency_wr_req_inst/count_mem_reg_reg     | User Attribute | 32 x 16              | RAM32M16 x 2   | 
+------------------------------------------------------+----------------------------------------------------------------------------------------------+----------------+----------------------+----------------+

Note: The table above is a preliminary report that shows the Distributed RAMs at the current stage of the synthesis flow. Some Distributed RAMs may be reimplemented as non Distributed RAM primitives later in the synthesis flow. Multiple instantiated RAMs are reported only once.
---------------------------------------------------------------------------------
Finished ROM, RAM, DSP, Shift Register and Retiming Reporting
---------------------------------------------------------------------------------
---------------------------------------------------------------------------------
Start Applying XDC Timing Constraints
---------------------------------------------------------------------------------
WARNING: [Synth 8-3321] set_false_path : Empty to list for constraint at line 23 of D:/FPGA/mqnic_prj/mqnic_prj.srcs/constrs_1/imports/fpga/mqnic/ZCU106/fpga_pcie/lib/axis/syn/vivado/axis_async_fifo.tcl. [D:/FPGA/mqnic_prj/mqnic_prj.srcs/constrs_1/imports/fpga/mqnic/ZCU106/fpga_pcie/lib/axis/syn/vivado/axis_async_fifo.tcl:23]
WARNING: [Synth 8-3321] set_false_path : Empty to list for constraint at line 23 of D:/FPGA/mqnic_prj/mqnic_prj.srcs/constrs_1/imports/fpga/mqnic/ZCU106/fpga_pcie/lib/axis/syn/vivado/axis_async_fifo.tcl. [D:/FPGA/mqnic_prj/mqnic_prj.srcs/constrs_1/imports/fpga/mqnic/ZCU106/fpga_pcie/lib/axis/syn/vivado/axis_async_fifo.tcl:23]
WARNING: [Synth 8-3321] set_false_path : Empty to list for constraint at line 23 of D:/FPGA/mqnic_prj/mqnic_prj.srcs/constrs_1/imports/fpga/mqnic/ZCU106/fpga_pcie/lib/axis/syn/vivado/sync_reset.tcl. [D:/FPGA/mqnic_prj/mqnic_prj.srcs/constrs_1/imports/fpga/mqnic/ZCU106/fpga_pcie/lib/axis/syn/vivado/sync_reset.tcl:23]
WARNING: [Synth 8-3321] set_false_path : Empty to list for constraint at line 6 of D:/FPGA/mqnic_prj/mqnic_prj.srcs/constrs_1/imports/fpga/common/syn/vivado/mqnic_port.tcl. [D:/FPGA/mqnic_prj/mqnic_prj.srcs/constrs_1/imports/fpga/common/syn/vivado/mqnic_port.tcl:6]
WARNING: [Synth 8-3321] set_false_path : Empty to list for constraint at line 6 of D:/FPGA/mqnic_prj/mqnic_prj.srcs/constrs_1/imports/fpga/common/syn/vivado/mqnic_port.tcl. [D:/FPGA/mqnic_prj/mqnic_prj.srcs/constrs_1/imports/fpga/common/syn/vivado/mqnic_port.tcl:6]
---------------------------------------------------------------------------------
Finished Applying XDC Timing Constraints : Time (s): cpu = 00:01:57 ; elapsed = 00:02:00 . Memory (MB): peak = 3328.461 ; gain = 1573.680
---------------------------------------------------------------------------------
---------------------------------------------------------------------------------
Start Timing Optimization
---------------------------------------------------------------------------------
INFO: [Synth 8-5784] Optimized 1 bits of RAM "rx_fifo_inst/fifo[0].fifo_inst/fifo_inst/mem_reg" due to constant propagation. Old ram width 171 bits, new ram width 170 bits.
INFO: [Synth 8-5556] The block RAM "core_inst/rx_fifo_inst/fifo[0].fifo_inst/fifo_inst/mem_reg" may be mapped as a cascade chain, because it is not timing critical.
INFO: [Synth 8-6793] RAM ("core_inst/rx_fifo_inst/fifo[0].fifo_inst/fifo_inst/mem_reg") is implemented using BRAM instead of URAM due to insufficient pipeline registers. Available pipeline stages = 0, Minimum required pipeline stages = 1 
INFO: [Synth 8-5555] Implemented Block Ram Cascade chain of height 8 and width 36 for RAM "core_inst/rx_fifo_inst/fifo[0].fifo_inst/fifo_inst/mem_reg"
INFO: [Synth 8-5555] Implemented Block Ram Cascade chain of height 8 and width 36 for RAM "core_inst/rx_fifo_inst/fifo[0].fifo_inst/fifo_inst/mem_reg"
INFO: [Synth 8-5555] Implemented Block Ram Cascade chain of height 8 and width 36 for RAM "core_inst/rx_fifo_inst/fifo[0].fifo_inst/fifo_inst/mem_reg"
INFO: [Synth 8-5555] Implemented Block Ram Cascade chain of height 8 and width 36 for RAM "core_inst/rx_fifo_inst/fifo[0].fifo_inst/fifo_inst/mem_reg"
INFO: [Synth 8-5555] Implemented Block Ram Cascade chain of height 4 and width 18 for RAM "core_inst/rx_fifo_inst/fifo[0].fifo_inst/fifo_inst/mem_reg"
INFO: [Synth 8-5555] Implemented Block Ram Cascade chain of height 2 and width 8 for RAM "core_inst/rx_fifo_inst/fifo[0].fifo_inst/fifo_inst/mem_reg"
INFO: [Synth 8-5556] The block RAM "core_inst/sched[0].scheduler_block/tx_scheduler_inst/rr_fifo/mem_reg" may be mapped as a cascade chain, because it is not timing critical.
INFO: [Synth 8-7124] RAM ("core_inst/sched[0].scheduler_block/tx_scheduler_inst/rr_fifo/mem_reg") is implemented using BRAM instead of URAM. Memory would be severely underutilized if URAMs are used
INFO: [Synth 8-5555] Implemented Block Ram Cascade chain of height 2 and width 9 for RAM "core_inst/sched[0].scheduler_block/tx_scheduler_inst/rr_fifo/mem_reg"
INFO: [Synth 8-7030] Implemented Non-Cascaded Block Ram (cascade_height = 1) of width 4 for RAM "core_inst/sched[0].scheduler_block/tx_scheduler_inst/rr_fifo/mem_reg"
INFO: [Synth 8-5556] The block RAM "core_inst/sched[0].scheduler_block/tx_scheduler_inst/queue_ram_reg" may be mapped as a cascade chain, because it is not timing critical.
INFO: [Synth 8-7124] RAM ("core_inst/sched[0].scheduler_block/tx_scheduler_inst/queue_ram_reg") is implemented using BRAM instead of URAM. Memory would be severely underutilized if URAMs are used
WARNING: [Synth 8-6841] Block RAM (sched[0].scheduler_block/tx_scheduler_inst/queue_ram_reg) originally specified as a Byte Wide Write Enable RAM cannot take advantage of ByteWide feature and is implemented with single write enable per RAM due to following reason.
(address width (13) is more than optimal threshold of 12. Implementing using BWWE will require more logic and timing would be suboptimal. Please use attribute ram_decomp = power if BWWE is desired.)
INFO: [Synth 8-7124] RAM ("core_inst/sched[0].scheduler_block/tx_scheduler_inst/queue_ram_reg") is implemented using BRAM instead of URAM. Memory would be severely underutilized if URAMs are used
INFO: [Synth 8-5555] Implemented Block Ram Cascade chain of height 2 and width 8 for RAM "core_inst/sched[0].scheduler_block/tx_scheduler_inst/queue_ram_reg"
INFO: [Synth 8-7124] RAM ("core_inst/sched[0].scheduler_block/tx_scheduler_inst/queue_ram_reg") is implemented using BRAM instead of URAM. Memory would be severely underutilized if URAMs are used
INFO: [Synth 8-5555] Implemented Block Ram Cascade chain of height 2 and width 8 for RAM "core_inst/sched[0].scheduler_block/tx_scheduler_inst/queue_ram_reg"
INFO: [Synth 8-5556] The block RAM "core_inst/\iface[0].interface_insti_2 /\core_inst/core_pcie_inst/core_inst/iface[0].interface_inst/interface_tx_inst /\egress_inst/tx_checksum_inst /data_fifo/mem_reg" may be mapped as a cascade chain, because it is not timing critical.
INFO: [Synth 8-7124] RAM ("core_inst/\iface[0].interface_insti_2 /\core_inst/core_pcie_inst/core_inst/iface[0].interface_inst/interface_tx_inst /\egress_inst/tx_checksum_inst /data_fifo/mem_reg") is implemented using BRAM instead of URAM. Memory would be severely underutilized if URAMs are used
INFO: [Synth 8-5555] Implemented Block Ram Cascade chain of height 2 and width 36 for RAM "core_inst/\iface[0].interface_insti_2 /\core_inst/core_pcie_inst/core_inst/iface[0].interface_inst/interface_tx_inst /\egress_inst/tx_checksum_inst /data_fifo/mem_reg"
INFO: [Synth 8-5555] Implemented Block Ram Cascade chain of height 2 and width 36 for RAM "core_inst/\iface[0].interface_insti_2 /\core_inst/core_pcie_inst/core_inst/iface[0].interface_inst/interface_tx_inst /\egress_inst/tx_checksum_inst /data_fifo/mem_reg"
INFO: [Synth 8-7030] Implemented Non-Cascaded Block Ram (cascade_height = 1) of width 18 for RAM "core_inst/\iface[0].interface_insti_2 /\core_inst/core_pcie_inst/core_inst/iface[0].interface_inst/interface_tx_inst /\egress_inst/tx_checksum_inst /data_fifo/mem_reg"
INFO: [Synth 8-7030] Implemented Non-Cascaded Block Ram (cascade_height = 1) of width 17 for RAM "core_inst/\iface[0].interface_insti_2 /\core_inst/core_pcie_inst/core_inst/iface[0].interface_inst/interface_tx_inst /\egress_inst/tx_checksum_inst /data_fifo/mem_reg"
---------------------------------------------------------------------------------
Finished Timing Optimization : Time (s): cpu = 00:02:09 ; elapsed = 00:02:12 . Memory (MB): peak = 3328.461 ; gain = 1573.680
---------------------------------------------------------------------------------
WARNING: [Synth 8-6057] Memory: "tx_fifo_inst/fifo[0].fifo_inst/fifo_inst/mem_reg" defined in module: "mqnic_interface__GB3" implemented as Ultra-Ram has no pipeline registers. It is recommended to use pipeline registers to achieve high performance.
WARNING: [Synth 8-6057] Memory: "eth_mac_inst/tx_fifo/fifo_inst/mem_reg" defined in module: "core_inst" implemented as Ultra-Ram has no pipeline registers. It is recommended to use pipeline registers to achieve high performance.
---------------------------------------------------------------------------------
Start ROM, RAM, DSP, Shift Register and Retiming Reporting
---------------------------------------------------------------------------------

Ultra RAM: Final Mapping Report (see note below)
+------------------------------------------+--------------------------------------------------+------------------------+---+---+------------------------+---+---+------------------+---------+--------------+--------------------------+-------------+
|Module Name                               | RTL Object                                       | PORT A (Depth x Width) | W | R | PORT B (Depth x Width) | W | R | Ports driving FF | URAM288 | Matrix Shape | FF provided for Pipeline | FF absorbed | 
+------------------------------------------+--------------------------------------------------+------------------------+---+---+------------------------+---+---+------------------+---------+--------------+--------------------------+-------------+
|tx_qm_inst                                | queue_ram_reg                                    | 8 K x 128              | W |   | 8 K x 128              |   | R | Port A and B     | 4       | 2x1          | 3                        | 3           | 
|cqm_inst                                  | queue_ram_reg                                    | 16 K x 128             | W |   | 16 K x 128             |   | R | Port A and B     | 8       | 4x1          | 4                        | 4           | 
|mqnic_interface__GB3                      | tx_fifo_inst/fifo[0].fifo_inst/fifo_inst/mem_reg | 4 K x 107              |   | R | 4 K x 107              | W |   | Port A and B     | 2       | 1x1          | 0                        | 0           | 
|core_inst/core_insti_6/stats_counter_inst | mem_reg                                          | 4 K x 64               |   | R | 4 K x 64               | W |   | Port A and B     | 1       | 1x1          | 1                        | 1           | 
|core_inst                                 | eth_mac_inst/tx_fifo/fifo_inst/mem_reg           | 4 K x 74               |   | R | 4 K x 74               | W |   | Port A and B     | 2       | 1x1          | 0                        | 0           | 
+------------------------------------------+--------------------------------------------------+------------------------+---+---+------------------------+---+---+------------------+---------+--------------+--------------------------+-------------+


Block RAM: Final Mapping Report
+-----------------------------------------------------------------------------------------------------------------------------------------------------+------------------------------------------------------------+------------------------+---+---+------------------------+---+---+------------------+--------+--------+-----------------+
|Module Name                                                                                                                                          | RTL Object                                                 | PORT A (Depth x Width) | W | R | PORT B (Depth x Width) | W | R | Ports driving FF | RAMB18 | RAMB36 | Cascade Heights | 
+-----------------------------------------------------------------------------------------------------------------------------------------------------+------------------------------------------------------------+------------------------+---+---+------------------------+---+---+------------------+--------+--------+-----------------+
|interface_rx_inst                                                                                                                                    | rx_desc_fifo/mem_reg                                       | 128 x 150(READ_FIRST)  | W |   | 128 x 150(WRITE_FIRST) |   | R | Port A and B     | 1      | 2      |                 | 
|interface_rx_inst/dma_psdpram_rx_inst                                                                                                                | genblk1[0].mem_reg_reg                                     | 1 K x 128(READ_FIRST)  | W |   | 1 K x 128(WRITE_FIRST) |   | R | Port A and B     | 0      | 4      |                 | 
|interface_rx_inst/dma_psdpram_rx_inst                                                                                                                | genblk1[1].mem_reg_reg                                     | 1 K x 128(READ_FIRST)  | W |   | 1 K x 128(WRITE_FIRST) |   | R | Port A and B     | 0      | 4      |                 | 
|interface_tx_inst                                                                                                                                    | tx_desc_fifo/mem_reg                                       | 128 x 150(READ_FIRST)  | W |   | 128 x 150(WRITE_FIRST) |   | R | Port A and B     | 1      | 2      |                 | 
|interface_tx_inst/dma_psdpram_tx_inst                                                                                                                | genblk1[0].mem_reg_reg                                     | 1 K x 128(READ_FIRST)  | W |   | 1 K x 128(WRITE_FIRST) |   | R | Port A and B     | 0      | 4      |                 | 
|interface_tx_inst/dma_psdpram_tx_inst                                                                                                                | genblk1[1].mem_reg_reg                                     | 1 K x 128(READ_FIRST)  | W |   | 1 K x 128(WRITE_FIRST) |   | R | Port A and B     | 0      | 4      |                 | 
|core_inst/\iface[0].interface_insti_2 /\core_inst/core_pcie_inst/core_inst/iface[0].interface_inst/interface_tx_inst /\egress_inst/tx_checksum_inst  | data_fifo/mem_reg                                          | 2 K x 107(READ_FIRST)  | W |   | 2 K x 107(WRITE_FIRST) |   | R | Port A and B     | 0      | 6      | 2,2,1,1         | 
|\desc_fetch_inst/dma_psdpram_inst                                                                                                                    | genblk1[0].mem_reg_reg                                     | 128 x 128(READ_FIRST)  | W |   | 128 x 128(WRITE_FIRST) |   | R | Port A and B     | 0      | 2      |                 | 
|\desc_fetch_inst/dma_psdpram_inst                                                                                                                    | genblk1[1].mem_reg_reg                                     | 128 x 128(READ_FIRST)  | W |   | 128 x 128(WRITE_FIRST) |   | R | Port A and B     | 0      | 2      |                 | 
|core_inst                                                                                                                                            | rx_fifo_inst/fifo[0].fifo_inst/fifo_inst/mem_reg           | 8 K x 171(READ_FIRST)  | W |   | 8 K x 171(WRITE_FIRST) |   | R | Port A and B     | 0      | 38     | 8,8,8,8,4,2     | 
|core_inst                                                                                                                                            | sched[0].scheduler_block/tx_scheduler_inst/rr_fifo/mem_reg | 8 K x 13(READ_FIRST)   | W |   | 8 K x 13(WRITE_FIRST)  |   | R | Port A and B     | 0      | 3      | 2,1             | 
|core_inst                                                                                                                                            | sched[0].scheduler_block/tx_scheduler_inst/queue_ram_reg   | 8 K x 16(READ_FIRST)   | W |   | 8 K x 16(WRITE_FIRST)  |   | R | Port A and B     | 0      | 4      | 2,2             | 
|rx_qm_inst                                                                                                                                           | queue_ram_reg                                              | 256 x 128(READ_FIRST)  | W |   | 256 x 128(WRITE_FIRST) |   | R | Port A and B     | 0      | 2      |                 | 
|mqnic_interface__GB3                                                                                                                                 | event_fifo/mem_reg                                         | 1 K x 22(READ_FIRST)   | W |   | 1 K x 22(WRITE_FIRST)  |   | R | Port A and B     | 0      | 1      | 1               | 
|event_queue_manager_inst                                                                                                                             | queue_ram_reg                                              | 64 x 128(READ_FIRST)   | W |   | 64 x 128(WRITE_FIRST)  |   | R | Port A and B     | 0      | 2      |                 | 
|core_inst                                                                                                                                            | eth_mac_inst/rx_fifo/fifo_inst/mem_reg                     | 8 K x 74(NO_CHANGE)    | W |   | 8 K x 74(WRITE_FIRST)  |   | R | Port A and B     | 1      | 16     | 8,8,1           | 
+-----------------------------------------------------------------------------------------------------------------------------------------------------+------------------------------------------------------------+------------------------+---+---+------------------------+---+---+------------------+--------+--------+-----------------+


Distributed RAM: Final Mapping Report
+------------------------------------------------------+-------------------------------------------------------------------------------------------+----------------+----------------------+----------------+
|Module Name                                           | RTL Object                                                                                | Inference      | Size (Depth x Width) | Primitives     | 
+------------------------------------------------------+-------------------------------------------------------------------------------------------+----------------+----------------------+----------------+
|pcie_us_if_rq_inst/rd_req_fifo_inst                   | seg_ram[0].seg_mem_hdr_reg                                                                | User Attribute | 128 x 128            | RAM64M8 x 38   | 
|pcie_us_if_rq_inst/rd_req_fifo_inst                   | seg_ram[0].seg_mem_seq_reg                                                                | User Attribute | 128 x 5              | RAM64M8 x 2    | 
|pcie_us_if_rq_inst/wr_req_fifo_inst                   | seg_ram[0].seg_mem_data_reg                                                               | User Attribute | 128 x 128            | RAM64M8 x 38   | 
|pcie_us_if_rq_inst/wr_req_fifo_inst                   | seg_ram[0].seg_mem_strb_reg                                                               | User Attribute | 128 x 4              | RAM64M8 x 2    | 
|pcie_us_if_rq_inst/wr_req_fifo_inst                   | seg_ram[0].seg_mem_hdr_reg                                                                | User Attribute | 128 x 128            | RAM64M8 x 38   | 
|pcie_us_if_rq_inst/wr_req_fifo_inst                   | seg_ram[0].seg_mem_seq_reg                                                                | User Attribute | 128 x 5              | RAM64M8 x 2    | 
|pcie_us_if_rq_inst/wr_req_fifo_inst                   | seg_ram[0].seg_mem_eop_reg                                                                | User Attribute | 128 x 1              | RAM128X1D x 1  | 
|pcie_us_if                                            | pcie_us_if_rc_inst/pcie_tlp_fifo_inst/pcie_tlp_fifo_raw_inst/seg_ram[0].seg_mem_data_reg  | User Attribute | 128 x 128            | RAM64M8 x 38   | 
|pcie_us_if                                            | pcie_us_if_rc_inst/pcie_tlp_fifo_inst/pcie_tlp_fifo_raw_inst/seg_ram[0].seg_mem_hdr_reg   | User Attribute | 128 x 128            | RAM64M8 x 38   | 
|pcie_us_if                                            | pcie_us_if_rc_inst/pcie_tlp_fifo_inst/pcie_tlp_fifo_raw_inst/seg_ram[0].seg_mem_error_reg | User Attribute | 128 x 4              | RAM64M8 x 2    | 
|pcie_us_if                                            | pcie_us_if_rc_inst/pcie_tlp_fifo_inst/pcie_tlp_fifo_raw_inst/seg_ram[0].seg_mem_sop_reg   | User Attribute | 128 x 1              | RAM128X1D x 1  | 
|pcie_us_if                                            | pcie_us_if_rc_inst/pcie_tlp_fifo_inst/pcie_tlp_fifo_raw_inst/seg_ram[0].seg_mem_eop_reg   | User Attribute | 128 x 1              | RAM128X1D x 1  | 
|pcie_us_if                                            | pcie_us_if_cq_inst/pcie_tlp_fifo_inst/pcie_tlp_fifo_raw_inst/seg_ram[0].seg_mem_data_reg  | User Attribute | 128 x 128            | RAM64M8 x 38   | 
|pcie_us_if                                            | pcie_us_if_cq_inst/pcie_tlp_fifo_inst/pcie_tlp_fifo_raw_inst/seg_ram[0].seg_mem_hdr_reg   | User Attribute | 128 x 128            | RAM64M8 x 38   | 
|pcie_us_if                                            | pcie_us_if_cq_inst/pcie_tlp_fifo_inst/pcie_tlp_fifo_raw_inst/seg_ram[0].seg_mem_sop_reg   | User Attribute | 128 x 1              | RAM128X1D x 1  | 
|pcie_us_if                                            | pcie_us_if_cq_inst/pcie_tlp_fifo_inst/pcie_tlp_fifo_raw_inst/seg_ram[0].seg_mem_eop_reg   | User Attribute | 128 x 1              | RAM128X1D x 1  | 
|pcie_us_if                                            | pcie_us_if_cc_inst/cpl_fifo_inst/seg_ram[0].seg_mem_strb_reg                              | User Attribute | 128 x 4              | RAM64M8 x 2    | 
|pcie_us_if                                            | pcie_us_if_cc_inst/cpl_fifo_inst/seg_ram[0].seg_mem_eop_reg                               | User Attribute | 128 x 1              | RAM128X1D x 1  | 
|pcie_us_if                                            | pcie_us_if_cc_inst/cpl_fifo_inst/seg_ram[0].seg_mem_hdr_reg                               | User Attribute | 128 x 128            | RAM64M8 x 38   | 
|pcie_us_if                                            | pcie_us_if_cc_inst/cpl_fifo_inst/seg_ram[0].seg_mem_data_reg                              | User Attribute | 128 x 128            | RAM64M8 x 38   | 
|cpl_write_inst                                        | desc_table_data_reg                                                                       | User Attribute | 32 x 255             | RAM32M16 x 38  | 
|cpl_write_inst                                        | desc_table_phase_reg                                                                      | User Attribute | 32 x 1               | RAM32X1D x 1   | 
|cpl_write_inst                                        | desc_table_tag_reg                                                                        | User Attribute | 32 x 7               | RAM32M16 x 1   | 
|cpl_write_inst                                        | desc_table_queue_op_tag_reg                                                               | User Attribute | 32 x 6               | RAM32M16 x 1   | 
|\port[0].port_inst                                    | port_tx_inst/tx_async_fifo_inst/fifo_inst/mem_reg                                         | Implied        | 32 x 90              | RAM32M16 x 7   | 
|\port[0].port_inst                                    | port_tx_inst/tx_cpl_fifo_inst/mem_reg                                                     | Implied        | 32 x 112             | RAM32M16 x 8   | 
|\port[0].port_inst                                    | port_rx_inst/rx_async_fifo_inst/fifo_inst/mem_reg                                         | Implied        | 32 x 170             | RAM32M16 x 13  | 
|interface_rx_inst                                     | rx_engine_inst/desc_table_dma_len_reg                                                     | User Attribute | 32 x 16              | RAM32M16 x 6   | 
|interface_rx_inst                                     | rx_engine_inst/desc_table_buf_ptr_reg                                                     | User Attribute | 32 x 16              | RAM32M16 x 4   | 
|interface_rx_inst                                     | rx_engine_inst/desc_table_queue_ptr_reg                                                   | User Attribute | 32 x 16              | RAM32M16 x 2   | 
|interface_rx_inst                                     | rx_engine_inst/desc_table_ptp_ts_reg                                                      | User Attribute | 32 x 64              | RAM32M16 x 5   | 
|interface_rx_inst                                     | rx_engine_inst/desc_table_csum_reg                                                        | User Attribute | 32 x 16              | RAM32M16 x 2   | 
|interface_rx_inst                                     | rx_engine_inst/desc_table_hash_reg                                                        | User Attribute | 32 x 32              | RAM32M16 x 3   | 
|interface_rx_inst                                     | rx_engine_inst/desc_table_hash_type_reg                                                   | User Attribute | 32 x 4               | RAM32M16 x 1   | 
|interface_rx_inst                                     | rx_engine_inst/desc_table_id_reg                                                          | User Attribute | 32 x 1               | RAM32X1D x 1   | 
|interface_rx_inst                                     | rx_engine_inst/desc_table_queue_reg                                                       | User Attribute | 32 x 8               | RAM32M16 x 2   | 
|interface_rx_inst                                     | rx_engine_inst/desc_table_cpl_queue_reg                                                   | User Attribute | 32 x 14              | RAM32M16 x 1   | 
|interface_rx_inst                                     | ingress_inst/rx_csum_fifo/mem_reg                                                         | Implied        | 32 x 16              | RAM32M16 x 2   | 
|interface_rx_inst                                     | ingress_inst/rx_hash_data_fifo/mem_reg                                                    | Implied        | 32 x 180             | RAM32M16 x 13  | 
|interface_rx_inst                                     | dma_client_axis_sink_inst/status_fifo_mask_reg                                            | Implied        | 32 x 2               | RAM32X1D x 2   | 
|interface_rx_inst                                     | dma_client_axis_sink_inst/status_fifo_last_reg                                            | Implied        | 32 x 1               | RAM32X1D x 1   | 
|interface_rx_inst                                     | dma_client_axis_sink_inst/status_fifo_len_reg                                             | Implied        | 32 x 16              | RAM32M16 x 2   | 
|interface_rx_inst                                     | dma_client_axis_sink_inst/status_fifo_tag_reg                                             | Implied        | 32 x 5               | RAM32M16 x 1   | 
|interface_rx_inst                                     | dma_client_axis_sink_inst/status_fifo_id_reg                                              | Implied        | 32 x 1               | RAM32X1D x 1   | 
|interface_rx_inst                                     | dma_client_axis_sink_inst/status_fifo_dest_reg                                            | Implied        | 32 x 9               | RAM32M16 x 1   | 
|interface_rx_inst                                     | ingress_inst/rx_hash_fifo/mem_reg                                                         | Implied        | 32 x 36              | RAM32M16 x 3   | 
|interface_rx_inst                                     | dma_client_axis_sink_inst/status_fifo_user_reg                                            | Implied        | 32 x 133             | RAM32M16 x 10  | 
|interface_rx_inst                                     | dma_client_axis_sink_inst/genblk1[0].out_fifo_wr_cmd_be_reg                               | User Attribute | 32 x 16              | RAM32M16 x 2   | 
|interface_rx_inst                                     | dma_client_axis_sink_inst/genblk1[1].out_fifo_wr_cmd_be_reg                               | User Attribute | 32 x 16              | RAM32M16 x 2   | 
|interface_rx_inst                                     | dma_client_axis_sink_inst/genblk1[0].out_fifo_wr_cmd_addr_reg                             | User Attribute | 32 x 10              | RAM32M16 x 1   | 
|interface_rx_inst                                     | dma_client_axis_sink_inst/genblk1[1].out_fifo_wr_cmd_addr_reg                             | User Attribute | 32 x 10              | RAM32M16 x 1   | 
|interface_rx_inst                                     | dma_client_axis_sink_inst/genblk1[0].out_fifo_wr_cmd_data_reg                             | User Attribute | 32 x 128             | RAM32M16 x 10  | 
|interface_rx_inst                                     | dma_client_axis_sink_inst/genblk1[1].out_fifo_wr_cmd_data_reg                             | User Attribute | 32 x 128             | RAM32M16 x 10  | 
|\axil_crossbar_inst/axil_crossbar_wr_inst             | s_ifaces[0].fifo_select_reg                                                               | User Attribute | 32 x 3               | RAM32M16 x 1   | 
|\axil_crossbar_inst/axil_crossbar_wr_inst             | s_ifaces[0].fifo_decerr_reg                                                               | User Attribute | 32 x 1               | RAM32X1D x 1   | 
|\axil_crossbar_inst/axil_crossbar_rd_inst             | s_ifaces[0].fifo_select_reg                                                               | User Attribute | 32 x 3               | RAM32M16 x 1   | 
|\axil_crossbar_inst/axil_crossbar_rd_inst             | s_ifaces[0].fifo_decerr_reg                                                               | User Attribute | 32 x 1               | RAM32X1D x 1   | 
|cq_eq_dma_if_mux_wr_inst                              | dma_ram_demux_inst/genblk1[0].fifo_sel_reg                                                | User Attribute | 32 x 1               | RAM32X1D x 1   | 
|cq_eq_dma_if_mux_wr_inst                              | dma_ram_demux_inst/genblk1[1].fifo_sel_reg                                                | User Attribute | 32 x 1               | RAM32X1D x 1   | 
|cq_eq_dma_if_mux_wr_inst                              | dma_ram_demux_inst/genblk1[0].out_fifo_rd_resp_data_reg                                   | User Attribute | 32 x 128             | RAM32M16 x 10  | 
|cq_eq_dma_if_mux_wr_inst                              | dma_ram_demux_inst/genblk1[1].out_fifo_rd_resp_data_reg                                   | User Attribute | 32 x 128             | RAM32M16 x 10  | 
|interface_tx_inst/tx_engine_inst                      | desc_table_len_reg                                                                        | User Attribute | 32 x 16              | RAM32M16 x 8   | 
|interface_tx_inst/tx_engine_inst                      | desc_table_read_commit_reg                                                                | User Attribute | 32 x 1               | RAM32X1D x 1   | 
|interface_tx_inst/tx_engine_inst                      | desc_table_read_count_finish_reg                                                          | User Attribute | 32 x 4               | RAM32M16 x 2   | 
|interface_tx_inst/tx_engine_inst                      | desc_table_read_count_start_reg                                                           | User Attribute | 32 x 4               | RAM32X1D x 4   | 
|interface_tx_inst/tx_engine_inst                      | desc_table_tx_done_a_reg                                                                  | User Attribute | 32 x 1               | RAM32X1D x 2   | 
|interface_tx_inst/tx_engine_inst                      | desc_table_tx_done_b_reg                                                                  | User Attribute | 32 x 1               | RAM32X1D x 2   | 
|interface_tx_inst/tx_engine_inst                      | desc_table_tag_reg                                                                        | User Attribute | 32 x 5               | RAM32M16 x 2   | 
|interface_tx_inst/tx_engine_inst                      | desc_table_queue_ptr_reg                                                                  | User Attribute | 32 x 16              | RAM32M16 x 2   | 
|interface_tx_inst/tx_engine_inst                      | desc_table_ptp_ts_reg                                                                     | User Attribute | 32 x 64              | RAM32M16 x 5   | 
|interface_tx_inst/tx_engine_inst                      | desc_table_csum_start_reg                                                                 | User Attribute | 32 x 7               | RAM32M16 x 1   | 
|interface_tx_inst/tx_engine_inst                      | desc_table_csum_offset_reg                                                                | User Attribute | 32 x 7               | RAM32M16 x 1   | 
|interface_tx_inst/tx_engine_inst                      | desc_table_buf_ptr_reg                                                                    | User Attribute | 32 x 16              | RAM32M16 x 4   | 
|interface_tx_inst/tx_engine_inst                      | desc_table_cpl_queue_reg                                                                  | User Attribute | 32 x 14              | RAM32M16 x 1   | 
|interface_tx_inst/tx_engine_inst                      | desc_table_queue_reg                                                                      | User Attribute | 32 x 13              | RAM32M16 x 2   | 
|interface_tx_inst/tx_engine_inst                      | desc_table_dest_reg                                                                       | User Attribute | 32 x 4               | RAM32M16 x 2   | 
|interface_tx_inst/tx_engine_inst                      | desc_table_csum_enable_reg                                                                | User Attribute | 32 x 1               | RAM32X1D x 1   | 
|interface_tx_inst/\egress_inst/tx_checksum_inst       | csum_fifo/mem_reg                                                                         | Implied        | 64 x 25              | RAM64M8 x 4    | 
|interface_tx_inst                                     | egress_inst/tx_csum_cmd_fifo/mem_reg                                                      | Implied        | 32 x 17              | RAM32M16 x 2   | 
|interface_tx_inst                                     | dma_client_axis_source_inst/out_fifo_tdata_reg                                            | User Attribute | 32 x 64              | RAM32M16 x 5   | 
|interface_tx_inst                                     | dma_client_axis_source_inst/out_fifo_tkeep_reg                                            | User Attribute | 32 x 8               | RAM32M16 x 1   | 
|interface_tx_inst                                     | dma_client_axis_source_inst/out_fifo_tlast_reg                                            | User Attribute | 32 x 1               | RAM32X1D x 1   | 
|interface_tx_inst                                     | dma_client_axis_source_inst/out_fifo_tid_reg                                              | User Attribute | 32 x 13              | RAM32M16 x 1   | 
|interface_tx_inst                                     | dma_client_axis_source_inst/out_fifo_tdest_reg                                            | User Attribute | 32 x 4               | RAM32M16 x 1   | 
|interface_tx_inst                                     | dma_client_axis_source_inst/out_fifo_tuser_reg                                            | User Attribute | 32 x 17              | RAM32M16 x 2   | 
|mqnic_interface__GB1                                  | desc_fetch_inst/desc_table_log_desc_block_size_reg                                        | User Attribute | 32 x 2               | RAM32X1D x 2   | 
|mqnic_interface__GB1                                  | desc_fetch_inst/desc_table_sel_reg                                                        | User Attribute | 32 x 1               | RAM32X1D x 1   | 
|mqnic_interface__GB1                                  | desc_fetch_inst/dma_client_axis_source_inst/out_fifo_tdata_reg                            | User Attribute | 32 x 128             | RAM32M16 x 10  | 
|mqnic_interface__GB1                                  | desc_fetch_inst/dma_client_axis_source_inst/out_fifo_tlast_reg                            | User Attribute | 32 x 1               | RAM32X1D x 1   | 
|mqnic_interface__GB1                                  | desc_fetch_inst/dma_client_axis_source_inst/out_fifo_tid_reg                              | User Attribute | 32 x 6               | RAM32M16 x 1   | 
|mqnic_interface__GB1                                  | desc_fetch_inst/desc_table_tag_reg                                                        | User Attribute | 32 x 6               | RAM32M16 x 1   | 
|mqnic_interface__GB1                                  | desc_fetch_inst/desc_table_queue_op_tag_reg                                               | User Attribute | 32 x 6               | RAM32M16 x 1   | 
|mqnic_interface__GB2                                  | sched[0].scheduler_block/tx_scheduler_inst/doorbell_fifo/mem_reg                          | Implied        | 256 x 13             | RAM64M8 x 8    | 
|mqnic_interface__GB2                                  | sched[0].scheduler_block/tx_scheduler_inst/op_table_queue_reg                             | User Attribute | 32 x 13              | RAM32M16 x 2   | 
|mqnic_interface__GB2                                  | sched[0].scheduler_block/tx_scheduler_inst/op_table_prev_index_reg                        | User Attribute | 32 x 5               | RAM32M16 x 1   | 
|mqnic_interface__GB2                                  | sched[0].scheduler_block/tx_scheduler_inst/op_table_next_index_reg                        | User Attribute | 32 x 5               | RAM32M16 x 1   | 
|mqnic_interface__GB2                                  | sched[0].scheduler_block/tx_scheduler_inst/op_table_is_head_reg                           | User Attribute | 32 x 1               | RAM32X1D x 1   | 
|mqnic_interface__GB2                                  | sched[0].scheduler_block/tx_scheduler_inst/finish_fifo_tag_reg                            | User Attribute | 32 x 5               | RAM32M16 x 1   | 
|mqnic_interface__GB2                                  | sched[0].scheduler_block/tx_scheduler_inst/finish_fifo_status_reg                         | User Attribute | 32 x 1               | RAM32X1D x 1   | 
|tx_qm_inst                                            | op_table_queue_reg                                                                        | User Attribute | 32 x 13              | RAM32M16 x 2   | 
|tx_qm_inst                                            | op_table_queue_ptr_reg                                                                    | User Attribute | 32 x 16              | RAM32M16 x 4   | 
|mqnic_interface__GB2                                  | event_write_inst/desc_table_data_reg                                                      | User Attribute | 32 x 255             | RAM32M16 x 38  | 
|mqnic_interface__GB2                                  | event_write_inst/desc_table_phase_reg                                                     | User Attribute | 32 x 1               | RAM32X1D x 1   | 
|mqnic_interface__GB2                                  | event_write_inst/desc_table_queue_op_tag_reg                                              | User Attribute | 32 x 6               | RAM32M16 x 1   | 
|rx_qm_inst                                            | op_table_queue_reg                                                                        | User Attribute | 32 x 8               | RAM32M16 x 2   | 
|rx_qm_inst                                            | op_table_queue_ptr_reg                                                                    | User Attribute | 32 x 16              | RAM32M16 x 4   | 
|cqm_inst                                              | op_table_queue_reg                                                                        | User Attribute | 32 x 14              | RAM32M16 x 2   | 
|cqm_inst                                              | op_table_queue_ptr_reg                                                                    | User Attribute | 32 x 16              | RAM32M16 x 4   | 
|event_queue_manager_inst                              | op_table_queue_reg                                                                        | User Attribute | 32 x 6               | RAM32M16 x 2   | 
|event_queue_manager_inst                              | op_table_queue_ptr_reg                                                                    | User Attribute | 32 x 16              | RAM32M16 x 4   | 
|mqnic_interface__GB3                                  | irq_fifo/mem_reg                                                                          | Implied        | 128 x 6              | RAM64M8 x 2    | 
|irq_rate_limit_inst                                   | mem_reg_reg                                                                               | Implied        | 64 x 19              | RAM64X1S x 19  | 
|core_inst/core_insti_6/dma_if_mux_inst                | dma_if_mux_wr_inst/dma_ram_demux_inst/genblk1[0].fifo_sel_reg                             | User Attribute | 32 x 1               | RAM32X1D x 1   | 
|core_inst/core_insti_6/dma_if_mux_inst                | dma_if_mux_wr_inst/dma_ram_demux_inst/genblk1[1].fifo_sel_reg                             | User Attribute | 32 x 1               | RAM32X1D x 1   | 
|core_inst/core_insti_6/dma_if_mux_inst                | dma_if_mux_rd_inst/dma_ram_demux_inst/genblk1[0].fifo_sel_reg                             | User Attribute | 32 x 1               | RAM32X1D x 1   | 
|core_inst/core_insti_6/dma_if_mux_inst                | dma_if_mux_rd_inst/dma_ram_demux_inst/genblk1[1].fifo_sel_reg                             | User Attribute | 32 x 1               | RAM32X1D x 1   | 
|core_inst/core_insti_6/dma_if_mux_inst                | dma_if_mux_wr_inst/dma_ram_demux_inst/genblk1[0].out_fifo_rd_resp_data_reg                | User Attribute | 32 x 128             | RAM32M16 x 10  | 
|core_inst/core_insti_6/dma_if_mux_inst                | dma_if_mux_wr_inst/dma_ram_demux_inst/genblk1[1].out_fifo_rd_resp_data_reg                | User Attribute | 32 x 128             | RAM32M16 x 10  | 
|core_inst/core_insti_6/axil_csr_crossbar_inst         | axil_crossbar_wr_inst/s_ifaces[0].fifo_select_reg                                         | User Attribute | 32 x 2               | RAM32X1D x 2   | 
|core_inst/core_insti_6/axil_csr_crossbar_inst         | axil_crossbar_wr_inst/s_ifaces[0].fifo_decerr_reg                                         | User Attribute | 32 x 1               | RAM32X1D x 1   | 
|core_inst/core_insti_6/axil_csr_crossbar_inst         | axil_crossbar_rd_inst/s_ifaces[0].fifo_select_reg                                         | User Attribute | 32 x 2               | RAM32X1D x 2   | 
|core_inst/core_insti_6/axil_csr_crossbar_inst         | axil_crossbar_rd_inst/s_ifaces[0].fifo_decerr_reg                                         | User Attribute | 32 x 1               | RAM32X1D x 1   | 
|\stats_pcie_if.stats_pcie_if_inst/stats_collect_inst  | mem_reg_reg                                                                               | User Attribute | 32 x 24              | RAM32X1S x 24  | 
|pcie_axil_master_inst                                 | resp_fifo_op_read_reg                                                                     | User Attribute | 32 x 1               | RAM32X1D x 1   | 
|pcie_axil_master_inst                                 | resp_fifo_first_reg                                                                       | User Attribute | 32 x 1               | RAM32X1D x 1   | 
|pcie_axil_master_inst                                 | resp_fifo_last_reg                                                                        | User Attribute | 32 x 1               | RAM32X1D x 1   | 
|pcie_axil_master_inst                                 | resp_fifo_op_write_reg                                                                    | User Attribute | 32 x 1               | RAM32X1D x 1   | 
|pcie_axil_master_inst                                 | resp_fifo_lower_addr_reg                                                                  | User Attribute | 32 x 7               | RAM32M16 x 1   | 
|pcie_axil_master_inst                                 | resp_fifo_tag_reg                                                                         | User Attribute | 32 x 10              | RAM32M16 x 1   | 
|pcie_axil_master_inst                                 | resp_fifo_requester_id_reg                                                                | User Attribute | 32 x 16              | RAM32M16 x 2   | 
|pcie_axil_master_inst                                 | resp_fifo_byte_count_reg                                                                  | User Attribute | 32 x 12              | RAM32M16 x 1   | 
|pcie_axil_master_inst                                 | resp_fifo_cpl_status_reg                                                                  | User Attribute | 32 x 1               | RAM32M16 x 1   | 
|pcie_axil_master_inst                                 | resp_fifo_dword_count_reg                                                                 | User Attribute | 32 x 6               | RAM32M16 x 1   | 
|pcie_axil_master_inst                                 | resp_fifo_attr_reg                                                                        | User Attribute | 32 x 3               | RAM32M16 x 1   | 
|pcie_axil_master_inst                                 | resp_fifo_tc_reg                                                                          | User Attribute | 32 x 3               | RAM32M16 x 1   | 
|\dma_if_pcie_inst/dma_if_pcie_rd_inst                 | pcie_tag_fifo_2_mem_reg                                                                   | User Attribute | 256 x 8              | RAM64M8 x 8    | 
|\dma_if_pcie_inst/dma_if_pcie_rd_inst                 | pcie_tag_fifo_1_mem_reg                                                                   | User Attribute | 32 x 5               | RAM32M16 x 1   | 
|\dma_if_pcie_inst/dma_if_pcie_rd_inst                 | op_table_read_count_finish_reg                                                            | User Attribute | 256 x 9              | RAM64M8 x 16   | 
|\dma_if_pcie_inst/dma_if_pcie_rd_inst                 | op_table_read_commit_reg                                                                  | User Attribute | 256 x 1              | RAM256X1D x 1  | 
|\dma_if_pcie_inst/dma_if_pcie_rd_inst                 | op_table_read_init_b_reg                                                                  | User Attribute | 256 x 1              | RAM256X1D x 1  | 
|\dma_if_pcie_inst/dma_if_pcie_rd_inst                 | op_table_read_init_a_reg                                                                  | User Attribute | 256 x 1              | RAM256X1D x 1  | 
|\dma_if_pcie_inst/dma_if_pcie_rd_inst                 | op_table_read_count_start_reg                                                             | User Attribute | 256 x 9              | RAM64M8 x 16   | 
|\dma_if_pcie_inst/dma_if_pcie_rd_inst                 | pcie_tag_table_cpld_fc_reg                                                                | User Attribute | 256 x 9              | RAM64M8 x 8    | 
|\dma_if_pcie_inst/dma_if_pcie_rd_inst                 | pcie_tag_table_cplh_fc_reg                                                                | User Attribute | 256 x 7              | RAM64M8 x 4    | 
|\dma_if_pcie_inst/dma_if_pcie_rd_inst                 | pcie_tag_table_active_b_reg                                                               | User Attribute | 256 x 1              | RAM256X1D x 3  | 
|\dma_if_pcie_inst/dma_if_pcie_rd_inst                 | pcie_tag_table_active_a_reg                                                               | User Attribute | 256 x 1              | RAM256X1D x 3  | 
|\dma_if_pcie_inst/dma_if_pcie_rd_inst                 | pcie_tag_table_ram_addr_reg                                                               | User Attribute | 256 x 15             | RAM64M8 x 12   | 
|\dma_if_pcie_inst/dma_if_pcie_rd_inst                 | pcie_tag_table_zero_len_reg                                                               | User Attribute | 256 x 1              | RAM256X1D x 1  | 
|\dma_if_pcie_inst/dma_if_pcie_rd_inst                 | op_table_error_a_reg                                                                      | User Attribute | 256 x 1              | RAM256X1D x 2  | 
|\dma_if_pcie_inst/dma_if_pcie_rd_inst                 | op_table_error_b_reg                                                                      | User Attribute | 256 x 1              | RAM256X1D x 2  | 
|\dma_if_pcie_inst/dma_if_pcie_rd_inst                 | op_table_error_code_reg                                                                   | User Attribute | 256 x 4              | RAM256X1S x 4  | 
|\dma_if_pcie_inst/dma_if_pcie_rd_inst                 | status_fifo_finish_reg                                                                    | User Attribute | 32 x 1               | RAM32X1D x 1   | 
|\dma_if_pcie_inst/dma_if_pcie_rd_inst                 | pcie_tag_table_op_tag_reg                                                                 | User Attribute | 256 x 8              | RAM64M8 x 8    | 
|\dma_if_pcie_inst/dma_if_pcie_rd_inst                 | status_fifo_op_tag_reg                                                                    | User Attribute | 32 x 8               | RAM32M16 x 1   | 
|\dma_if_pcie_inst/dma_if_pcie_rd_inst                 | op_tag_fifo_mem_reg                                                                       | User Attribute | 256 x 8              | RAM64M8 x 8    | 
|\dma_if_pcie_inst/dma_if_pcie_rd_inst                 | status_fifo_mask_reg                                                                      | User Attribute | 32 x 2               | RAM32X1D x 2   | 
|\dma_if_pcie_inst/dma_if_pcie_rd_inst                 | op_table_tag_reg                                                                          | User Attribute | 256 x 16             | RAM64M8 x 12   | 
|\dma_if_pcie_inst/dma_if_pcie_rd_inst                 | status_fifo_error_reg                                                                     | User Attribute | 32 x 4               | RAM32M16 x 1   | 
|\dma_if_pcie_inst/dma_if_pcie_rd_inst                 | genblk1[0].out_fifo_wr_cmd_sel_reg                                                        | User Attribute | 32 x 2               | RAM32X1D x 2   | 
|\dma_if_pcie_inst/dma_if_pcie_rd_inst                 | genblk1[1].out_fifo_wr_cmd_sel_reg                                                        | User Attribute | 32 x 2               | RAM32X1D x 2   | 
|\dma_if_pcie_inst/dma_if_pcie_rd_inst                 | genblk1[0].out_fifo_wr_cmd_be_reg                                                         | User Attribute | 32 x 16              | RAM32M16 x 2   | 
|\dma_if_pcie_inst/dma_if_pcie_rd_inst                 | genblk1[1].out_fifo_wr_cmd_be_reg                                                         | User Attribute | 32 x 16              | RAM32M16 x 2   | 
|\dma_if_pcie_inst/dma_if_pcie_rd_inst                 | genblk1[0].out_fifo_wr_cmd_addr_reg                                                       | User Attribute | 32 x 10              | RAM32M16 x 1   | 
|\dma_if_pcie_inst/dma_if_pcie_rd_inst                 | genblk1[1].out_fifo_wr_cmd_addr_reg                                                       | User Attribute | 32 x 10              | RAM32M16 x 1   | 
|\dma_if_pcie_inst/dma_if_pcie_rd_inst                 | genblk1[0].out_fifo_wr_cmd_data_reg                                                       | User Attribute | 32 x 128             | RAM32M16 x 10  | 
|\dma_if_pcie_inst/dma_if_pcie_rd_inst                 | genblk1[1].out_fifo_wr_cmd_data_reg                                                       | User Attribute | 32 x 128             | RAM32M16 x 10  | 
|\dma_if_pcie_inst/dma_if_pcie_rd_inst                 | pcie_tag_table_ram_sel_reg                                                                | User Attribute | 256 x 2              | RAM256X1D x 2  | 
|\dma_if_pcie_inst/dma_if_pcie_wr_inst                 | op_table_cycle_count_reg                                                                  | User Attribute | 32 x 9               | RAM32M16 x 1   | 
|\dma_if_pcie_inst/dma_if_pcie_wr_inst                 | op_table_offset_reg                                                                       | User Attribute | 32 x 5               | RAM32M16 x 1   | 
|\dma_if_pcie_inst/dma_if_pcie_wr_inst                 | op_table_dword_len_reg                                                                    | User Attribute | 32 x 10              | RAM32M16 x 1   | 
|\dma_if_pcie_inst/dma_if_pcie_wr_inst                 | op_table_last_reg                                                                         | User Attribute | 32 x 1               | RAM32X1D x 1   | 
|\dma_if_pcie_inst/dma_if_pcie_wr_inst                 | mask_fifo_mask_reg                                                                        | User Attribute | 64 x 2               | RAM64M8 x 1    | 
|\dma_if_pcie_inst/dma_if_pcie_wr_inst                 | op_table_len_reg                                                                          | User Attribute | 32 x 2               | RAM32X1D x 2   | 
|\dma_if_pcie_inst/dma_if_pcie_wr_inst                 | op_table_pcie_addr_reg                                                                    | User Attribute | 32 x 64              | RAM32M16 x 5   | 
|\dma_if_pcie_inst/dma_if_pcie_wr_inst                 | op_table_zero_len_reg                                                                     | User Attribute | 32 x 1               | RAM32X1D x 1   | 
|\dma_if_pcie_inst/dma_if_pcie_wr_inst                 | op_table_tag_reg                                                                          | User Attribute | 32 x 16              | RAM32M16 x 2   | 
|core_inst                                             | stats_dma_if_pcie.stats_dma_if_pcie_inst/stats_collect_tx_inst/mem_reg_reg                | User Attribute | 32 x 24              | RAM32X1S x 24  | 
|core_inst                                             | stats_dma_if_pcie.stats_dma_if_pcie_inst/stats_dma_latency_rd_op_inst/len_mem_reg_reg     | User Attribute | 256 x 16             | RAM64M8 x 12   | 
|core_inst                                             | stats_dma_if_pcie.stats_dma_if_pcie_inst/stats_dma_latency_rd_op_inst/count_mem_reg_reg   | User Attribute | 256 x 16             | RAM64M8 x 12   | 
|core_inst                                             | stats_dma_if_pcie.stats_dma_if_pcie_inst/stats_dma_latency_rd_req_inst/count_mem_reg_reg  | User Attribute | 256 x 16             | RAM64M8 x 12   | 
|core_inst                                             | stats_dma_if_pcie.stats_dma_if_pcie_inst/stats_dma_latency_wr_op_inst/len_mem_reg_reg     | User Attribute | 32 x 16              | RAM32M16 x 2   | 
|core_inst                                             | stats_dma_if_pcie.stats_dma_if_pcie_inst/stats_dma_latency_wr_op_inst/count_mem_reg_reg   | User Attribute | 32 x 16              | RAM32M16 x 2   | 
|core_inst                                             | stats_dma_if_pcie.stats_dma_if_pcie_inst/stats_dma_latency_wr_req_inst/count_mem_reg_reg  | User Attribute | 32 x 16              | RAM32M16 x 2   | 
+------------------------------------------------------+-------------------------------------------------------------------------------------------+----------------+----------------------+----------------+

---------------------------------------------------------------------------------
Finished ROM, RAM, DSP, Shift Register and Retiming Reporting
---------------------------------------------------------------------------------
---------------------------------------------------------------------------------
Start Technology Mapping
---------------------------------------------------------------------------------
WARNING: [Synth 8-3332] Sequential element (pcie_us_if_rq_inst/rd_req_fifo_inst/seg_ram[0].rd_hdr_reg_reg_pipe_6_reg) is unused and will be removed from module pcie_us_if.
WARNING: [Synth 8-3332] Sequential element (pcie_us_if_rq_inst/rd_req_fifo_inst/seg_ram[0].rd_hdr_reg_reg_pipe_7_reg) is unused and will be removed from module pcie_us_if.
WARNING: [Synth 8-3332] Sequential element (pcie_us_if_rq_inst/rd_req_fifo_inst/seg_ram[0].rd_hdr_reg_reg_pipe_29_reg) is unused and will be removed from module pcie_us_if.
WARNING: [Synth 8-3332] Sequential element (pcie_us_if_rq_inst/wr_req_fifo_inst/seg_ram[0].rd_hdr_reg_reg_pipe_6_reg) is unused and will be removed from module pcie_us_if.
WARNING: [Synth 8-3332] Sequential element (pcie_us_if_rq_inst/wr_req_fifo_inst/seg_ram[0].rd_hdr_reg_reg_pipe_7_reg) is unused and will be removed from module pcie_us_if.
WARNING: [Synth 8-3332] Sequential element (pcie_us_if_rq_inst/wr_req_fifo_inst/seg_ram[0].rd_hdr_reg_reg_pipe_29_reg) is unused and will be removed from module pcie_us_if.
WARNING: [Synth 8-3332] Sequential element (pcie_us_if_cc_inst/cpl_fifo_inst/seg_ram[0].rd_hdr_reg_reg_pipe_67_reg) is unused and will be removed from module pcie_us_if.
INFO: [Synth 8-7067] Removed DRAM instance core_inst/iface[0].interface_insti_1/core_inst/core_pcie_inst/core_inst/iface[0].interface_inst/port[0].port_inst/port_rx_inst/rx_async_fifo_inst/fifo_inst/mem_reg_0_31_168_169 from module mqnic_interface__GB0_tempName due to constant propagation
INFO: [Synth 8-7067] Removed DRAM instance core_inst/iface[0].interface_insti_1/core_inst/core_pcie_inst/core_inst/iface[0].interface_inst/cpl_write_inst/desc_table_data_reg_r2_0_31_252_254 from module mqnic_interface__GB0_tempName due to constant propagation
INFO: [Synth 8-139] cannot merge instances core_inst/\iface[0].interface_insti_1 /\core_inst/core_pcie_inst/core_inst/iface[0].interface_inst/port[0].port_inst/tx_status_sync_2_reg_reg  and core_inst/\iface[0].interface_insti_1 /\core_inst/core_pcie_inst/core_inst/iface[0].interface_inst/port[0].port_inst/rx_status_sync_2_reg_reg  because of non-equivalent assertions
INFO: [Synth 8-139] cannot merge instances core_inst/\iface[0].interface_insti_1 /\core_inst/core_pcie_inst/core_inst/iface[0].interface_inst/port[0].port_inst/rx_status_sync_2_reg_reg  and core_inst/\iface[0].interface_insti_1 /\core_inst/core_pcie_inst/core_inst/iface[0].interface_inst/port[0].port_inst/tx_status_sync_2_reg_reg  because of non-equivalent assertions
INFO: [Synth 8-139] cannot merge instances core_inst/\iface[0].interface_insti_1 /\core_inst/core_pcie_inst/core_inst/iface[0].interface_inst/port[0].port_inst/tx_rst_sync_2_reg_reg  and core_inst/\iface[0].interface_insti_1 /\core_inst/core_pcie_inst/core_inst/iface[0].interface_inst/port[0].port_inst/rx_rst_sync_2_reg_reg  because of non-equivalent assertions
INFO: [Synth 8-139] cannot merge instances core_inst/\iface[0].interface_insti_1 /\core_inst/core_pcie_inst/core_inst/iface[0].interface_inst/port[0].port_inst/rx_rst_sync_2_reg_reg  and core_inst/\iface[0].interface_insti_1 /\core_inst/core_pcie_inst/core_inst/iface[0].interface_inst/port[0].port_inst/tx_rst_sync_2_reg_reg  because of non-equivalent assertions
INFO: [Synth 8-7067] Removed DRAM instance core_inst/iface[0].interface_insti_1/core_inst/core_pcie_inst/core_inst/iface[0].interface_inst/port[0].port_inst/port_rx_inst/rx_async_fifo_inst/fifo_inst/mem_reg_0_31_168_169 from module mqnic_interface__GB0_tempName due to constant propagation
INFO: [Synth 8-139] cannot merge instances core_inst/\iface[0].interface_insti_1 /\core_inst/core_pcie_inst/core_inst/iface[0].interface_inst/port[0].port_inst/tx_status_sync_2_reg_reg  and core_inst/\iface[0].interface_insti_1 /\core_inst/core_pcie_inst/core_inst/iface[0].interface_inst/port[0].port_inst/rx_status_sync_2_reg_reg  because of non-equivalent assertions
INFO: [Synth 8-139] cannot merge instances core_inst/\iface[0].interface_insti_1 /\core_inst/core_pcie_inst/core_inst/iface[0].interface_inst/port[0].port_inst/rx_status_sync_2_reg_reg  and core_inst/\iface[0].interface_insti_1 /\core_inst/core_pcie_inst/core_inst/iface[0].interface_inst/port[0].port_inst/tx_status_sync_2_reg_reg  because of non-equivalent assertions
INFO: [Synth 8-139] cannot merge instances core_inst/\iface[0].interface_insti_1 /\core_inst/core_pcie_inst/core_inst/iface[0].interface_inst/port[0].port_inst/tx_rst_sync_2_reg_reg  and core_inst/\iface[0].interface_insti_1 /\core_inst/core_pcie_inst/core_inst/iface[0].interface_inst/port[0].port_inst/rx_rst_sync_2_reg_reg  because of non-equivalent assertions
INFO: [Synth 8-139] cannot merge instances core_inst/\iface[0].interface_insti_1 /\core_inst/core_pcie_inst/core_inst/iface[0].interface_inst/port[0].port_inst/rx_rst_sync_2_reg_reg  and core_inst/\iface[0].interface_insti_1 /\core_inst/core_pcie_inst/core_inst/iface[0].interface_inst/port[0].port_inst/tx_rst_sync_2_reg_reg  because of non-equivalent assertions
INFO: [Synth 8-139] cannot merge instances core_inst/\iface[0].interface_insti_1 /\core_inst/core_pcie_inst/core_inst/iface[0].interface_inst/port[0].port_inst/tx_status_sync_2_reg_reg  and core_inst/\iface[0].interface_insti_1 /\core_inst/core_pcie_inst/core_inst/iface[0].interface_inst/port[0].port_inst/rx_status_sync_2_reg_reg  because of non-equivalent assertions
INFO: [Synth 8-139] cannot merge instances core_inst/\iface[0].interface_insti_1 /\core_inst/core_pcie_inst/core_inst/iface[0].interface_inst/port[0].port_inst/rx_status_sync_2_reg_reg  and core_inst/\iface[0].interface_insti_1 /\core_inst/core_pcie_inst/core_inst/iface[0].interface_inst/port[0].port_inst/tx_status_sync_2_reg_reg  because of non-equivalent assertions
INFO: [Synth 8-139] cannot merge instances core_inst/\iface[0].interface_insti_1 /\core_inst/core_pcie_inst/core_inst/iface[0].interface_inst/port[0].port_inst/tx_rst_sync_2_reg_reg  and core_inst/\iface[0].interface_insti_1 /\core_inst/core_pcie_inst/core_inst/iface[0].interface_inst/port[0].port_inst/rx_rst_sync_2_reg_reg  because of non-equivalent assertions
INFO: [Synth 8-139] cannot merge instances core_inst/\iface[0].interface_insti_1 /\core_inst/core_pcie_inst/core_inst/iface[0].interface_inst/port[0].port_inst/rx_rst_sync_2_reg_reg  and core_inst/\iface[0].interface_insti_1 /\core_inst/core_pcie_inst/core_inst/iface[0].interface_inst/port[0].port_inst/tx_rst_sync_2_reg_reg  because of non-equivalent assertions
INFO: [Synth 8-7067] Removed DRAM instance core_inst/iface[0].interface_insti_1/core_inst/core_pcie_inst/core_inst/iface[0].interface_inst/cq_eq_dma_if_mux_wr_inst/dma_ram_demux_inst/genblk1[1].out_fifo_rd_resp_data_reg_0_31_112_125 from module mqnic_interface__GB0_tempName due to constant propagation
INFO: [Synth 8-139] cannot merge instances core_inst/\iface[0].interface_insti_1 /\core_inst/core_pcie_inst/core_inst/iface[0].interface_inst/port[0].port_inst/tx_status_sync_2_reg_reg  and core_inst/\iface[0].interface_insti_1 /\core_inst/core_pcie_inst/core_inst/iface[0].interface_inst/port[0].port_inst/rx_status_sync_2_reg_reg  because of non-equivalent assertions
INFO: [Synth 8-139] cannot merge instances core_inst/\iface[0].interface_insti_1 /\core_inst/core_pcie_inst/core_inst/iface[0].interface_inst/port[0].port_inst/rx_status_sync_2_reg_reg  and core_inst/\iface[0].interface_insti_1 /\core_inst/core_pcie_inst/core_inst/iface[0].interface_inst/port[0].port_inst/tx_status_sync_2_reg_reg  because of non-equivalent assertions
INFO: [Synth 8-139] cannot merge instances core_inst/\iface[0].interface_insti_1 /\core_inst/core_pcie_inst/core_inst/iface[0].interface_inst/port[0].port_inst/tx_rst_sync_2_reg_reg  and core_inst/\iface[0].interface_insti_1 /\core_inst/core_pcie_inst/core_inst/iface[0].interface_inst/port[0].port_inst/rx_rst_sync_2_reg_reg  because of non-equivalent assertions
INFO: [Synth 8-139] cannot merge instances core_inst/\iface[0].interface_insti_1 /\core_inst/core_pcie_inst/core_inst/iface[0].interface_inst/port[0].port_inst/rx_rst_sync_2_reg_reg  and core_inst/\iface[0].interface_insti_1 /\core_inst/core_pcie_inst/core_inst/iface[0].interface_inst/port[0].port_inst/tx_rst_sync_2_reg_reg  because of non-equivalent assertions
INFO: [Synth 8-139] cannot merge instances core_inst/\iface[0].interface_insti_1 /\core_inst/core_pcie_inst/core_inst/iface[0].interface_inst/port[0].port_inst/tx_status_sync_2_reg_reg  and core_inst/\iface[0].interface_insti_1 /\core_inst/core_pcie_inst/core_inst/iface[0].interface_inst/port[0].port_inst/rx_status_sync_2_reg_reg  because of non-equivalent assertions
INFO: [Synth 8-139] cannot merge instances core_inst/\iface[0].interface_insti_1 /\core_inst/core_pcie_inst/core_inst/iface[0].interface_inst/port[0].port_inst/rx_status_sync_2_reg_reg  and core_inst/\iface[0].interface_insti_1 /\core_inst/core_pcie_inst/core_inst/iface[0].interface_inst/port[0].port_inst/tx_status_sync_2_reg_reg  because of non-equivalent assertions
INFO: [Synth 8-139] cannot merge instances core_inst/\iface[0].interface_insti_1 /\core_inst/core_pcie_inst/core_inst/iface[0].interface_inst/port[0].port_inst/tx_rst_sync_2_reg_reg  and core_inst/\iface[0].interface_insti_1 /\core_inst/core_pcie_inst/core_inst/iface[0].interface_inst/port[0].port_inst/rx_rst_sync_2_reg_reg  because of non-equivalent assertions
INFO: [Synth 8-139] cannot merge instances core_inst/\iface[0].interface_insti_1 /\core_inst/core_pcie_inst/core_inst/iface[0].interface_inst/port[0].port_inst/rx_rst_sync_2_reg_reg  and core_inst/\iface[0].interface_insti_1 /\core_inst/core_pcie_inst/core_inst/iface[0].interface_inst/port[0].port_inst/tx_rst_sync_2_reg_reg  because of non-equivalent assertions
INFO: [Synth 8-139] cannot merge instances core_inst/\iface[0].interface_insti_1 /\core_inst/core_pcie_inst/core_inst/iface[0].interface_inst/port[0].port_inst/tx_status_sync_2_reg_reg  and core_inst/\iface[0].interface_insti_1 /\core_inst/core_pcie_inst/core_inst/iface[0].interface_inst/port[0].port_inst/rx_status_sync_2_reg_reg  because of non-equivalent assertions
INFO: [Synth 8-139] cannot merge instances core_inst/\iface[0].interface_insti_1 /\core_inst/core_pcie_inst/core_inst/iface[0].interface_inst/port[0].port_inst/rx_status_sync_2_reg_reg  and core_inst/\iface[0].interface_insti_1 /\core_inst/core_pcie_inst/core_inst/iface[0].interface_inst/port[0].port_inst/tx_status_sync_2_reg_reg  because of non-equivalent assertions
INFO: [Synth 8-139] cannot merge instances core_inst/\iface[0].interface_insti_1 /\core_inst/core_pcie_inst/core_inst/iface[0].interface_inst/port[0].port_inst/tx_rst_sync_2_reg_reg  and core_inst/\iface[0].interface_insti_1 /\core_inst/core_pcie_inst/core_inst/iface[0].interface_inst/port[0].port_inst/rx_rst_sync_2_reg_reg  because of non-equivalent assertions
INFO: [Synth 8-139] cannot merge instances core_inst/\iface[0].interface_insti_1 /\core_inst/core_pcie_inst/core_inst/iface[0].interface_inst/port[0].port_inst/rx_rst_sync_2_reg_reg  and core_inst/\iface[0].interface_insti_1 /\core_inst/core_pcie_inst/core_inst/iface[0].interface_inst/port[0].port_inst/tx_rst_sync_2_reg_reg  because of non-equivalent assertions
INFO: [Synth 8-7052] The timing for the instance core_inst/iface[0].interface_insti_1/core_inst/core_pcie_inst/core_inst/iface[0].interface_inst/interface_rx_inst/rx_engine_inst/mqnic_rx_queue_map_inst/indir_tbl_mem_reg_2 (implemented as a Block RAM) might be sub-optimal as no optional output register could be merged into the ram block. Providing additional output register may help in improving timing.
INFO: [Synth 8-7052] The timing for the instance core_inst/core_pcie_insti_7/core_inst/core_pcie_inst/pcie_msix_inst/tbl_mem_reg_1 (implemented as a Block RAM) might be sub-optimal as no optional output register could be merged into the ram block. Providing additional output register may help in improving timing.
INFO: [Synth 8-7052] The timing for the instance core_inst/core_pcie_insti_7/core_inst/core_pcie_inst/pcie_msix_inst/tbl_mem_reg_2 (implemented as a Block RAM) might be sub-optimal as no optional output register could be merged into the ram block. Providing additional output register may help in improving timing.
---------------------------------------------------------------------------------
Finished Technology Mapping : Time (s): cpu = 00:02:17 ; elapsed = 00:02:26 . Memory (MB): peak = 3345.309 ; gain = 1590.527
---------------------------------------------------------------------------------
---------------------------------------------------------------------------------
Start IO Insertion
---------------------------------------------------------------------------------
---------------------------------------------------------------------------------
Start Flattening Before IO Insertion
---------------------------------------------------------------------------------
---------------------------------------------------------------------------------
Finished Flattening Before IO Insertion
---------------------------------------------------------------------------------
---------------------------------------------------------------------------------
Start Final Netlist Cleanup
---------------------------------------------------------------------------------
INFO: [Synth 8-7052] The timing for the instance core_inst/core_inst/core_pcie_inst/core_inst/iface[0].interface_inst/interface_rx_inst/rx_engine_inst/mqnic_rx_queue_map_inst/indir_tbl_mem_reg_2 (implemented as a Block RAM) might be sub-optimal as no optional output register could be merged into the ram block. Providing additional output register may help in improving timing.
INFO: [Synth 8-7052] The timing for the instance core_inst/core_inst/core_pcie_inst/pcie_msix_inst/tbl_mem_reg_1 (implemented as a Block RAM) might be sub-optimal as no optional output register could be merged into the ram block. Providing additional output register may help in improving timing.
INFO: [Synth 8-7052] The timing for the instance core_inst/core_inst/core_pcie_inst/pcie_msix_inst/tbl_mem_reg_2 (implemented as a Block RAM) might be sub-optimal as no optional output register could be merged into the ram block. Providing additional output register may help in improving timing.
---------------------------------------------------------------------------------
Finished Final Netlist Cleanup
---------------------------------------------------------------------------------
---------------------------------------------------------------------------------
Finished IO Insertion : Time (s): cpu = 00:02:23 ; elapsed = 00:02:33 . Memory (MB): peak = 3388.852 ; gain = 1634.070
---------------------------------------------------------------------------------
---------------------------------------------------------------------------------
Start Renaming Generated Instances
---------------------------------------------------------------------------------
---------------------------------------------------------------------------------
Finished Renaming Generated Instances : Time (s): cpu = 00:02:23 ; elapsed = 00:02:33 . Memory (MB): peak = 3388.852 ; gain = 1634.070
---------------------------------------------------------------------------------
---------------------------------------------------------------------------------
Start Rebuilding User Hierarchy
---------------------------------------------------------------------------------
---------------------------------------------------------------------------------
Finished Rebuilding User Hierarchy : Time (s): cpu = 00:02:28 ; elapsed = 00:02:37 . Memory (MB): peak = 3388.852 ; gain = 1634.070
---------------------------------------------------------------------------------
---------------------------------------------------------------------------------
Start Renaming Generated Ports
---------------------------------------------------------------------------------
---------------------------------------------------------------------------------
Finished Renaming Generated Ports : Time (s): cpu = 00:02:28 ; elapsed = 00:02:37 . Memory (MB): peak = 3388.852 ; gain = 1634.070
---------------------------------------------------------------------------------
---------------------------------------------------------------------------------
Start Handling Custom Attributes
---------------------------------------------------------------------------------
---------------------------------------------------------------------------------
Finished Handling Custom Attributes : Time (s): cpu = 00:02:29 ; elapsed = 00:02:38 . Memory (MB): peak = 3388.852 ; gain = 1634.070
---------------------------------------------------------------------------------
---------------------------------------------------------------------------------
Start Renaming Generated Nets
---------------------------------------------------------------------------------
---------------------------------------------------------------------------------
Finished Renaming Generated Nets : Time (s): cpu = 00:02:29 ; elapsed = 00:02:38 . Memory (MB): peak = 3388.852 ; gain = 1634.070
---------------------------------------------------------------------------------
---------------------------------------------------------------------------------
Start ROM, RAM, DSP, Shift Register and Retiming Reporting
---------------------------------------------------------------------------------

Static Shift Register Report:
+------------+-----------------------------------------------------------------------------------------------------------------------------------------+--------+-------+--------------+--------------------+-------------------+--------+---------+
|Module Name | RTL Name                                                                                                                                | Length | Width | Reset Signal | Pull out first Reg | Pull out last Reg | SRL16E | SRLC32E | 
+------------+-----------------------------------------------------------------------------------------------------------------------------------------+--------+-------+--------------+--------------------+-------------------+--------+---------+
|fpga_core   | core_inst/core_pcie_inst/core_inst/iface[0].interface_inst/interface_rx_inst/rx_engine_inst/mqnic_rx_queue_map_inst/resp_tag_reg_reg[4] | 3      | 69    | NO           | NO                 | YES               | 69     | 0       | 
|fpga_core   | core_inst/core_pcie_inst/core_inst/iface[0].interface_inst/tx_qm_inst/write_data_pipeline_reg_reg[3][15]                                | 4      | 38    | NO           | NO                 | YES               | 38     | 0       | 
|fpga_core   | core_inst/core_pcie_inst/core_inst/iface[0].interface_inst/tx_qm_inst/req_tag_pipeline_reg_reg[3][5]                                    | 3      | 6     | NO           | NO                 | NO                | 6      | 0       | 
|fpga_core   | core_inst/core_pcie_inst/core_inst/iface[0].interface_inst/cqm_inst/write_data_pipeline_reg_reg[4][15]                                  | 5      | 16    | NO           | NO                 | YES               | 16     | 0       | 
|fpga_core   | core_inst/core_pcie_inst/core_inst/iface[0].interface_inst/cqm_inst/req_tag_pipeline_reg_reg[4][4]                                      | 4      | 5     | NO           | NO                 | NO                | 5      | 0       | 
+------------+-----------------------------------------------------------------------------------------------------------------------------------------+--------+-------+--------------+--------------------+-------------------+--------+---------+

---------------------------------------------------------------------------------
Finished ROM, RAM, DSP, Shift Register and Retiming Reporting
---------------------------------------------------------------------------------
---------------------------------------------------------------------------------
Start Writing Synthesis Report
---------------------------------------------------------------------------------

Report BlackBoxes: 
+------+-----------------------+----------+
|      |BlackBox name          |Instances |
+------+-----------------------+----------+
|1     |pcie4_uscale_plus_0    |         1|
|2     |gig_ethernet_pcs_pma_0 |         1|
|3     |ila_0                  |         1|
+------+-----------------------+----------+

Report Cell Usage: 
+------+---------------------+------+
|      |Cell                 |Count |
+------+---------------------+------+
|1     |gig_ethernet_pcs_pma |     1|
|2     |ila                  |     1|
|3     |pcie4_uscale_plus    |     1|
|4     |BUFG                 |     4|
|5     |CARRY8               |   510|
|6     |IBUFDS_GTE4          |     1|
|7     |LUT1                 |   423|
|8     |LUT2                 |  3244|
|9     |LUT3                 |  4455|
|10    |LUT4                 |  2844|
|11    |LUT5                 |  3616|
|12    |LUT6                 |  7703|
|13    |MMCME3_BASE          |     1|
|14    |MUXF7                |   327|
|15    |MUXF8                |    63|
|16    |RAM128X1D            |     6|
|17    |RAM256X1D            |    15|
|18    |RAM256X1S            |     4|
|19    |RAM32M               |    21|
|20    |RAM32M16             |   209|
|21    |RAM32X1D             |    87|
|22    |RAM32X1S             |    48|
|23    |RAM64M               |    33|
|24    |RAM64M8              |   358|
|25    |RAM64X1D             |     8|
|26    |RAM64X1S             |    19|
|27    |RAMB18E2             |     5|
|31    |RAMB36E2             |    98|
|49    |SRL16E               |   134|
|50    |URAM288              |    17|
|59    |FDCE                 |     1|
|60    |FDPE                 |    20|
|61    |FDRE                 | 24611|
|62    |FDSE                 |   516|
|63    |IBUF                 |     1|
|64    |IBUFGDS              |     1|
|65    |IOBUF                |     2|
|66    |OBUF                 |    11|
|67    |OBUFT                |    25|
|68    |OBUFTDS              |     1|
+------+---------------------+------+
---------------------------------------------------------------------------------
Finished Writing Synthesis Report : Time (s): cpu = 00:02:29 ; elapsed = 00:02:38 . Memory (MB): peak = 3388.852 ; gain = 1634.070
---------------------------------------------------------------------------------
Synthesis finished with 0 errors, 0 critical warnings and 1180 warnings.
Synthesis Optimization Runtime : Time (s): cpu = 00:01:47 ; elapsed = 00:02:18 . Memory (MB): peak = 3388.852 ; gain = 975.477
Synthesis Optimization Complete : Time (s): cpu = 00:02:29 ; elapsed = 00:02:40 . Memory (MB): peak = 3388.852 ; gain = 1634.070
INFO: [Project 1-571] Translating synthesized netlist
Netlist sorting complete. Time (s): cpu = 00:00:01 ; elapsed = 00:00:00.834 . Memory (MB): peak = 3404.820 ; gain = 0.000
INFO: [Netlist 29-17] Analyzing 1718 Unisim elements for replacement
INFO: [Netlist 29-28] Unisim Transformation completed in 1 CPU seconds
INFO: [Project 1-570] Preparing netlist for logic optimization
INFO: [Opt 31-138] Pushed 0 inverter(s) to 0 load pin(s).
INFO: [Opt 31-422] The CLOCK_DOMAINS attribute on the BRAM cell core_inst/eth_mac_inst/rx_fifo/fifo_inst/mem_reg_bram_0 has been changed from INDEPENDENT to COMMON to match the clocking topology used for the BRAM.
INFO: [Opt 31-422] The CLOCK_DOMAINS attribute on the BRAM cell core_inst/eth_mac_inst/rx_fifo/fifo_inst/mem_reg_bram_1 has been changed from INDEPENDENT to COMMON to match the clocking topology used for the BRAM.
INFO: [Opt 31-422] The CLOCK_DOMAINS attribute on the BRAM cell core_inst/eth_mac_inst/rx_fifo/fifo_inst/mem_reg_bram_10 has been changed from INDEPENDENT to COMMON to match the clocking topology used for the BRAM.
INFO: [Opt 31-422] The CLOCK_DOMAINS attribute on the BRAM cell core_inst/eth_mac_inst/rx_fifo/fifo_inst/mem_reg_bram_11 has been changed from INDEPENDENT to COMMON to match the clocking topology used for the BRAM.
INFO: [Opt 31-422] The CLOCK_DOMAINS attribute on the BRAM cell core_inst/eth_mac_inst/rx_fifo/fifo_inst/mem_reg_bram_12 has been changed from INDEPENDENT to COMMON to match the clocking topology used for the BRAM.
INFO: [Opt 31-422] The CLOCK_DOMAINS attribute on the BRAM cell core_inst/eth_mac_inst/rx_fifo/fifo_inst/mem_reg_bram_13 has been changed from INDEPENDENT to COMMON to match the clocking topology used for the BRAM.
INFO: [Opt 31-422] The CLOCK_DOMAINS attribute on the BRAM cell core_inst/eth_mac_inst/rx_fifo/fifo_inst/mem_reg_bram_14 has been changed from INDEPENDENT to COMMON to match the clocking topology used for the BRAM.
INFO: [Opt 31-422] The CLOCK_DOMAINS attribute on the BRAM cell core_inst/eth_mac_inst/rx_fifo/fifo_inst/mem_reg_bram_15 has been changed from INDEPENDENT to COMMON to match the clocking topology used for the BRAM.
INFO: [Opt 31-422] The CLOCK_DOMAINS attribute on the BRAM cell core_inst/eth_mac_inst/rx_fifo/fifo_inst/mem_reg_bram_16 has been changed from INDEPENDENT to COMMON to match the clocking topology used for the BRAM.
INFO: [Opt 31-422] The CLOCK_DOMAINS attribute on the BRAM cell core_inst/eth_mac_inst/rx_fifo/fifo_inst/mem_reg_bram_2 has been changed from INDEPENDENT to COMMON to match the clocking topology used for the BRAM.
INFO: [Opt 31-422] The CLOCK_DOMAINS attribute on the BRAM cell core_inst/eth_mac_inst/rx_fifo/fifo_inst/mem_reg_bram_3 has been changed from INDEPENDENT to COMMON to match the clocking topology used for the BRAM.
INFO: [Opt 31-422] The CLOCK_DOMAINS attribute on the BRAM cell core_inst/eth_mac_inst/rx_fifo/fifo_inst/mem_reg_bram_4 has been changed from INDEPENDENT to COMMON to match the clocking topology used for the BRAM.
INFO: [Opt 31-422] The CLOCK_DOMAINS attribute on the BRAM cell core_inst/eth_mac_inst/rx_fifo/fifo_inst/mem_reg_bram_5 has been changed from INDEPENDENT to COMMON to match the clocking topology used for the BRAM.
INFO: [Opt 31-422] The CLOCK_DOMAINS attribute on the BRAM cell core_inst/eth_mac_inst/rx_fifo/fifo_inst/mem_reg_bram_6 has been changed from INDEPENDENT to COMMON to match the clocking topology used for the BRAM.
INFO: [Opt 31-422] The CLOCK_DOMAINS attribute on the BRAM cell core_inst/eth_mac_inst/rx_fifo/fifo_inst/mem_reg_bram_7 has been changed from INDEPENDENT to COMMON to match the clocking topology used for the BRAM.
INFO: [Opt 31-422] The CLOCK_DOMAINS attribute on the BRAM cell core_inst/eth_mac_inst/rx_fifo/fifo_inst/mem_reg_bram_8 has been changed from INDEPENDENT to COMMON to match the clocking topology used for the BRAM.
INFO: [Opt 31-422] The CLOCK_DOMAINS attribute on the BRAM cell core_inst/eth_mac_inst/rx_fifo/fifo_inst/mem_reg_bram_9 has been changed from INDEPENDENT to COMMON to match the clocking topology used for the BRAM.
INFO: [Opt 31-326] The CLKFBOUT to CLKFBIN net for instance clk_mmcm_inst with COMPENSATION=INTERNAL is optimized away to aid design routability
Netlist sorting complete. Time (s): cpu = 00:00:00 ; elapsed = 00:00:00.008 . Memory (MB): peak = 3460.684 ; gain = 0.000
INFO: [Project 1-111] Unisim Transformation Summary:
  A total of 818 instances were transformed.
  BUFG => BUFGCE: 4 instances
  IBUF => IBUF (IBUFCTRL, INBUF): 1 instance 
  IBUFGDS => IBUFDS (DIFFINBUF, IBUFCTRL): 1 instance 
  IOBUF => IOBUF (IBUFCTRL, INBUF, OBUFT): 2 instances
  MMCME3_BASE => MMCME4_ADV: 1 instance 
  OBUFTDS => OBUFTDS_DUAL_BUF (INV, OBUFT(x2)): 1 instance 
  RAM128X1D => RAM128X1D (MUXF7(x2), RAMD64E(x4)): 6 instances
  RAM256X1D => RAM256X1D (MUXF7(x4), MUXF8(x2), RAMD64E(x8)): 15 instances
  RAM256X1S => RAM256X1S (MUXF7(x2), MUXF8, RAMS64E(x4)): 4 instances
  RAM32M => RAM32M (RAMD32(x6), RAMS32(x2)): 21 instances
  RAM32M16 => RAM32M16 (RAMD32(x14), RAMS32(x2)): 209 instances
  RAM32X1D => RAM32X1D (RAMD32(x2)): 87 instances
  RAM32X1S => RAM32X1S (RAMS32): 48 instances
  RAM64M => RAM64M (RAMD64E(x4)): 33 instances
  RAM64M8 => RAM64M8 (RAMD64E(x8)): 358 instances
  RAM64X1D => RAM64X1D (RAMD64E(x2)): 8 instances
  RAM64X1S => RAM64X1S (RAMS64E): 19 instances

系统找不到指定的路径。
Synth Design complete | Checksum: 1d859248
INFO: [Common 17-83] Releasing license: Synthesis
930 Infos, 647 Warnings, 0 Critical Warnings and 0 Errors encountered.
synth_design completed successfully
synth_design: Time (s): cpu = 00:02:43 ; elapsed = 00:02:54 . Memory (MB): peak = 3460.684 ; gain = 2843.023
Write ShapeDB Complete: Time (s): cpu = 00:00:00 ; elapsed = 00:00:00.050 . Memory (MB): peak = 3460.684 ; gain = 0.000
INFO: [Common 17-1381] The checkpoint 'D:/FPGA/mqnic_prj/mqnic_prj.runs/synth_1/fpga.dcp' has been generated.
write_checkpoint: Time (s): cpu = 00:00:07 ; elapsed = 00:00:06 . Memory (MB): peak = 3460.684 ; gain = 0.000
INFO: [runtcl-4] Executing : report_utilization -file fpga_utilization_synth.rpt -pb fpga_utilization_synth.pb
INFO: [Common 17-206] Exiting Vivado at Thu Sep 10 19:25:20 2026...
[Thu Sep 10 19:25:25 2026] synth_1 finished
wait_on_runs: Time (s): cpu = 00:00:02 ; elapsed = 00:03:10 . Memory (MB): peak = 5639.680 ; gain = 0.000
launch_runs impl_1 -to_step write_bitstream -jobs 8
[Thu Sep 10 19:26:03 2026] Launched impl_1...
Run output will be captured here: D:/FPGA/mqnic_prj/mqnic_prj.runs/impl_1/runme.log
wait_on_run impl_1
[Thu Sep 10 19:26:07 2026] Waiting for impl_1 to finish...
[Thu Sep 10 19:26:12 2026] Waiting for impl_1 to finish...
[Thu Sep 10 19:26:17 2026] Waiting for impl_1 to finish...
[Thu Sep 10 19:26:22 2026] Waiting for impl_1 to finish...
[Thu Sep 10 19:26:32 2026] Waiting for impl_1 to finish...
[Thu Sep 10 19:26:42 2026] Waiting for impl_1 to finish...
[Thu Sep 10 19:26:52 2026] Waiting for impl_1 to finish...
[Thu Sep 10 19:27:02 2026] Waiting for impl_1 to finish...
[Thu Sep 10 19:27:22 2026] Waiting for impl_1 to finish...
[Thu Sep 10 19:27:42 2026] Waiting for impl_1 to finish...
[Thu Sep 10 19:28:02 2026] Waiting for impl_1 to finish...
[Thu Sep 10 19:28:22 2026] Waiting for impl_1 to finish...
[Thu Sep 10 19:29:03 2026] Waiting for impl_1 to finish...
[Thu Sep 10 19:29:43 2026] Waiting for impl_1 to finish...
[Thu Sep 10 19:30:23 2026] Waiting for impl_1 to finish...
[Thu Sep 10 19:31:03 2026] Waiting for impl_1 to finish...
[Thu Sep 10 19:32:23 2026] Waiting for impl_1 to finish...
[Thu Sep 10 19:33:43 2026] Waiting for impl_1 to finish...

*** Running vivado
    with args -log fpga.vdi -applog -m64 -product Vivado -messageDb vivado.pb -mode batch -source fpga.tcl -notrace



****** Vivado v2023.2 (64-bit)
  **** SW Build 4029153 on Fri Oct 13 20:14:34 MDT 2023
  **** IP Build 4028589 on Sat Oct 14 00:45:43 MDT 2023
  **** SharedData Build 4025554 on Tue Oct 10 17:18:54 MDT 2023
    ** Copyright 1986-2022 Xilinx, Inc. All Rights Reserved.
    ** Copyright 2022-2023 Advanced Micro Devices, Inc. All Rights Reserved.

source fpga.tcl -notrace
Command: link_design -top fpga -part xczu7ev-ffvc1156-2-e
Design is defaulting to srcset: sources_1
Design is defaulting to constrset: constrs_1
INFO: [Device 21-403] Loading part xczu7ev-ffvc1156-2-e
INFO: [Project 1-454] Reading design checkpoint 'd:/FPGA/mqnic_prj/mqnic_prj.gen/sources_1/ip/gig_ethernet_pcs_pma_0/gig_ethernet_pcs_pma_0.dcp' for cell 'gig_ethernet_pcs_pma_0'
INFO: [Project 1-454] Reading design checkpoint 'd:/FPGA/mqnic_prj/mqnic_prj.gen/sources_1/ip/pcie4_uscale_plus_0/pcie4_uscale_plus_0.dcp' for cell 'pcie4_uscale_plus_inst'
INFO: [Project 1-454] Reading design checkpoint 'd:/FPGA/mqnic_prj/mqnic_prj.gen/sources_1/ip/ila_0/ila_0.dcp' for cell 'u_ila_0'
Netlist sorting complete. Time (s): cpu = 00:00:01 ; elapsed = 00:00:00.868 . Memory (MB): peak = 1855.133 ; gain = 0.000
INFO: [Netlist 29-17] Analyzing 1914 Unisim elements for replacement
INFO: [Netlist 29-28] Unisim Transformation completed in 1 CPU seconds
INFO: [Project 1-479] Netlist was created with Vivado 2023.2
INFO: [Project 1-570] Preparing netlist for logic optimization
INFO: [Chipscope 16-324] Core: u_ila_0 UUID: 23e7d65a-79bc-59f7-bc47-406c1714dfae 
Parsing XDC File [d:/FPGA/mqnic_prj/mqnic_prj.gen/sources_1/ip/gig_ethernet_pcs_pma_0/ip_0/synth/gig_ethernet_pcs_pma_0_gt.xdc] for cell 'gig_ethernet_pcs_pma_0/inst/pcs_pma_block_i/transceiver_inst/gig_ethernet_pcs_pma_0_gt_i/inst'
Finished Parsing XDC File [d:/FPGA/mqnic_prj/mqnic_prj.gen/sources_1/ip/gig_ethernet_pcs_pma_0/ip_0/synth/gig_ethernet_pcs_pma_0_gt.xdc] for cell 'gig_ethernet_pcs_pma_0/inst/pcs_pma_block_i/transceiver_inst/gig_ethernet_pcs_pma_0_gt_i/inst'
Parsing XDC File [d:/FPGA/mqnic_prj/mqnic_prj.gen/sources_1/ip/gig_ethernet_pcs_pma_0/gig_ethernet_pcs_pma_0_board.xdc] for cell 'gig_ethernet_pcs_pma_0/inst'
Finished Parsing XDC File [d:/FPGA/mqnic_prj/mqnic_prj.gen/sources_1/ip/gig_ethernet_pcs_pma_0/gig_ethernet_pcs_pma_0_board.xdc] for cell 'gig_ethernet_pcs_pma_0/inst'
Parsing XDC File [d:/FPGA/mqnic_prj/mqnic_prj.gen/sources_1/ip/gig_ethernet_pcs_pma_0/synth/gig_ethernet_pcs_pma_0_clocks.xdc] for cell 'gig_ethernet_pcs_pma_0/inst'
Finished Parsing XDC File [d:/FPGA/mqnic_prj/mqnic_prj.gen/sources_1/ip/gig_ethernet_pcs_pma_0/synth/gig_ethernet_pcs_pma_0_clocks.xdc] for cell 'gig_ethernet_pcs_pma_0/inst'
Parsing XDC File [d:/FPGA/mqnic_prj/mqnic_prj.gen/sources_1/ip/pcie4_uscale_plus_0/ip_0/synth/pcie4_uscale_plus_0_gt.xdc] for cell 'pcie4_uscale_plus_inst/inst/pcie4_uscale_plus_0_gt_top_i/diablo_gt.diablo_gt_phy_wrapper/gt_wizard.gtwizard_top_i/pcie4_uscale_plus_0_gt_i/inst'
Finished Parsing XDC File [d:/FPGA/mqnic_prj/mqnic_prj.gen/sources_1/ip/pcie4_uscale_plus_0/ip_0/synth/pcie4_uscale_plus_0_gt.xdc] for cell 'pcie4_uscale_plus_inst/inst/pcie4_uscale_plus_0_gt_top_i/diablo_gt.diablo_gt_phy_wrapper/gt_wizard.gtwizard_top_i/pcie4_uscale_plus_0_gt_i/inst'
Parsing XDC File [d:/FPGA/mqnic_prj/mqnic_prj.gen/sources_1/ip/pcie4_uscale_plus_0/source/ip_pcie4_uscale_plus_impl_x0y0.xdc] for cell 'pcie4_uscale_plus_inst/inst'
Finished Parsing XDC File [d:/FPGA/mqnic_prj/mqnic_prj.gen/sources_1/ip/pcie4_uscale_plus_0/source/ip_pcie4_uscale_plus_impl_x0y0.xdc] for cell 'pcie4_uscale_plus_inst/inst'
Parsing XDC File [d:/FPGA/mqnic_prj/mqnic_prj.gen/sources_1/ip/pcie4_uscale_plus_0/source/ip_pcie4_uscale_plus_x0y0.xdc] for cell 'pcie4_uscale_plus_inst/inst'
INFO: [Timing 38-35] Done setting XDC timing constraints. [d:/FPGA/mqnic_prj/mqnic_prj.gen/sources_1/ip/pcie4_uscale_plus_0/source/ip_pcie4_uscale_plus_x0y0.xdc:225]
set_switching_activity: Time (s): cpu = 00:00:25 ; elapsed = 00:00:20 . Memory (MB): peak = 4285.445 ; gain = 1718.613
WARNING: [Vivado_Tcl 4-939] Waiver ID 'REQP-1839' object list should not be empty (perhaps an invalid wildcard was used or only unsupported objects). [d:/FPGA/mqnic_prj/mqnic_prj.gen/sources_1/ip/pcie4_uscale_plus_0/source/ip_pcie4_uscale_plus_x0y0.xdc:232]
WARNING: [Vivado_Tcl 4-939] Waiver ID 'REQP-1840' object list should not be empty (perhaps an invalid wildcard was used or only unsupported objects). [d:/FPGA/mqnic_prj/mqnic_prj.gen/sources_1/ip/pcie4_uscale_plus_0/source/ip_pcie4_uscale_plus_x0y0.xdc:234]
WARNING: [Vivado_Tcl 4-939] Waiver ID 'REQP-1857' object list should not be empty (perhaps an invalid wildcard was used or only unsupported objects). [d:/FPGA/mqnic_prj/mqnic_prj.gen/sources_1/ip/pcie4_uscale_plus_0/source/ip_pcie4_uscale_plus_x0y0.xdc:236]
WARNING: [Vivado_Tcl 4-919] Waiver ID 'CDC-11' -from list should not be empty. [d:/FPGA/mqnic_prj/mqnic_prj.gen/sources_1/ip/pcie4_uscale_plus_0/source/ip_pcie4_uscale_plus_x0y0.xdc:247]
WARNING: [Vivado_Tcl 4-919] Waiver ID 'CDC-11' -from list should not be empty. [d:/FPGA/mqnic_prj/mqnic_prj.gen/sources_1/ip/pcie4_uscale_plus_0/source/ip_pcie4_uscale_plus_x0y0.xdc:248]
WARNING: [Vivado_Tcl 4-921] Waiver ID 'CDC-7' -to list should not be empty. [d:/FPGA/mqnic_prj/mqnic_prj.gen/sources_1/ip/pcie4_uscale_plus_0/source/ip_pcie4_uscale_plus_x0y0.xdc:252]
WARNING: [Vivado_Tcl 4-921] Waiver ID 'CDC-7' -to list should not be empty. [d:/FPGA/mqnic_prj/mqnic_prj.gen/sources_1/ip/pcie4_uscale_plus_0/source/ip_pcie4_uscale_plus_x0y0.xdc:253]
WARNING: [Vivado_Tcl 4-921] Waiver ID 'CDC-11' -to list should not be empty. [d:/FPGA/mqnic_prj/mqnic_prj.gen/sources_1/ip/pcie4_uscale_plus_0/source/ip_pcie4_uscale_plus_x0y0.xdc:255]
WARNING: [Vivado_Tcl 4-921] Waiver ID 'CDC-11' -to list should not be empty. [d:/FPGA/mqnic_prj/mqnic_prj.gen/sources_1/ip/pcie4_uscale_plus_0/source/ip_pcie4_uscale_plus_x0y0.xdc:256]
WARNING: [Vivado_Tcl 4-921] Waiver ID 'CDC-11' -to list should not be empty. [d:/FPGA/mqnic_prj/mqnic_prj.gen/sources_1/ip/pcie4_uscale_plus_0/source/ip_pcie4_uscale_plus_x0y0.xdc:257]
Finished Parsing XDC File [d:/FPGA/mqnic_prj/mqnic_prj.gen/sources_1/ip/pcie4_uscale_plus_0/source/ip_pcie4_uscale_plus_x0y0.xdc] for cell 'pcie4_uscale_plus_inst/inst'
Parsing XDC File [d:/FPGA/mqnic_prj/mqnic_prj.gen/sources_1/ip/ila_0/ila_v6_2/constraints/ila_impl.xdc] for cell 'u_ila_0/inst'
Finished Parsing XDC File [d:/FPGA/mqnic_prj/mqnic_prj.gen/sources_1/ip/ila_0/ila_v6_2/constraints/ila_impl.xdc] for cell 'u_ila_0/inst'
Parsing XDC File [d:/FPGA/mqnic_prj/mqnic_prj.gen/sources_1/ip/ila_0/ila_v6_2/constraints/ila.xdc] for cell 'u_ila_0/inst'
Finished Parsing XDC File [d:/FPGA/mqnic_prj/mqnic_prj.gen/sources_1/ip/ila_0/ila_v6_2/constraints/ila.xdc] for cell 'u_ila_0/inst'
Parsing XDC File [D:/FPGA/mqnic_prj/mqnic_prj.srcs/constrs_1/imports/fpga/mqnic/ZCU106/fpga_pcie/fpga.xdc]
INFO: [Constraints 18-632] set_output_delay: No clock object specified, the clocks will be automatically identified [D:/FPGA/mqnic_prj/mqnic_prj.srcs/constrs_1/imports/fpga/mqnic/ZCU106/fpga_pcie/fpga.xdc:29]
INFO: [Constraints 18-632] set_input_delay: No clock object specified, the clocks will be automatically identified [D:/FPGA/mqnic_prj/mqnic_prj.srcs/constrs_1/imports/fpga/mqnic/ZCU106/fpga_pcie/fpga.xdc:45]
INFO: [Constraints 18-632] set_input_delay: No clock object specified, the clocks will be automatically identified [D:/FPGA/mqnic_prj/mqnic_prj.srcs/constrs_1/imports/fpga/mqnic/ZCU106/fpga_pcie/fpga.xdc:58]
INFO: [Constraints 18-632] set_output_delay: No clock object specified, the clocks will be automatically identified [D:/FPGA/mqnic_prj/mqnic_prj.srcs/constrs_1/imports/fpga/mqnic/ZCU106/fpga_pcie/fpga.xdc:78]
INFO: [Constraints 18-632] set_input_delay: No clock object specified, the clocks will be automatically identified [D:/FPGA/mqnic_prj/mqnic_prj.srcs/constrs_1/imports/fpga/mqnic/ZCU106/fpga_pcie/fpga.xdc:80]
INFO: [Constraints 18-632] set_output_delay: No clock object specified, the clocks will be automatically identified [D:/FPGA/mqnic_prj/mqnic_prj.srcs/constrs_1/imports/fpga/mqnic/ZCU106/fpga_pcie/fpga.xdc:104]
INFO: [Constraints 18-632] set_input_delay: No clock object specified, the clocks will be automatically identified [D:/FPGA/mqnic_prj/mqnic_prj.srcs/constrs_1/imports/fpga/mqnic/ZCU106/fpga_pcie/fpga.xdc:131]
Finished Parsing XDC File [D:/FPGA/mqnic_prj/mqnic_prj.srcs/constrs_1/imports/fpga/mqnic/ZCU106/fpga_pcie/fpga.xdc]
Sourcing Tcl File [D:/FPGA/mqnic_prj/mqnic_prj.srcs/constrs_1/imports/fpga/mqnic/ZCU106/fpga_pcie/lib/axis/syn/vivado/axis_async_fifo.tcl]
Inserting timing constraints for axis_async_fifo instance core_inst/core_inst/core_pcie_inst/core_inst/iface[0].interface_inst/port[0].port_inst/port_rx_inst/rx_async_fifo_inst/fifo_inst
INFO: [Timing 38-2] Deriving generated clocks [D:/FPGA/mqnic_prj/mqnic_prj.srcs/constrs_1/imports/fpga/mqnic/ZCU106/fpga_pcie/lib/axis/syn/vivado/axis_async_fifo.tcl:23]
Inserting timing constraints for axis_async_fifo instance core_inst/core_inst/core_pcie_inst/core_inst/iface[0].interface_inst/port[0].port_inst/port_tx_inst/tx_cpl_fifo_inst
Inserting timing constraints for axis_async_fifo instance core_inst/core_inst/core_pcie_inst/core_inst/iface[0].interface_inst/port[0].port_inst/port_tx_inst/tx_async_fifo_inst/fifo_inst
Inserting timing constraints for axis_async_fifo instance core_inst/eth_mac_inst/rx_fifo/fifo_inst
Inserting timing constraints for axis_async_fifo instance core_inst/eth_mac_inst/tx_fifo/fifo_inst
Finished Sourcing Tcl File [D:/FPGA/mqnic_prj/mqnic_prj.srcs/constrs_1/imports/fpga/mqnic/ZCU106/fpga_pcie/lib/axis/syn/vivado/axis_async_fifo.tcl]
Sourcing Tcl File [D:/FPGA/mqnic_prj/mqnic_prj.srcs/constrs_1/imports/fpga/mqnic/ZCU106/fpga_pcie/lib/axis/syn/vivado/sync_reset.tcl]
Inserting timing constraints for sync_reset instance sync_reset_125mhz_inst
Inserting timing constraints for sync_reset instance sync_reset_50mhz_inst
Inserting timing constraints for sync_reset instance sync_reset_phy_inst
Finished Sourcing Tcl File [D:/FPGA/mqnic_prj/mqnic_prj.srcs/constrs_1/imports/fpga/mqnic/ZCU106/fpga_pcie/lib/axis/syn/vivado/sync_reset.tcl]
Sourcing Tcl File [D:/FPGA/mqnic_prj/mqnic_prj.srcs/constrs_1/imports/fpga/mqnic/ZCU106/fpga_pcie/lib/eth/syn/vivado/ptp_td_leaf.tcl]
Inserting timing constraints for ptp_td_leaf instance core_inst/core_inst/core_pcie_inst/core_inst/mqnic_ptp_inst/ptp_clock_inst/ptp_td_leaf_inst
Finished Sourcing Tcl File [D:/FPGA/mqnic_prj/mqnic_prj.srcs/constrs_1/imports/fpga/mqnic/ZCU106/fpga_pcie/lib/eth/syn/vivado/ptp_td_leaf.tcl]
Sourcing Tcl File [D:/FPGA/mqnic_prj/mqnic_prj.srcs/constrs_1/imports/fpga/common/syn/vivado/mqnic_port.tcl]
Inserting timing constraints for mqnic_port instance core_inst/core_inst/core_pcie_inst/core_inst/iface[0].interface_inst/port[0].port_inst
WARNING: [Vivado 12-180] No cells matched 'tx_enable_sync_1_reg_reg'. [D:/FPGA/mqnic_prj/mqnic_prj.srcs/constrs_1/imports/fpga/common/syn/vivado/mqnic_port.tcl:6]
WARNING: [Vivado 12-180] No cells matched 'tx_enable_sync_2_reg_reg'. [D:/FPGA/mqnic_prj/mqnic_prj.srcs/constrs_1/imports/fpga/common/syn/vivado/mqnic_port.tcl:6]
WARNING: [Vivado 12-180] No cells matched 'tx_lfc_en_sync_1_reg_reg'. [D:/FPGA/mqnic_prj/mqnic_prj.srcs/constrs_1/imports/fpga/common/syn/vivado/mqnic_port.tcl:6]
WARNING: [Vivado 12-180] No cells matched 'tx_lfc_en_sync_2_reg_reg'. [D:/FPGA/mqnic_prj/mqnic_prj.srcs/constrs_1/imports/fpga/common/syn/vivado/mqnic_port.tcl:6]
WARNING: [Vivado 12-180] No cells matched 'tx_lfc_req_sync_1_reg_reg'. [D:/FPGA/mqnic_prj/mqnic_prj.srcs/constrs_1/imports/fpga/common/syn/vivado/mqnic_port.tcl:6]
WARNING: [Vivado 12-180] No cells matched 'tx_lfc_req_sync_2_reg_reg'. [D:/FPGA/mqnic_prj/mqnic_prj.srcs/constrs_1/imports/fpga/common/syn/vivado/mqnic_port.tcl:6]
WARNING: [Vivado 12-180] No cells matched 'tx_pfc_en_sync_1_reg_reg[*]'. [D:/FPGA/mqnic_prj/mqnic_prj.srcs/constrs_1/imports/fpga/common/syn/vivado/mqnic_port.tcl:6]
WARNING: [Vivado 12-180] No cells matched 'tx_pfc_en_sync_2_reg_reg[*]'. [D:/FPGA/mqnic_prj/mqnic_prj.srcs/constrs_1/imports/fpga/common/syn/vivado/mqnic_port.tcl:6]
WARNING: [Vivado 12-180] No cells matched 'tx_pfc_req_sync_1_reg_reg[*]'. [D:/FPGA/mqnic_prj/mqnic_prj.srcs/constrs_1/imports/fpga/common/syn/vivado/mqnic_port.tcl:6]
WARNING: [Vivado 12-180] No cells matched 'tx_pfc_req_sync_2_reg_reg[*]'. [D:/FPGA/mqnic_prj/mqnic_prj.srcs/constrs_1/imports/fpga/common/syn/vivado/mqnic_port.tcl:6]
WARNING: [Vivado 12-180] No cells matched 'tx_fc_quanta_step_sync_1_reg_reg[*]'. [D:/FPGA/mqnic_prj/mqnic_prj.srcs/constrs_1/imports/fpga/common/syn/vivado/mqnic_port.tcl:6]
WARNING: [Vivado 12-180] No cells matched 'tx_fc_quanta_step_sync_2_reg_reg[*]'. [D:/FPGA/mqnic_prj/mqnic_prj.srcs/constrs_1/imports/fpga/common/syn/vivado/mqnic_port.tcl:6]
WARNING: [Vivado 12-180] No cells matched 'rx_enable_sync_1_reg_reg'. [D:/FPGA/mqnic_prj/mqnic_prj.srcs/constrs_1/imports/fpga/common/syn/vivado/mqnic_port.tcl:6]
WARNING: [Vivado 12-180] No cells matched 'rx_enable_sync_2_reg_reg'. [D:/FPGA/mqnic_prj/mqnic_prj.srcs/constrs_1/imports/fpga/common/syn/vivado/mqnic_port.tcl:6]
WARNING: [Vivado 12-180] No cells matched 'rx_lfc_en_sync_1_reg_reg'. [D:/FPGA/mqnic_prj/mqnic_prj.srcs/constrs_1/imports/fpga/common/syn/vivado/mqnic_port.tcl:6]
WARNING: [Vivado 12-180] No cells matched 'rx_lfc_en_sync_2_reg_reg'. [D:/FPGA/mqnic_prj/mqnic_prj.srcs/constrs_1/imports/fpga/common/syn/vivado/mqnic_port.tcl:6]
WARNING: [Vivado 12-180] No cells matched 'rx_lfc_ack_sync_1_reg_reg'. [D:/FPGA/mqnic_prj/mqnic_prj.srcs/constrs_1/imports/fpga/common/syn/vivado/mqnic_port.tcl:6]
WARNING: [Vivado 12-180] No cells matched 'rx_lfc_ack_sync_2_reg_reg'. [D:/FPGA/mqnic_prj/mqnic_prj.srcs/constrs_1/imports/fpga/common/syn/vivado/mqnic_port.tcl:6]
WARNING: [Vivado 12-180] No cells matched 'rx_pfc_en_sync_1_reg_reg[*]'. [D:/FPGA/mqnic_prj/mqnic_prj.srcs/constrs_1/imports/fpga/common/syn/vivado/mqnic_port.tcl:6]
WARNING: [Vivado 12-180] No cells matched 'rx_pfc_en_sync_2_reg_reg[*]'. [D:/FPGA/mqnic_prj/mqnic_prj.srcs/constrs_1/imports/fpga/common/syn/vivado/mqnic_port.tcl:6]
WARNING: [Vivado 12-180] No cells matched 'rx_pfc_ack_sync_1_reg_reg[*]'. [D:/FPGA/mqnic_prj/mqnic_prj.srcs/constrs_1/imports/fpga/common/syn/vivado/mqnic_port.tcl:6]
WARNING: [Vivado 12-180] No cells matched 'rx_pfc_ack_sync_2_reg_reg[*]'. [D:/FPGA/mqnic_prj/mqnic_prj.srcs/constrs_1/imports/fpga/common/syn/vivado/mqnic_port.tcl:6]
WARNING: [Vivado 12-180] No cells matched 'rx_lfc_req_sync_2_reg_reg'. [D:/FPGA/mqnic_prj/mqnic_prj.srcs/constrs_1/imports/fpga/common/syn/vivado/mqnic_port.tcl:6]
WARNING: [Vivado 12-180] No cells matched 'rx_lfc_req_sync_3_reg_reg'. [D:/FPGA/mqnic_prj/mqnic_prj.srcs/constrs_1/imports/fpga/common/syn/vivado/mqnic_port.tcl:6]
WARNING: [Vivado 12-180] No cells matched 'rx_pfc_req_sync_2_reg_reg[*]'. [D:/FPGA/mqnic_prj/mqnic_prj.srcs/constrs_1/imports/fpga/common/syn/vivado/mqnic_port.tcl:6]
WARNING: [Vivado 12-180] No cells matched 'rx_pfc_req_sync_3_reg_reg[*]'. [D:/FPGA/mqnic_prj/mqnic_prj.srcs/constrs_1/imports/fpga/common/syn/vivado/mqnic_port.tcl:6]
WARNING: [Vivado 12-180] No cells matched 'rx_fc_quanta_step_sync_1_reg_reg[*]'. [D:/FPGA/mqnic_prj/mqnic_prj.srcs/constrs_1/imports/fpga/common/syn/vivado/mqnic_port.tcl:6]
WARNING: [Vivado 12-180] No cells matched 'rx_fc_quanta_step_sync_2_reg_reg[*]'. [D:/FPGA/mqnic_prj/mqnic_prj.srcs/constrs_1/imports/fpga/common/syn/vivado/mqnic_port.tcl:6]
Finished Sourcing Tcl File [D:/FPGA/mqnic_prj/mqnic_prj.srcs/constrs_1/imports/fpga/common/syn/vivado/mqnic_port.tcl]
Sourcing Tcl File [D:/FPGA/mqnic_prj/mqnic_prj.srcs/constrs_1/imports/fpga/common/syn/vivado/mqnic_ptp_clock.tcl]
Inserting timing constraints for mqnic_ptp_clock instance core_inst/core_inst/core_pcie_inst/core_inst/mqnic_ptp_inst/ptp_clock_inst
Finished Sourcing Tcl File [D:/FPGA/mqnic_prj/mqnic_prj.srcs/constrs_1/imports/fpga/common/syn/vivado/mqnic_ptp_clock.tcl]
Sourcing Tcl File [D:/FPGA/mqnic_prj/mqnic_prj.srcs/constrs_1/imports/fpga/common/syn/vivado/mqnic_rb_clk_info.tcl]
Inserting timing constraints for mqnic_rb_clk_info instance core_inst/core_inst/core_pcie_inst/core_inst/mqnic_rb_clk_info_inst
Finished Sourcing Tcl File [D:/FPGA/mqnic_prj/mqnic_prj.srcs/constrs_1/imports/fpga/common/syn/vivado/mqnic_rb_clk_info.tcl]
Sourcing Tcl File [D:/FPGA/mqnic_prj/mqnic_prj.srcs/constrs_1/imports/fpga/common/syn/vivado/rb_drp.tcl]
WARNING: [Vivado 12-180] No cells matched 'get_cells -hier -filter {(ORIG_REF_NAME == rb_drp || REF_NAME == rb_drp)}'. [D:/FPGA/mqnic_prj/mqnic_prj.srcs/constrs_1/imports/fpga/common/syn/vivado/rb_drp.tcl:6]
Finished Sourcing Tcl File [D:/FPGA/mqnic_prj/mqnic_prj.srcs/constrs_1/imports/fpga/common/syn/vivado/rb_drp.tcl]
Sourcing Tcl File [D:/FPGA/mqnic_prj/mqnic_prj.srcs/constrs_1/imports/fpga/common/syn/vivado/eth_xcvr_phy_10g_gty_wrapper.tcl]
WARNING: [Vivado 12-180] No cells matched 'get_cells -hier -filter {(ORIG_REF_NAME == eth_xcvr_phy_10g_gty_wrapper || REF_NAME == eth_xcvr_phy_10g_gty_wrapper)}'. [D:/FPGA/mqnic_prj/mqnic_prj.srcs/constrs_1/imports/fpga/common/syn/vivado/eth_xcvr_phy_10g_gty_wrapper.tcl:6]
Finished Sourcing Tcl File [D:/FPGA/mqnic_prj/mqnic_prj.srcs/constrs_1/imports/fpga/common/syn/vivado/eth_xcvr_phy_10g_gty_wrapper.tcl]
Sourcing Tcl File [D:/FPGA/mqnic_prj/mqnic_prj.srcs/constrs_1/imports/fpga/common/syn/vivado/tdma_ber_ch.tcl]
WARNING: [Vivado 12-180] No cells matched 'get_cells -hier -filter {(ORIG_REF_NAME == tdma_ber_ch || REF_NAME == tdma_ber_ch)}'. [D:/FPGA/mqnic_prj/mqnic_prj.srcs/constrs_1/imports/fpga/common/syn/vivado/tdma_ber_ch.tcl:6]
Finished Sourcing Tcl File [D:/FPGA/mqnic_prj/mqnic_prj.srcs/constrs_1/imports/fpga/common/syn/vivado/tdma_ber_ch.tcl]
Parsing XDC File [d:/FPGA/mqnic_prj/mqnic_prj.gen/sources_1/ip/gig_ethernet_pcs_pma_0/synth/gig_ethernet_pcs_pma_0.xdc] for cell 'gig_ethernet_pcs_pma_0/inst'
Finished Parsing XDC File [d:/FPGA/mqnic_prj/mqnic_prj.gen/sources_1/ip/gig_ethernet_pcs_pma_0/synth/gig_ethernet_pcs_pma_0.xdc] for cell 'gig_ethernet_pcs_pma_0/inst'
Parsing XDC File [d:/FPGA/mqnic_prj/mqnic_prj.gen/sources_1/ip/pcie4_uscale_plus_0/pcie4_uscale_plus_0_board.xdc] for cell 'pcie4_uscale_plus_inst/inst'
Finished Parsing XDC File [d:/FPGA/mqnic_prj/mqnic_prj.gen/sources_1/ip/pcie4_uscale_plus_0/pcie4_uscale_plus_0_board.xdc] for cell 'pcie4_uscale_plus_inst/inst'
Parsing XDC File [d:/FPGA/mqnic_prj/mqnic_prj.gen/sources_1/ip/pcie4_uscale_plus_0/synth/pcie4_uscale_plus_0_late.xdc] for cell 'pcie4_uscale_plus_inst/inst'
INFO: [Vivado 12-626] No clocks found. Please use 'create_clock' or 'create_generated_clock' command to create clocks. [d:/FPGA/mqnic_prj/mqnic_prj.gen/sources_1/ip/pcie4_uscale_plus_0/synth/pcie4_uscale_plus_0_late.xdc:73]
WARNING: [Vivado_Tcl 4-939] Waiver ID 'TIMING-54' object list should not be empty (perhaps an invalid wildcard was used or only unsupported objects). [d:/FPGA/mqnic_prj/mqnic_prj.gen/sources_1/ip/pcie4_uscale_plus_0/synth/pcie4_uscale_plus_0_late.xdc:73]
Finished Parsing XDC File [d:/FPGA/mqnic_prj/mqnic_prj.gen/sources_1/ip/pcie4_uscale_plus_0/synth/pcie4_uscale_plus_0_late.xdc] for cell 'pcie4_uscale_plus_inst/inst'
INFO: [Project 1-1714] 5 XPM XDC files have been applied to the design.
INFO: [Opt 31-138] Pushed 0 inverter(s) to 0 load pin(s).
INFO: [Project 1-1687] 69 scoped IP constraints or related sub-commands were skipped due to synthesis logic optimizations usually triggered by constant connectivity or unconnected output pins. To review the skipped constraints and messages, run the command 'set_param netlist.IPMsgFiltering false' before opening the design.
Netlist sorting complete. Time (s): cpu = 00:00:00 ; elapsed = 00:00:00.013 . Memory (MB): peak = 4285.445 ; gain = 0.000
INFO: [Project 1-111] Unisim Transformation Summary:
  A total of 901 instances were transformed.
  CFGLUT5 => CFGLUT5 (SRL16E, SRLC32E): 88 instances
  IBUF => IBUF (IBUFCTRL, INBUF): 1 instance 
  IBUFGDS => IBUFDS (DIFFINBUF, IBUFCTRL): 1 instance 
  IOBUF => IOBUF (IBUFCTRL, INBUF, OBUFT): 2 instances
  OBUFTDS => OBUFTDS_DUAL_BUF (INV, OBUFT(x2)): 1 instance 
  RAM128X1D => RAM128X1D (MUXF7(x2), RAMD64E(x4)): 6 instances
  RAM256X1D => RAM256X1D (MUXF7(x4), MUXF8(x2), RAMD64E(x8)): 15 instances
  RAM256X1S => RAM256X1S (MUXF7(x2), MUXF8, RAMS64E(x4)): 4 instances
  RAM32M => RAM32M (RAMD32(x6), RAMS32(x2)): 21 instances
  RAM32M16 => RAM32M16 (RAMD32(x14), RAMS32(x2)): 209 instances
  RAM32X1D => RAM32X1D (RAMD32(x2)): 87 instances
  RAM32X1S => RAM32X1S (RAMS32): 48 instances
  RAM64M => RAM64M (RAMD64E(x4)): 33 instances
  RAM64M8 => RAM64M8 (RAMD64E(x8)): 358 instances
  RAM64X1D => RAM64X1D (RAMD64E(x2)): 8 instances
  RAM64X1S => RAM64X1S (RAMS64E): 19 instances

系统找不到指定的路径。
23 Infos, 42 Warnings, 0 Critical Warnings and 0 Errors encountered.
link_design completed successfully
link_design: Time (s): cpu = 00:00:54 ; elapsed = 00:00:49 . Memory (MB): peak = 4285.445 ; gain = 3666.207
source D:/FPGA/mqnic_prj/fix_debug_hub.tcl
Debug Hub frequency = 125000000
Debug Hub divider = false
Debug Hub scan chain = 1
Command: opt_design
Attempting to get a license for feature 'Implementation' and/or device 'xczu7ev'
INFO: [Common 17-349] Got license for feature 'Implementation' and/or device 'xczu7ev'
Running DRC as a precondition to command opt_design

Starting DRC Task
INFO: [DRC 23-27] Running DRC with 2 threads
INFO: [Project 1-461] DRC finished with 0 Errors
INFO: [Project 1-462] Please refer to the DRC report (report_drc) for more information.

Time (s): cpu = 00:00:02 ; elapsed = 00:00:01 . Memory (MB): peak = 4285.445 ; gain = 0.000

Starting Cache Timing Information Task
INFO: [Constraints 18-632] set_output_delay: No clock object specified, the clocks will be automatically identified [D:/FPGA/mqnic_prj/mqnic_prj.srcs/constrs_1/imports/fpga/mqnic/ZCU106/fpga_pcie/fpga.xdc:29]
INFO: [Constraints 18-632] set_input_delay: No clock object specified, the clocks will be automatically identified [D:/FPGA/mqnic_prj/mqnic_prj.srcs/constrs_1/imports/fpga/mqnic/ZCU106/fpga_pcie/fpga.xdc:45]
INFO: [Constraints 18-632] set_input_delay: No clock object specified, the clocks will be automatically identified [D:/FPGA/mqnic_prj/mqnic_prj.srcs/constrs_1/imports/fpga/mqnic/ZCU106/fpga_pcie/fpga.xdc:58]
INFO: [Constraints 18-632] set_output_delay: No clock object specified, the clocks will be automatically identified [D:/FPGA/mqnic_prj/mqnic_prj.srcs/constrs_1/imports/fpga/mqnic/ZCU106/fpga_pcie/fpga.xdc:78]
INFO: [Constraints 18-632] set_input_delay: No clock object specified, the clocks will be automatically identified [D:/FPGA/mqnic_prj/mqnic_prj.srcs/constrs_1/imports/fpga/mqnic/ZCU106/fpga_pcie/fpga.xdc:80]
INFO: [Constraints 18-632] set_output_delay: No clock object specified, the clocks will be automatically identified [D:/FPGA/mqnic_prj/mqnic_prj.srcs/constrs_1/imports/fpga/mqnic/ZCU106/fpga_pcie/fpga.xdc:104]
INFO: [Constraints 18-632] set_input_delay: No clock object specified, the clocks will be automatically identified [D:/FPGA/mqnic_prj/mqnic_prj.srcs/constrs_1/imports/fpga/mqnic/ZCU106/fpga_pcie/fpga.xdc:131]
INFO: [Timing 38-35] Done setting XDC timing constraints.
Ending Cache Timing Information Task | Checksum: 226085abb

Time (s): cpu = 00:00:05 ; elapsed = 00:00:03 . Memory (MB): peak = 4285.445 ; gain = 0.000

Starting Logic Optimization Task

Phase 1 Initialization

Phase 1.1 Core Generation And Design Setup

Phase 1.1.1 Generate And Synthesize Debug Cores
INFO: [Chipscope 16-329] Generating Script for core instance : dbg_hub 
INFO: [IP_Flow 19-3806] Processing IP xilinx.com:ip:xsdbm:3.0 for cell dbg_hub_CV.
INFO: [Chipscope 16-469] Using cached IP synthesis design for IP xilinx.com:ip:xsdbm:3.0, cache-ID = 94a2b2991f8ee481.
Done building netlist checker database: Time (s): cpu = 00:00:00 ; elapsed = 00:00:00.021 . Memory (MB): peak = 4285.445 ; gain = 0.000
Netlist sorting complete. Time (s): cpu = 00:00:00 ; elapsed = 00:00:00.047 . Memory (MB): peak = 4285.445 ; gain = 0.000
Phase 1.1.1 Generate And Synthesize Debug Cores | Checksum: 12eab6540

Time (s): cpu = 00:00:04 ; elapsed = 00:00:20 . Memory (MB): peak = 4285.445 ; gain = 0.000
Phase 1.1 Core Generation And Design Setup | Checksum: 12eab6540

Time (s): cpu = 00:00:04 ; elapsed = 00:00:20 . Memory (MB): peak = 4285.445 ; gain = 0.000

Phase 1.2 Setup Constraints And Sort Netlist
Phase 1.2 Setup Constraints And Sort Netlist | Checksum: 12eab6540

Time (s): cpu = 00:00:05 ; elapsed = 00:00:20 . Memory (MB): peak = 4285.445 ; gain = 0.000
Phase 1 Initialization | Checksum: 12eab6540

Time (s): cpu = 00:00:05 ; elapsed = 00:00:20 . Memory (MB): peak = 4285.445 ; gain = 0.000

Phase 2 Timer Update And Timing Data Collection

Phase 2.1 Timer Update
Phase 2.1 Timer Update | Checksum: 12eab6540

Time (s): cpu = 00:00:06 ; elapsed = 00:00:21 . Memory (MB): peak = 4285.445 ; gain = 0.000

Phase 2.2 Timing Data Collection
Phase 2.2 Timing Data Collection | Checksum: 12eab6540

Time (s): cpu = 00:00:06 ; elapsed = 00:00:21 . Memory (MB): peak = 4285.445 ; gain = 0.000
Phase 2 Timer Update And Timing Data Collection | Checksum: 12eab6540

Time (s): cpu = 00:00:06 ; elapsed = 00:00:21 . Memory (MB): peak = 4285.445 ; gain = 0.000

Phase 3 Retarget
INFO: [Opt 31-1566] Pulled 36 inverters resulting in an inversion of 325 pins
INFO: [Opt 31-138] Pushed 37 inverter(s) to 1019 load pin(s).
INFO: [Opt 31-422] The CLOCK_DOMAINS attribute on the BRAM cell u_ila_0/inst/ila_core_inst/ila_trace_memory_inst/SUBCORE_RAM_BLK_MEM_1.trace_block_memory/inst_blk_mem_gen/gnbram.gnativebmg.native_blk_mem_gen/valid.cstr/ramloop[0].ram.r/prim_noinit.ram/DEVICE_8SERIES.NO_BMM_INFO.SDP.SIMPLE_PRIM18.ram has been changed from INDEPENDENT to COMMON to match the clocking topology used for the BRAM.
INFO: [Opt 31-422] The CLOCK_DOMAINS attribute on the BRAM cell u_ila_0/inst/ila_core_inst/ila_trace_memory_inst/SUBCORE_RAM_BLK_MEM_1.trace_block_memory/inst_blk_mem_gen/gnbram.gnativebmg.native_blk_mem_gen/valid.cstr/ramloop[1].ram.r/prim_noinit.ram/DEVICE_8SERIES.NO_BMM_INFO.SDP.SIMPLE_PRIM36.ram has been changed from INDEPENDENT to COMMON to match the clocking topology used for the BRAM.
INFO: [Opt 31-422] The CLOCK_DOMAINS attribute on the BRAM cell u_ila_0/inst/ila_core_inst/ila_trace_memory_inst/SUBCORE_RAM_BLK_MEM_1.trace_block_memory/inst_blk_mem_gen/gnbram.gnativebmg.native_blk_mem_gen/valid.cstr/ramloop[2].ram.r/prim_noinit.ram/DEVICE_8SERIES.NO_BMM_INFO.SDP.SIMPLE_PRIM36.ram has been changed from INDEPENDENT to COMMON to match the clocking topology used for the BRAM.
INFO: [Opt 31-422] The CLOCK_DOMAINS attribute on the BRAM cell u_ila_0/inst/ila_core_inst/ila_trace_memory_inst/SUBCORE_RAM_BLK_MEM_1.trace_block_memory/inst_blk_mem_gen/gnbram.gnativebmg.native_blk_mem_gen/valid.cstr/ramloop[3].ram.r/prim_noinit.ram/DEVICE_8SERIES.NO_BMM_INFO.SDP.SIMPLE_PRIM36.ram has been changed from INDEPENDENT to COMMON to match the clocking topology used for the BRAM.
INFO: [Opt 31-49] Retargeted 0 cell(s).
Phase 3 Retarget | Checksum: 1a505be7e

Time (s): cpu = 00:00:07 ; elapsed = 00:00:22 . Memory (MB): peak = 4285.445 ; gain = 0.000
Retarget | Checksum: 1a505be7e
INFO: [Opt 31-389] Phase Retarget created 743 cells and removed 1109 cells
INFO: [Opt 31-1021] In phase Retarget, 69 netlist objects are constrained preventing optimization. Please run opt_design with -debug_log to get more detail. 

Phase 4 Constant propagation
INFO: [Opt 31-138] Pushed 0 inverter(s) to 0 load pin(s).
Phase 4 Constant propagation | Checksum: 1b627fcd4

Time (s): cpu = 00:00:08 ; elapsed = 00:00:22 . Memory (MB): peak = 4285.445 ; gain = 0.000
Constant propagation | Checksum: 1b627fcd4
INFO: [Opt 31-389] Phase Constant propagation created 296 cells and removed 390 cells
INFO: [Opt 31-1021] In phase Constant propagation, 49 netlist objects are constrained preventing optimization. Please run opt_design with -debug_log to get more detail. 

Phase 5 Sweep
Phase 5 Sweep | Checksum: 1f185d8d5

Time (s): cpu = 00:00:09 ; elapsed = 00:00:24 . Memory (MB): peak = 4285.445 ; gain = 0.000
Sweep | Checksum: 1f185d8d5
INFO: [Opt 31-389] Phase Sweep created 0 cells and removed 3069 cells
INFO: [Opt 31-1021] In phase Sweep, 889 netlist objects are constrained preventing optimization. Please run opt_design with -debug_log to get more detail. 

Phase 6 BUFG optimization
INFO: [Opt 31-1077] Phase BUFG optimization inserted 0 global clock buffer(s) for CLOCK_LOW_FANOUT.
Phase 6 BUFG optimization | Checksum: 226826c9f

Time (s): cpu = 00:00:10 ; elapsed = 00:00:24 . Memory (MB): peak = 4285.445 ; gain = 0.000
BUFG optimization | Checksum: 226826c9f
INFO: [Opt 31-662] Phase BUFG optimization created 1 cells of which 0 are BUFGs and removed 0 cells.

Phase 7 Shift Register Optimization
WARNING: [Opt 31-1131] Can not pull register out from u_ila_0/inst/ila_core_inst/u_ila_cap_ctrl/U_CDONE/I_YESLUT6.U_SRL32_A due to none static srl address bits
WARNING: [Opt 31-1131] Can not pull register out from u_ila_0/inst/ila_core_inst/u_ila_cap_ctrl/U_CDONE/I_YESLUT6.U_SRL32_B due to none static srl address bits
WARNING: [Opt 31-1131] Can not pull register out from u_ila_0/inst/ila_core_inst/u_ila_cap_ctrl/U_NS0/I_YESLUT6.U_SRL32_A due to none static srl address bits
WARNING: [Opt 31-1131] Can not pull register out from u_ila_0/inst/ila_core_inst/u_ila_cap_ctrl/U_NS0/I_YESLUT6.U_SRL32_B due to none static srl address bits
WARNING: [Opt 31-1131] Can not pull register out from u_ila_0/inst/ila_core_inst/u_ila_cap_ctrl/U_NS0/I_YESLUT6.U_SRL32_C due to none static srl address bits
WARNING: [Opt 31-1131] Can not pull register out from u_ila_0/inst/ila_core_inst/u_ila_cap_ctrl/U_NS0/I_YESLUT6.U_SRL32_D due to none static srl address bits
WARNING: [Opt 31-1131] Can not pull register out from u_ila_0/inst/ila_core_inst/u_ila_cap_ctrl/U_NS1/I_YESLUT6.U_SRL32_A due to none static srl address bits
WARNING: [Opt 31-1131] Can not pull register out from u_ila_0/inst/ila_core_inst/u_ila_cap_ctrl/U_NS1/I_YESLUT6.U_SRL32_B due to none static srl address bits
WARNING: [Opt 31-1131] Can not pull register out from u_ila_0/inst/ila_core_inst/u_ila_cap_ctrl/U_NS1/I_YESLUT6.U_SRL32_C due to none static srl address bits
WARNING: [Opt 31-1131] Can not pull register out from u_ila_0/inst/ila_core_inst/u_ila_cap_ctrl/U_NS1/I_YESLUT6.U_SRL32_D due to none static srl address bits
WARNING: [Opt 31-1131] Can not pull register out from u_ila_0/inst/ila_core_inst/u_ila_cap_ctrl/u_cap_addrgen/U_CMPRESET/I_YESLUT6.U_SRL32_A due to none static srl address bits
WARNING: [Opt 31-1131] Can not pull register out from u_ila_0/inst/ila_core_inst/u_ila_cap_ctrl/u_cap_addrgen/U_CMPRESET/I_YESLUT6.U_SRL32_B due to none static srl address bits
WARNING: [Opt 31-1131] Can not pull register out from u_ila_0/inst/ila_core_inst/u_ila_cap_ctrl/u_cap_addrgen/u_cap_window_counter/U_WCE/I_YESLUT6.U_SRLC16E due to none static srl address bits
WARNING: [Opt 31-1131] Can not pull register out from u_ila_0/inst/ila_core_inst/u_ila_cap_ctrl/u_cap_addrgen/u_cap_window_counter/U_WHCMPCE/I_YESLUT6.U_SRL32 due to none static srl address bits
WARNING: [Opt 31-1131] Can not pull register out from u_ila_0/inst/ila_core_inst/u_ila_cap_ctrl/u_cap_addrgen/u_cap_window_counter/U_WLCMPCE/I_YESLUT6.U_SRL32 due to none static srl address bits
WARNING: [Opt 31-1131] Can not pull register out from u_ila_0/inst/ila_core_inst/u_ila_cap_ctrl/u_cap_addrgen/u_cap_sample_counter/U_SCE/I_YESLUT6.U_SRLC16E due to none static srl address bits
WARNING: [Opt 31-1131] Can not pull register out from u_ila_0/inst/ila_core_inst/u_ila_cap_ctrl/u_cap_addrgen/u_cap_sample_counter/U_SCMPCE/I_YESLUT6.U_SRL32 due to none static srl address bits
WARNING: [Opt 31-1131] Can not pull register out from u_ila_0/inst/ila_core_inst/u_ila_cap_ctrl/u_cap_addrgen/u_cap_sample_counter/U_SCRST/I_YESLUT6.U_SRL32_A due to none static srl address bits
WARNING: [Opt 31-1131] Can not pull register out from u_ila_0/inst/ila_core_inst/u_ila_cap_ctrl/u_cap_addrgen/u_cap_sample_counter/U_SCRST/I_YESLUT6.U_SRL32_B due to none static srl address bits
INFO: [Opt 31-1064] SRL Remap converted 0 SRLs to 0 registers and converted 0 registers of register chains to 0 SRLs
Phase 7 Shift Register Optimization | Checksum: 226826c9f

Time (s): cpu = 00:00:10 ; elapsed = 00:00:24 . Memory (MB): peak = 4285.445 ; gain = 0.000
Shift Register Optimization | Checksum: 226826c9f
INFO: [Opt 31-389] Phase Shift Register Optimization created 0 cells and removed 0 cells

Phase 8 Post Processing Netlist
Phase 8 Post Processing Netlist | Checksum: 17a7b5a3f

Time (s): cpu = 00:00:11 ; elapsed = 00:00:24 . Memory (MB): peak = 4285.445 ; gain = 0.000
Post Processing Netlist | Checksum: 17a7b5a3f
INFO: [Opt 31-389] Phase Post Processing Netlist created 0 cells and removed 0 cells
INFO: [Opt 31-1021] In phase Post Processing Netlist, 57 netlist objects are constrained preventing optimization. Please run opt_design with -debug_log to get more detail. 

Phase 9 Finalization

Phase 9.1 Finalizing Design Cores and Updating Shapes
Phase 9.1 Finalizing Design Cores and Updating Shapes | Checksum: 1c4139c64

Time (s): cpu = 00:00:12 ; elapsed = 00:00:25 . Memory (MB): peak = 4285.445 ; gain = 0.000

Phase 9.2 Verifying Netlist Connectivity

Starting Connectivity Check Task

Time (s): cpu = 00:00:00 ; elapsed = 00:00:00.059 . Memory (MB): peak = 4285.445 ; gain = 0.000
Phase 9.2 Verifying Netlist Connectivity | Checksum: 1c4139c64

Time (s): cpu = 00:00:12 ; elapsed = 00:00:25 . Memory (MB): peak = 4285.445 ; gain = 0.000
Phase 9 Finalization | Checksum: 1c4139c64

Time (s): cpu = 00:00:12 ; elapsed = 00:00:25 . Memory (MB): peak = 4285.445 ; gain = 0.000
Opt_design Change Summary
=========================


-------------------------------------------------------------------------------------------------------------------------
|  Phase                        |  #Cells created  |  #Cells Removed  |  #Constrained objects preventing optimizations  |
-------------------------------------------------------------------------------------------------------------------------
|  Retarget                     |             743  |            1109  |                                             69  |
|  Constant propagation         |             296  |             390  |                                             49  |
|  Sweep                        |               0  |            3069  |                                            889  |
|  BUFG optimization            |               1  |               0  |                                              0  |
|  Shift Register Optimization  |               0  |               0  |                                              0  |
|  Post Processing Netlist      |               0  |               0  |                                             57  |
-------------------------------------------------------------------------------------------------------------------------


Ending Logic Optimization Task | Checksum: 1c4139c64

Time (s): cpu = 00:00:12 ; elapsed = 00:00:25 . Memory (MB): peak = 4285.445 ; gain = 0.000
INFO: [Constraints 18-11670] Building netlist checker database with flags, 0x8
Done building netlist checker database: Time (s): cpu = 00:00:00 ; elapsed = 00:00:00.021 . Memory (MB): peak = 4285.445 ; gain = 0.000

Starting Power Optimization Task
INFO: [Pwropt 34-132] Skipping clock gating for clocks with a period < 2.00 ns.
INFO: [Pwropt 34-9] Applying IDT optimizations ...
INFO: [Pwropt 34-10] Applying ODC optimizations ...
INFO: [Constraints 18-632] set_output_delay: No clock object specified, the clocks will be automatically identified [D:/FPGA/mqnic_prj/mqnic_prj.srcs/constrs_1/imports/fpga/mqnic/ZCU106/fpga_pcie/fpga.xdc:29]
INFO: [Constraints 18-632] set_input_delay: No clock object specified, the clocks will be automatically identified [D:/FPGA/mqnic_prj/mqnic_prj.srcs/constrs_1/imports/fpga/mqnic/ZCU106/fpga_pcie/fpga.xdc:45]
INFO: [Constraints 18-632] set_input_delay: No clock object specified, the clocks will be automatically identified [D:/FPGA/mqnic_prj/mqnic_prj.srcs/constrs_1/imports/fpga/mqnic/ZCU106/fpga_pcie/fpga.xdc:58]
INFO: [Constraints 18-632] set_output_delay: No clock object specified, the clocks will be automatically identified [D:/FPGA/mqnic_prj/mqnic_prj.srcs/constrs_1/imports/fpga/mqnic/ZCU106/fpga_pcie/fpga.xdc:78]
INFO: [Constraints 18-632] set_input_delay: No clock object specified, the clocks will be automatically identified [D:/FPGA/mqnic_prj/mqnic_prj.srcs/constrs_1/imports/fpga/mqnic/ZCU106/fpga_pcie/fpga.xdc:80]
INFO: [Constraints 18-632] set_output_delay: No clock object specified, the clocks will be automatically identified [D:/FPGA/mqnic_prj/mqnic_prj.srcs/constrs_1/imports/fpga/mqnic/ZCU106/fpga_pcie/fpga.xdc:104]
INFO: [Constraints 18-632] set_input_delay: No clock object specified, the clocks will be automatically identified [D:/FPGA/mqnic_prj/mqnic_prj.srcs/constrs_1/imports/fpga/mqnic/ZCU106/fpga_pcie/fpga.xdc:131]
INFO: [Timing 38-35] Done setting XDC timing constraints.
Running Vector-less Activity Propagation...

Finished Running Vector-less Activity Propagation


Starting PowerOpt Patch Enables Task
INFO: [Pwropt 34-162] WRITE_MODE attribute of 0 BRAM(s) out of a total of 129 has been updated to save power. Run report_power_opt to get a complete listing of the BRAMs updated.
INFO: [Constraints 18-632] set_output_delay: No clock object specified, the clocks will be automatically identified [D:/FPGA/mqnic_prj/mqnic_prj.srcs/constrs_1/imports/fpga/mqnic/ZCU106/fpga_pcie/fpga.xdc:29]
INFO: [Constraints 18-632] set_input_delay: No clock object specified, the clocks will be automatically identified [D:/FPGA/mqnic_prj/mqnic_prj.srcs/constrs_1/imports/fpga/mqnic/ZCU106/fpga_pcie/fpga.xdc:45]
INFO: [Constraints 18-632] set_input_delay: No clock object specified, the clocks will be automatically identified [D:/FPGA/mqnic_prj/mqnic_prj.srcs/constrs_1/imports/fpga/mqnic/ZCU106/fpga_pcie/fpga.xdc:58]
INFO: [Constraints 18-632] set_output_delay: No clock object specified, the clocks will be automatically identified [D:/FPGA/mqnic_prj/mqnic_prj.srcs/constrs_1/imports/fpga/mqnic/ZCU106/fpga_pcie/fpga.xdc:78]
INFO: [Constraints 18-632] set_input_delay: No clock object specified, the clocks will be automatically identified [D:/FPGA/mqnic_prj/mqnic_prj.srcs/constrs_1/imports/fpga/mqnic/ZCU106/fpga_pcie/fpga.xdc:80]
INFO: [Constraints 18-632] set_output_delay: No clock object specified, the clocks will be automatically identified [D:/FPGA/mqnic_prj/mqnic_prj.srcs/constrs_1/imports/fpga/mqnic/ZCU106/fpga_pcie/fpga.xdc:104]
INFO: [Constraints 18-632] set_input_delay: No clock object specified, the clocks will be automatically identified [D:/FPGA/mqnic_prj/mqnic_prj.srcs/constrs_1/imports/fpga/mqnic/ZCU106/fpga_pcie/fpga.xdc:131]
INFO: [Timing 38-35] Done setting XDC timing constraints.
INFO: [Pwropt 34-201] Structural ODC has moved 4 WE to EN ports
Number of BRAM Ports augmented: 37 newly gated: 17 Total Ports: 258
Ending PowerOpt Patch Enables Task | Checksum: 1576418d3

Time (s): cpu = 00:00:04 ; elapsed = 00:00:03 . Memory (MB): peak = 4935.754 ; gain = 0.000
Ending Power Optimization Task | Checksum: 1576418d3

Time (s): cpu = 00:00:33 ; elapsed = 00:00:18 . Memory (MB): peak = 4935.754 ; gain = 650.309

Starting Final Cleanup Task

Starting Logic Optimization Task
INFO: [Constraints 18-632] set_output_delay: No clock object specified, the clocks will be automatically identified [D:/FPGA/mqnic_prj/mqnic_prj.srcs/constrs_1/imports/fpga/mqnic/ZCU106/fpga_pcie/fpga.xdc:29]
INFO: [Constraints 18-632] set_input_delay: No clock object specified, the clocks will be automatically identified [D:/FPGA/mqnic_prj/mqnic_prj.srcs/constrs_1/imports/fpga/mqnic/ZCU106/fpga_pcie/fpga.xdc:45]
INFO: [Constraints 18-632] set_input_delay: No clock object specified, the clocks will be automatically identified [D:/FPGA/mqnic_prj/mqnic_prj.srcs/constrs_1/imports/fpga/mqnic/ZCU106/fpga_pcie/fpga.xdc:58]
INFO: [Constraints 18-632] set_output_delay: No clock object specified, the clocks will be automatically identified [D:/FPGA/mqnic_prj/mqnic_prj.srcs/constrs_1/imports/fpga/mqnic/ZCU106/fpga_pcie/fpga.xdc:78]
INFO: [Constraints 18-632] set_input_delay: No clock object specified, the clocks will be automatically identified [D:/FPGA/mqnic_prj/mqnic_prj.srcs/constrs_1/imports/fpga/mqnic/ZCU106/fpga_pcie/fpga.xdc:80]
INFO: [Constraints 18-632] set_output_delay: No clock object specified, the clocks will be automatically identified [D:/FPGA/mqnic_prj/mqnic_prj.srcs/constrs_1/imports/fpga/mqnic/ZCU106/fpga_pcie/fpga.xdc:104]
INFO: [Constraints 18-632] set_input_delay: No clock object specified, the clocks will be automatically identified [D:/FPGA/mqnic_prj/mqnic_prj.srcs/constrs_1/imports/fpga/mqnic/ZCU106/fpga_pcie/fpga.xdc:131]
INFO: [Timing 38-35] Done setting XDC timing constraints.
Ending Logic Optimization Task | Checksum: 251300f08

Time (s): cpu = 00:00:06 ; elapsed = 00:00:04 . Memory (MB): peak = 4935.754 ; gain = 0.000
INFO: [Constraints 18-11670] Building netlist checker database with flags, 0x8
Done building netlist checker database: Time (s): cpu = 00:00:00 ; elapsed = 00:00:00.020 . Memory (MB): peak = 4935.754 ; gain = 0.000
Ending Final Cleanup Task | Checksum: 251300f08

Time (s): cpu = 00:00:08 ; elapsed = 00:00:06 . Memory (MB): peak = 4935.754 ; gain = 0.000

Starting Netlist Obfuscation Task
Netlist sorting complete. Time (s): cpu = 00:00:00 ; elapsed = 00:00:00.014 . Memory (MB): peak = 4935.754 ; gain = 0.000
Ending Netlist Obfuscation Task | Checksum: 251300f08

Time (s): cpu = 00:00:00 ; elapsed = 00:00:00.022 . Memory (MB): peak = 4935.754 ; gain = 0.000
INFO: [Common 17-83] Releasing license: Implementation
101 Infos, 61 Warnings, 0 Critical Warnings and 0 Errors encountered.
opt_design completed successfully
opt_design: Time (s): cpu = 00:01:02 ; elapsed = 00:00:55 . Memory (MB): peak = 4935.754 ; gain = 650.309
INFO: [runtcl-4] Executing : report_drc -file fpga_drc_opted.rpt -pb fpga_drc_opted.pb -rpx fpga_drc_opted.rpx
Command: report_drc -file fpga_drc_opted.rpt -pb fpga_drc_opted.pb -rpx fpga_drc_opted.rpx
INFO: [IP_Flow 19-1839] IP Catalog is up to date.
INFO: [DRC 23-27] Running DRC with 2 threads
INFO: [Vivado_Tcl 2-168] The results of DRC are in file D:/FPGA/mqnic_prj/mqnic_prj.runs/impl_1/fpga_drc_opted.rpt.
report_drc completed successfully
INFO: [Constraints 18-632] set_output_delay: No clock object specified, the clocks will be automatically identified [D:/FPGA/mqnic_prj/mqnic_prj.srcs/constrs_1/imports/fpga/mqnic/ZCU106/fpga_pcie/fpga.xdc:29]
INFO: [Constraints 18-632] set_input_delay: No clock object specified, the clocks will be automatically identified [D:/FPGA/mqnic_prj/mqnic_prj.srcs/constrs_1/imports/fpga/mqnic/ZCU106/fpga_pcie/fpga.xdc:45]
INFO: [Constraints 18-632] set_input_delay: No clock object specified, the clocks will be automatically identified [D:/FPGA/mqnic_prj/mqnic_prj.srcs/constrs_1/imports/fpga/mqnic/ZCU106/fpga_pcie/fpga.xdc:58]
INFO: [Constraints 18-632] set_output_delay: No clock object specified, the clocks will be automatically identified [D:/FPGA/mqnic_prj/mqnic_prj.srcs/constrs_1/imports/fpga/mqnic/ZCU106/fpga_pcie/fpga.xdc:78]
INFO: [Constraints 18-632] set_input_delay: No clock object specified, the clocks will be automatically identified [D:/FPGA/mqnic_prj/mqnic_prj.srcs/constrs_1/imports/fpga/mqnic/ZCU106/fpga_pcie/fpga.xdc:80]
INFO: [Constraints 18-632] set_output_delay: No clock object specified, the clocks will be automatically identified [D:/FPGA/mqnic_prj/mqnic_prj.srcs/constrs_1/imports/fpga/mqnic/ZCU106/fpga_pcie/fpga.xdc:104]
INFO: [Constraints 18-632] set_input_delay: No clock object specified, the clocks will be automatically identified [D:/FPGA/mqnic_prj/mqnic_prj.srcs/constrs_1/imports/fpga/mqnic/ZCU106/fpga_pcie/fpga.xdc:131]
INFO: [Timing 38-35] Done setting XDC timing constraints.
INFO: [Timing 38-480] Writing timing data to binary archive.
Wrote PlaceDB: Time (s): cpu = 00:00:00 ; elapsed = 00:00:00.036 . Memory (MB): peak = 4935.754 ; gain = 0.000
Wrote PulsedLatchDB: Time (s): cpu = 00:00:00 ; elapsed = 00:00:00 . Memory (MB): peak = 4935.754 ; gain = 0.000
Writing XDEF routing.
Write ShapeDB Complete: Time (s): cpu = 00:00:00 ; elapsed = 00:00:00.065 . Memory (MB): peak = 4935.754 ; gain = 0.000
Writing XDEF routing logical nets.
Writing XDEF routing special nets.
Wrote RouteStorage: Time (s): cpu = 00:00:01 ; elapsed = 00:00:00.095 . Memory (MB): peak = 4935.754 ; gain = 0.000
Wrote Netlist Cache: Time (s): cpu = 00:00:00 ; elapsed = 00:00:00.002 . Memory (MB): peak = 4935.754 ; gain = 0.000
Wrote Device Cache: Time (s): cpu = 00:00:00 ; elapsed = 00:00:00.022 . Memory (MB): peak = 4935.754 ; gain = 0.000
Write Physdb Complete: Time (s): cpu = 00:00:01 ; elapsed = 00:00:00.165 . Memory (MB): peak = 4935.754 ; gain = 0.000
INFO: [Common 17-1381] The checkpoint 'D:/FPGA/mqnic_prj/mqnic_prj.runs/impl_1/fpga_opt.dcp' has been generated.
write_checkpoint: Time (s): cpu = 00:00:10 ; elapsed = 00:00:08 . Memory (MB): peak = 4935.754 ; gain = 0.000
INFO: [Chipscope 16-240] Debug cores have already been implemented
Command: place_design
Attempting to get a license for feature 'Implementation' and/or device 'xczu7ev'
INFO: [Common 17-349] Got license for feature 'Implementation' and/or device 'xczu7ev'
INFO: [Common 17-83] Releasing license: Implementation
INFO: [DRC 23-27] Running DRC with 2 threads
INFO: [Vivado_Tcl 4-198] DRC finished with 0 Errors
INFO: [Vivado_Tcl 4-199] Please refer to the DRC report (report_drc) for more information.
Running DRC as a precondition to command place_design
INFO: [DRC 23-27] Running DRC with 2 threads
INFO: [Vivado_Tcl 4-198] DRC finished with 0 Errors
INFO: [Vivado_Tcl 4-199] Please refer to the DRC report (report_drc) for more information.
INFO: [Place 30-611] Multithreading enabled for place_design using a maximum of 2 CPUs

Starting Placer Task

Phase 1 Placer Initialization

Phase 1.1 Placer Initialization Netlist Sorting
Netlist sorting complete. Time (s): cpu = 00:00:00 ; elapsed = 00:00:00.016 . Memory (MB): peak = 4935.754 ; gain = 0.000
Phase 1.1 Placer Initialization Netlist Sorting | Checksum: 1b3268fae

Time (s): cpu = 00:00:00 ; elapsed = 00:00:00.035 . Memory (MB): peak = 4935.754 ; gain = 0.000
Netlist sorting complete. Time (s): cpu = 00:00:01 ; elapsed = 00:00:00.014 . Memory (MB): peak = 4935.754 ; gain = 0.000

Phase 1.2 IO Placement/ Clock Placement/ Build Placer Device
Phase 1.2 IO Placement/ Clock Placement/ Build Placer Device | Checksum: 1098e2f65

Time (s): cpu = 00:00:07 ; elapsed = 00:00:05 . Memory (MB): peak = 4935.754 ; gain = 0.000

Phase 1.3 Build Placer Netlist Model
Phase 1.3 Build Placer Netlist Model | Checksum: 1e3210d80

Time (s): cpu = 00:00:22 ; elapsed = 00:00:16 . Memory (MB): peak = 4935.754 ; gain = 0.000

Phase 1.4 Constrain Clocks/Macros
Phase 1.4 Constrain Clocks/Macros | Checksum: 1e3210d80

Time (s): cpu = 00:00:22 ; elapsed = 00:00:16 . Memory (MB): peak = 4935.754 ; gain = 0.000
Phase 1 Placer Initialization | Checksum: 1e3210d80

Time (s): cpu = 00:00:22 ; elapsed = 00:00:16 . Memory (MB): peak = 4935.754 ; gain = 0.000

Phase 2 Global Placement

Phase 2.1 Floorplanning

Phase 2.1.1 Partition Driven Placement

Phase 2.1.1.1 PBP: Partition Driven Placement
Phase 2.1.1.1 PBP: Partition Driven Placement | Checksum: 190ddb736

Time (s): cpu = 00:00:46 ; elapsed = 00:00:31 . Memory (MB): peak = 4935.754 ; gain = 0.000

Phase 2.1.1.2 PBP: Clock Region Placement
INFO: [Place 30-3162] Check ILP status : ILP-based clock placer completed successfully.
Phase 2.1.1.2 PBP: Clock Region Placement | Checksum: 15d6274eb

Time (s): cpu = 00:00:47 ; elapsed = 00:00:32 . Memory (MB): peak = 4935.754 ; gain = 0.000

Phase 2.1.1.3 PBP: Discrete Incremental
Phase 2.1.1.3 PBP: Discrete Incremental | Checksum: 15b9113ea

Time (s): cpu = 00:00:47 ; elapsed = 00:00:32 . Memory (MB): peak = 4935.754 ; gain = 0.000

Phase 2.1.1.4 PBP: Compute Congestion
Phase 2.1.1.4 PBP: Compute Congestion | Checksum: 15b9113ea

Time (s): cpu = 00:00:58 ; elapsed = 00:00:38 . Memory (MB): peak = 4935.754 ; gain = 0.000

Phase 2.1.1.5 PBP: Macro Placement
Phase 2.1.1.5 PBP: Macro Placement | Checksum: 231b06af1

Time (s): cpu = 00:00:59 ; elapsed = 00:00:38 . Memory (MB): peak = 4935.754 ; gain = 0.000

Phase 2.1.1.6 PBP: UpdateTiming
Phase 2.1.1.6 PBP: UpdateTiming | Checksum: 1adb9270f

Time (s): cpu = 00:01:01 ; elapsed = 00:00:40 . Memory (MB): peak = 4935.754 ; gain = 0.000

Phase 2.1.1.7 PBP: Add part constraints
Phase 2.1.1.7 PBP: Add part constraints | Checksum: 1adb9270f

Time (s): cpu = 00:01:02 ; elapsed = 00:00:41 . Memory (MB): peak = 4935.754 ; gain = 0.000
Phase 2.1.1 Partition Driven Placement | Checksum: 1adb9270f

Time (s): cpu = 00:01:02 ; elapsed = 00:00:41 . Memory (MB): peak = 4935.754 ; gain = 0.000
Phase 2.1 Floorplanning | Checksum: 1adb9270f

Time (s): cpu = 00:01:02 ; elapsed = 00:00:41 . Memory (MB): peak = 4935.754 ; gain = 0.000

Phase 2.2 Update Timing before SLR Path Opt
Phase 2.2 Update Timing before SLR Path Opt | Checksum: 1adb9270f

Time (s): cpu = 00:01:02 ; elapsed = 00:00:41 . Memory (MB): peak = 4935.754 ; gain = 0.000

Phase 2.3 Post-Processing in Floorplanning
Phase 2.3 Post-Processing in Floorplanning | Checksum: 1c9298cc1

Time (s): cpu = 00:01:02 ; elapsed = 00:00:41 . Memory (MB): peak = 4935.754 ; gain = 0.000

Phase 2.4 Global Placement Core

Phase 2.4.1 UpdateTiming Before Physical Synthesis
Phase 2.4.1 UpdateTiming Before Physical Synthesis | Checksum: 18a786308

Time (s): cpu = 00:02:50 ; elapsed = 00:01:41 . Memory (MB): peak = 4935.754 ; gain = 0.000

Phase 2.4.2 Physical Synthesis In Placer
INFO: [Physopt 32-1035] Found 0 LUTNM shape to break, 1307 LUT instances to create LUTNM shape
INFO: [Physopt 32-1044] Break lutnm for timing: one critical 0, two critical 0, total 0, new lutff created 0
INFO: [Physopt 32-1138] End 1 Pass. Optimized 544 nets or LUTs. Breaked 0 LUT, combined 544 existing LUTs and moved 0 existing LUT
INFO: [Physopt 32-1030] Pass 1. Identified 46 candidate driver sets for equivalent driver rewiring.
INFO: [Physopt 32-661] Optimized 44 nets.  Re-placed 158 instances.
INFO: [Physopt 32-775] End 1 Pass. Optimized 44 nets or cells. Created 0 new cell, deleted 0 existing cell and moved 158 existing cells
Netlist sorting complete. Time (s): cpu = 00:00:00 ; elapsed = 00:00:00.198 . Memory (MB): peak = 4935.754 ; gain = 0.000
INFO: [Physopt 32-65] No nets found for high-fanout optimization.
INFO: [Physopt 32-232] Optimized 0 net. Created 0 new instance.
INFO: [Physopt 32-775] End 1 Pass. Optimized 0 net or cell. Created 0 new cell, deleted 0 existing cell and moved 0 existing cell
INFO: [Physopt 32-76] Pass 1. Identified 1 candidate net for fanout optimization.
INFO: [Physopt 32-81] Processed net core_inst/core_inst/core_pcie_inst/core_inst/iface[0].interface_inst/rx_fifo_inst/fifo[0].fifo_inst/fifo_inst/wr_ptr_reg[5]. Replicated 10 times.
INFO: [Physopt 32-232] Optimized 1 net. Created 10 new instances.
INFO: [Physopt 32-775] End 1 Pass. Optimized 1 net or cell. Created 10 new cells, deleted 0 existing cell and moved 0 existing cell
Netlist sorting complete. Time (s): cpu = 00:00:00 ; elapsed = 00:00:00.031 . Memory (MB): peak = 4935.754 ; gain = 0.000
INFO: [Physopt 32-46] Identified 1 candidate net for critical-cell optimization.
INFO: [Physopt 32-232] Optimized 0 net. Created 0 new instance.
INFO: [Physopt 32-775] End 1 Pass. Optimized 0 net or cell. Created 0 new cell, deleted 0 existing cell and moved 0 existing cell
INFO: [Physopt 32-456] No candidate cells for DSP register optimization found in the design.
INFO: [Physopt 32-775] End 2 Pass. Optimized 0 net or cell. Created 0 new cell, deleted 0 existing cell and moved 0 existing cell
INFO: [Physopt 32-1123] No candidate cells found for Shift Register to Pipeline optimization
INFO: [Physopt 32-775] End 2 Pass. Optimized 0 net or cell. Created 0 new cell, deleted 0 existing cell and moved 0 existing cell
INFO: [Physopt 32-1402] Pass 1: Identified 16 candidate cells for Shift Register optimization.
INFO: [Physopt 32-775] End 1 Pass. Optimized 8 nets or cells. Created 16 new cells, deleted 0 existing cell and moved 0 existing cell
Netlist sorting complete. Time (s): cpu = 00:00:00 ; elapsed = 00:00:00.042 . Memory (MB): peak = 4935.754 ; gain = 0.000
INFO: [Physopt 32-527] Pass 1: Identified 1 candidate cell for BRAM register optimization
INFO: [Physopt 32-665] Processed cell core_inst/core_inst/core_pcie_inst/core_inst/iface[0].interface_inst/sched[0].scheduler_block/tx_scheduler_inst/rr_fifo/mem_reg_bram_2. 4 registers were pushed out.
INFO: [Physopt 32-775] End 1 Pass. Optimized 1 net or cell. Created 4 new cells, deleted 0 existing cell and moved 0 existing cell
Netlist sorting complete. Time (s): cpu = 00:00:00 ; elapsed = 00:00:00.027 . Memory (MB): peak = 4935.754 ; gain = 0.000
INFO: [Physopt 32-847] Pass 1: Identified 2 candidate cells for URAM register optimization
INFO: [Physopt 32-665] Processed cell core_inst/core_inst/core_pcie_inst/core_inst/iface[0].interface_inst/cqm_inst/queue_ram_reg_uram_4. 23 registers were pushed out.
INFO: [Physopt 32-665] Processed cell core_inst/core_inst/core_pcie_inst/core_inst/iface[0].interface_inst/cqm_inst/queue_ram_reg_uram_0. 23 registers were pushed out.
INFO: [Physopt 32-775] End 1 Pass. Optimized 2 nets or cells. Created 46 new cells, deleted 0 existing cell and moved 0 existing cell
INFO: [Physopt 32-847] Pass 1: Identified 3 candidate cells for URAM register optimization
INFO: [Physopt 32-665] Processed cell core_inst/core_inst/core_pcie_inst/core_inst/iface[0].interface_inst/tx_qm_inst/queue_ram_reg_uram_1. 64 registers were pushed out.
INFO: [Physopt 32-665] Processed cell core_inst/core_inst/core_pcie_inst/core_inst/iface[0].interface_inst/cqm_inst/queue_ram_reg_uram_0. 87 registers were pushed out.
INFO: [Physopt 32-665] Processed cell core_inst/core_inst/core_pcie_inst/core_inst/iface[0].interface_inst/cqm_inst/queue_ram_reg_uram_3. 64 registers were pushed out.
INFO: [Physopt 32-775] End 1 Pass. Optimized 3 nets or cells. Created 215 new cells, deleted 0 existing cell and moved 0 existing cell
Netlist sorting complete. Time (s): cpu = 00:00:00 ; elapsed = 00:00:00.054 . Memory (MB): peak = 4935.754 ; gain = 0.000
INFO: [Physopt 32-949] No candidate nets found for dynamic/static region interface net replication
INFO: [Physopt 32-775] End 1 Pass. Optimized 0 net or cell. Created 0 new cell, deleted 0 existing cell and moved 0 existing cell
Netlist sorting complete. Time (s): cpu = 00:00:00 ; elapsed = 00:00:00.015 . Memory (MB): peak = 4935.754 ; gain = 0.000

Summary of Physical Synthesis Optimizations
============================================


-----------------------------------------------------------------------------------------------------------------------------------------------------------
|  Optimization                                     |  Added Cells  |  Removed Cells  |  Optimized Cells/Nets  |  Dont Touch  |  Iterations  |  Elapsed   |
-----------------------------------------------------------------------------------------------------------------------------------------------------------
|  LUT Combining                                    |            0  |            544  |                   544  |           0  |           1  |  00:00:01  |
|  Retime                                           |            0  |              0  |                     0  |           0  |           1  |  00:00:00  |
|  Equivalent Driver Rewiring                       |            0  |              0  |                    44  |           0  |           1  |  00:00:01  |
|  Very High Fanout                                 |            0  |              0  |                     0  |           0  |           1  |  00:00:00  |
|  Fanout                                           |           10  |              0  |                     1  |           0  |           1  |  00:00:00  |
|  Critical Cell                                    |            0  |              0  |                     0  |           0  |           1  |  00:00:00  |
|  DSP Register                                     |            0  |              0  |                     0  |           0  |           1  |  00:00:00  |
|  Shift Register to Pipeline                       |            0  |              0  |                     0  |           0  |           1  |  00:00:00  |
|  Shift Register                                   |           16  |              0  |                     8  |           0  |           1  |  00:00:00  |
|  BRAM Register                                    |            4  |              0  |                     1  |           0  |           1  |  00:00:00  |
|  URAM Register                                    |          215  |              0  |                     3  |           0  |           1  |  00:00:03  |
|  Dynamic/Static Region Interface Net Replication  |            0  |              0  |                     0  |           0  |           1  |  00:00:00  |
|  Total                                            |          245  |            544  |                   601  |           0  |          12  |  00:00:05  |
-----------------------------------------------------------------------------------------------------------------------------------------------------------


Phase 2.4.2 Physical Synthesis In Placer | Checksum: 15cd9b9b9

Time (s): cpu = 00:03:00 ; elapsed = 00:01:51 . Memory (MB): peak = 4935.754 ; gain = 0.000
Phase 2.4 Global Placement Core | Checksum: 1479b2ee4

Time (s): cpu = 00:03:12 ; elapsed = 00:01:58 . Memory (MB): peak = 4935.754 ; gain = 0.000
Phase 2 Global Placement | Checksum: 1479b2ee4

Time (s): cpu = 00:03:12 ; elapsed = 00:01:58 . Memory (MB): peak = 4935.754 ; gain = 0.000

Phase 3 Detail Placement

Phase 3.1 Commit Multi Column Macros
Phase 3.1 Commit Multi Column Macros | Checksum: 1eab0c010

Time (s): cpu = 00:03:26 ; elapsed = 00:02:05 . Memory (MB): peak = 4935.754 ; gain = 0.000

Phase 3.2 Commit Most Macros & LUTRAMs
Phase 3.2 Commit Most Macros & LUTRAMs | Checksum: 1f0a19d6b

Time (s): cpu = 00:03:31 ; elapsed = 00:02:09 . Memory (MB): peak = 4935.754 ; gain = 0.000

Phase 3.3 Small Shape DP

Phase 3.3.1 Small Shape Clustering
Phase 3.3.1 Small Shape Clustering | Checksum: 1c700c319

Time (s): cpu = 00:04:00 ; elapsed = 00:02:25 . Memory (MB): peak = 4935.754 ; gain = 0.000

Phase 3.3.2 Slice Area Swap

Phase 3.3.2.1 Slice Area Swap Initial
Phase 3.3.2.1 Slice Area Swap Initial | Checksum: 1fb4d8c0a

Time (s): cpu = 00:04:13 ; elapsed = 00:02:33 . Memory (MB): peak = 4935.754 ; gain = 0.000
Phase 3.3.2 Slice Area Swap | Checksum: 1fb4d8c0a

Time (s): cpu = 00:04:13 ; elapsed = 00:02:33 . Memory (MB): peak = 4935.754 ; gain = 0.000
Phase 3.3 Small Shape DP | Checksum: 13e25908f

Time (s): cpu = 00:04:41 ; elapsed = 00:02:48 . Memory (MB): peak = 4935.754 ; gain = 0.000

Phase 3.4 Re-assign LUT pins
Phase 3.4 Re-assign LUT pins | Checksum: 15623103b

Time (s): cpu = 00:04:43 ; elapsed = 00:02:50 . Memory (MB): peak = 4935.754 ; gain = 0.000

Phase 3.5 Pipeline Register Optimization
Phase 3.5 Pipeline Register Optimization | Checksum: 1cf02611f

Time (s): cpu = 00:04:43 ; elapsed = 00:02:50 . Memory (MB): peak = 4935.754 ; gain = 0.000
Phase 3 Detail Placement | Checksum: 1cf02611f

Time (s): cpu = 00:04:44 ; elapsed = 00:02:50 . Memory (MB): peak = 4935.754 ; gain = 0.000

Phase 4 Post Placement Optimization and Clean-Up

Phase 4.1 Post Commit Optimization
INFO: [Constraints 18-632] set_output_delay: No clock object specified, the clocks will be automatically identified [D:/FPGA/mqnic_prj/mqnic_prj.srcs/constrs_1/imports/fpga/mqnic/ZCU106/fpga_pcie/fpga.xdc:29]
INFO: [Constraints 18-632] set_input_delay: No clock object specified, the clocks will be automatically identified [D:/FPGA/mqnic_prj/mqnic_prj.srcs/constrs_1/imports/fpga/mqnic/ZCU106/fpga_pcie/fpga.xdc:45]
INFO: [Constraints 18-632] set_input_delay: No clock object specified, the clocks will be automatically identified [D:/FPGA/mqnic_prj/mqnic_prj.srcs/constrs_1/imports/fpga/mqnic/ZCU106/fpga_pcie/fpga.xdc:58]
INFO: [Constraints 18-632] set_output_delay: No clock object specified, the clocks will be automatically identified [D:/FPGA/mqnic_prj/mqnic_prj.srcs/constrs_1/imports/fpga/mqnic/ZCU106/fpga_pcie/fpga.xdc:78]
INFO: [Constraints 18-632] set_input_delay: No clock object specified, the clocks will be automatically identified [D:/FPGA/mqnic_prj/mqnic_prj.srcs/constrs_1/imports/fpga/mqnic/ZCU106/fpga_pcie/fpga.xdc:80]
INFO: [Constraints 18-632] set_output_delay: No clock object specified, the clocks will be automatically identified [D:/FPGA/mqnic_prj/mqnic_prj.srcs/constrs_1/imports/fpga/mqnic/ZCU106/fpga_pcie/fpga.xdc:104]
INFO: [Constraints 18-632] set_input_delay: No clock object specified, the clocks will be automatically identified [D:/FPGA/mqnic_prj/mqnic_prj.srcs/constrs_1/imports/fpga/mqnic/ZCU106/fpga_pcie/fpga.xdc:131]
INFO: [Timing 38-35] Done setting XDC timing constraints.

Phase 4.1.1 Post Placement Optimization
Post Placement Optimization Initialization | Checksum: 1b63e24cb

Phase 4.1.1.1 BUFG Insertion

Starting Physical Synthesis Task

Phase 1 Physical Synthesis Initialization
INFO: [Physopt 32-721] Multithreading enabled for phys_opt_design using a maximum of 2 CPUs
INFO: [Physopt 32-619] Estimated Timing Summary | WNS=0.359 | TNS=0.000 |
Phase 1 Physical Synthesis Initialization | Checksum: 1491be03e

Time (s): cpu = 00:00:03 ; elapsed = 00:00:01 . Memory (MB): peak = 4953.598 ; gain = 0.000
INFO: [Place 46-56] BUFG insertion identified 0 candidate nets. Inserted BUFG: 0, Replicated BUFG Driver: 0, Skipped due to Placement/Routing Conflicts: 0, Skipped due to Timing Degradation: 0, Skipped due to netlist editing failed: 0.
Ending Physical Synthesis Task | Checksum: 1491be03e

Time (s): cpu = 00:00:03 ; elapsed = 00:00:02 . Memory (MB): peak = 4954.438 ; gain = 0.840
Phase 4.1.1.1 BUFG Insertion | Checksum: 1b63e24cb

Time (s): cpu = 00:05:15 ; elapsed = 00:03:11 . Memory (MB): peak = 4954.438 ; gain = 18.684

Phase 4.1.1.2 Post Placement Timing Optimization
INFO: [Place 30-746] Post Placement Timing Summary WNS=0.503. For the most accurate timing information please run report_timing.
Phase 4.1.1.2 Post Placement Timing Optimization | Checksum: f04be0bf

Time (s): cpu = 00:05:19 ; elapsed = 00:03:14 . Memory (MB): peak = 4954.438 ; gain = 18.684

Time (s): cpu = 00:05:19 ; elapsed = 00:03:14 . Memory (MB): peak = 4954.438 ; gain = 18.684
Phase 4.1 Post Commit Optimization | Checksum: f04be0bf

Time (s): cpu = 00:05:19 ; elapsed = 00:03:14 . Memory (MB): peak = 4954.438 ; gain = 18.684
Netlist sorting complete. Time (s): cpu = 00:00:00 ; elapsed = 00:00:00.016 . Memory (MB): peak = 5003.164 ; gain = 0.000

Phase 4.2 Post Placement Cleanup
Phase 4.2 Post Placement Cleanup | Checksum: 1ec666da7

Time (s): cpu = 00:05:33 ; elapsed = 00:03:23 . Memory (MB): peak = 5003.164 ; gain = 67.410

Phase 4.3 Placer Reporting

Phase 4.3.1 Print Estimated Congestion
INFO: [Place 30-612] Post-Placement Estimated Congestion 
 ________________________________________________________________________
|           | Global Congestion | Long Congestion   | Short Congestion  |
| Direction | Region Size       | Region Size       | Region Size       |
|___________|___________________|___________________|___________________|
|      North|                1x1|                1x1|                4x4|
|___________|___________________|___________________|___________________|
|      South|                1x1|                1x1|                2x2|
|___________|___________________|___________________|___________________|
|       East|                1x1|                1x1|                4x4|
|___________|___________________|___________________|___________________|
|       West|                1x1|                1x1|                2x2|
|___________|___________________|___________________|___________________|

Phase 4.3.1 Print Estimated Congestion | Checksum: 1ec666da7

Time (s): cpu = 00:05:33 ; elapsed = 00:03:23 . Memory (MB): peak = 5003.164 ; gain = 67.410
Phase 4.3 Placer Reporting | Checksum: 1ec666da7

Time (s): cpu = 00:05:34 ; elapsed = 00:03:24 . Memory (MB): peak = 5003.164 ; gain = 67.410

Phase 4.4 Final Placement Cleanup
Netlist sorting complete. Time (s): cpu = 00:00:00 ; elapsed = 00:00:00.018 . Memory (MB): peak = 5003.164 ; gain = 0.000

Time (s): cpu = 00:05:34 ; elapsed = 00:03:24 . Memory (MB): peak = 5003.164 ; gain = 67.410
Phase 4 Post Placement Optimization and Clean-Up | Checksum: 1e47f3fb4

Time (s): cpu = 00:05:34 ; elapsed = 00:03:24 . Memory (MB): peak = 5003.164 ; gain = 67.410
Ending Placer Task | Checksum: 1c5ed6c4a

Time (s): cpu = 00:05:34 ; elapsed = 00:03:24 . Memory (MB): peak = 5003.164 ; gain = 67.410
175 Infos, 61 Warnings, 0 Critical Warnings and 0 Errors encountered.
place_design completed successfully
place_design: Time (s): cpu = 00:05:38 ; elapsed = 00:03:26 . Memory (MB): peak = 5003.164 ; gain = 67.410
INFO: [runtcl-4] Executing : report_io -file fpga_io_placed.rpt
report_io: Time (s): cpu = 00:00:00 ; elapsed = 00:00:00.128 . Memory (MB): peak = 5003.164 ; gain = 0.000
INFO: [runtcl-4] Executing : report_utilization -file fpga_utilization_placed.rpt -pb fpga_utilization_placed.pb
INFO: [runtcl-4] Executing : report_control_sets -verbose -file fpga_control_sets_placed.rpt
report_control_sets: Time (s): cpu = 00:00:00 ; elapsed = 00:00:00.172 . Memory (MB): peak = 5003.164 ; gain = 0.000
INFO: [Timing 38-480] Writing timing data to binary archive.
Write ShapeDB Complete: Time (s): cpu = 00:00:00 ; elapsed = 00:00:00.145 . Memory (MB): peak = 5003.164 ; gain = 0.000
Wrote PlaceDB: Time (s): cpu = 00:00:06 ; elapsed = 00:00:02 . Memory (MB): peak = 5003.164 ; gain = 0.000
Wrote PulsedLatchDB: Time (s): cpu = 00:00:00 ; elapsed = 00:00:00 . Memory (MB): peak = 5003.164 ; gain = 0.000
Writing XDEF routing.
Writing XDEF routing logical nets.
Writing XDEF routing special nets.
Wrote RouteStorage: Time (s): cpu = 00:00:00 ; elapsed = 00:00:00.091 . Memory (MB): peak = 5003.164 ; gain = 0.000
Wrote Netlist Cache: Time (s): cpu = 00:00:00 ; elapsed = 00:00:00.060 . Memory (MB): peak = 5003.164 ; gain = 0.000
Wrote Device Cache: Time (s): cpu = 00:00:00 ; elapsed = 00:00:00.021 . Memory (MB): peak = 5003.164 ; gain = 0.000
Write Physdb Complete: Time (s): cpu = 00:00:06 ; elapsed = 00:00:02 . Memory (MB): peak = 5003.164 ; gain = 0.000
INFO: [Common 17-1381] The checkpoint 'D:/FPGA/mqnic_prj/mqnic_prj.runs/impl_1/fpga_placed.dcp' has been generated.
write_checkpoint: Time (s): cpu = 00:00:13 ; elapsed = 00:00:09 . Memory (MB): peak = 5003.164 ; gain = 0.000
Command: route_design
Attempting to get a license for feature 'Implementation' and/or device 'xczu7ev'
INFO: [Common 17-349] Got license for feature 'Implementation' and/or device 'xczu7ev'
Running DRC as a precondition to command route_design
INFO: [DRC 23-27] Running DRC with 2 threads
INFO: [Vivado_Tcl 4-198] DRC finished with 0 Errors
INFO: [Vivado_Tcl 4-199] Please refer to the DRC report (report_drc) for more information.


Starting Routing Task
INFO: [Route 35-254] Multithreading enabled for route_design using a maximum of 8 CPUs

Phase 1 Build RT Design
Checksum: PlaceDB: 9d89a4f5 ConstDB: 0 ShapeSum: 2c493a6d RouteDB: fc1a8ce8
Nodegraph reading from file.  Time (s): cpu = 00:00:01 ; elapsed = 00:00:00.873 . Memory (MB): peak = 5003.164 ; gain = 0.000
Post Restoration Checksum: NetGraph: 5e7f4819 | NumContArr: eac6fd85 | Constraints: 900f2d54 | Timing: c2a8fa9d
Phase 1 Build RT Design | Checksum: 29bfe6d8f

Time (s): cpu = 00:00:17 ; elapsed = 00:00:10 . Memory (MB): peak = 5003.164 ; gain = 0.000

Phase 2 Router Initialization

Phase 2.1 Fix Topology Constraints
Phase 2.1 Fix Topology Constraints | Checksum: 29bfe6d8f

Time (s): cpu = 00:00:17 ; elapsed = 00:00:10 . Memory (MB): peak = 5003.164 ; gain = 0.000

Phase 2.2 Pre Route Cleanup
Phase 2.2 Pre Route Cleanup | Checksum: 29bfe6d8f

Time (s): cpu = 00:00:18 ; elapsed = 00:00:10 . Memory (MB): peak = 5003.164 ; gain = 0.000

Phase 2.3 Global Clock Net Routing
 Number of Nodes with overlaps = 0
Phase 2.3 Global Clock Net Routing | Checksum: 195be51b7

Time (s): cpu = 00:00:21 ; elapsed = 00:00:12 . Memory (MB): peak = 5062.094 ; gain = 58.930

Phase 2.4 Update Timing
Phase 2.4 Update Timing | Checksum: dc449ca3

Time (s): cpu = 00:00:31 ; elapsed = 00:00:17 . Memory (MB): peak = 5096.340 ; gain = 93.176
INFO: [Route 35-416] Intermediate Timing Summary | WNS=0.701  | TNS=0.000  | WHS=-1.433 | THS=-319.081|


Phase 2.5 Update Timing for Bus Skew

Phase 2.5.1 Update Timing
Phase 2.5.1 Update Timing | Checksum: 15134ebef

Time (s): cpu = 00:00:58 ; elapsed = 00:00:33 . Memory (MB): peak = 5203.184 ; gain = 200.020
INFO: [Route 35-416] Intermediate Timing Summary | WNS=0.701  | TNS=0.000  | WHS=N/A    | THS=N/A    |

Phase 2.5 Update Timing for Bus Skew | Checksum: 107144ab7

Time (s): cpu = 00:00:58 ; elapsed = 00:00:33 . Memory (MB): peak = 5203.184 ; gain = 200.020

Router Utilization Summary
  Global Vertical Routing Utilization    = 0.00175203 %
  Global Horizontal Routing Utilization  = 0.000674976 %
  Routable Net Status*
  *Does not include unroutable nets such as driverless and loadless.
  Run report_route_status for detailed report.
  Number of Failed Nets               = 59014
    (Failed Nets is the sum of unrouted and partially routed nets)
  Number of Unrouted Nets             = 51441
  Number of Partially Routed Nets     = 7573
  Number of Node Overlaps             = 0

Phase 2 Router Initialization | Checksum: eb1f2616

Time (s): cpu = 00:01:00 ; elapsed = 00:00:34 . Memory (MB): peak = 5327.430 ; gain = 324.266

Phase 3 Initial Routing

Phase 3.1 Global Routing
Phase 3.1 Global Routing | Checksum: eb1f2616

Time (s): cpu = 00:01:00 ; elapsed = 00:00:34 . Memory (MB): peak = 5327.430 ; gain = 324.266

Phase 3.2 Initial Net Routing
Phase 3.2 Initial Net Routing | Checksum: 25f15c6c7

Time (s): cpu = 00:01:23 ; elapsed = 00:00:39 . Memory (MB): peak = 5592.070 ; gain = 588.906
Phase 3 Initial Routing | Checksum: 2e3cc660e

Time (s): cpu = 00:01:24 ; elapsed = 00:00:39 . Memory (MB): peak = 5592.070 ; gain = 588.906

Phase 4 Rip-up And Reroute

Phase 4.1 Global Iteration 0
 Number of Nodes with overlaps = 12267
 Number of Nodes with overlaps = 1018
 Number of Nodes with overlaps = 151
 Number of Nodes with overlaps = 19
 Number of Nodes with overlaps = 10
 Number of Nodes with overlaps = 6
 Number of Nodes with overlaps = 1
 Number of Nodes with overlaps = 1
 Number of Nodes with overlaps = 0
INFO: [Route 35-416] Intermediate Timing Summary | WNS=0.339  | TNS=0.000  | WHS=-0.502 | THS=-15.104|

Phase 4.1 Global Iteration 0 | Checksum: 179def780

Time (s): cpu = 00:02:38 ; elapsed = 00:01:09 . Memory (MB): peak = 5592.070 ; gain = 588.906

Phase 4.2 Global Iteration 1
 Number of Nodes with overlaps = 15
 Number of Nodes with overlaps = 0
INFO: [Route 35-416] Intermediate Timing Summary | WNS=0.339  | TNS=0.000  | WHS=N/A    | THS=N/A    |

Phase 4.2 Global Iteration 1 | Checksum: 1f210efea

Time (s): cpu = 00:02:44 ; elapsed = 00:01:12 . Memory (MB): peak = 5592.070 ; gain = 588.906
Phase 4 Rip-up And Reroute | Checksum: 1f210efea

Time (s): cpu = 00:02:44 ; elapsed = 00:01:12 . Memory (MB): peak = 5592.070 ; gain = 588.906

Phase 5 Delay and Skew Optimization

Phase 5.1 Delay CleanUp
Phase 5.1 Delay CleanUp | Checksum: 1da4369ba

Time (s): cpu = 00:02:44 ; elapsed = 00:01:12 . Memory (MB): peak = 5592.070 ; gain = 588.906

Phase 5.2 Clock Skew Optimization
Phase 5.2 Clock Skew Optimization | Checksum: 1da4369ba

Time (s): cpu = 00:02:44 ; elapsed = 00:01:12 . Memory (MB): peak = 5592.070 ; gain = 588.906
Phase 5 Delay and Skew Optimization | Checksum: 1da4369ba

Time (s): cpu = 00:02:44 ; elapsed = 00:01:12 . Memory (MB): peak = 5592.070 ; gain = 588.906

Phase 6 Post Hold Fix

Phase 6.1 Hold Fix Iter

Phase 6.1.1 Update Timing
Phase 6.1.1 Update Timing | Checksum: 1e6d0dedc

Time (s): cpu = 00:02:56 ; elapsed = 00:01:18 . Memory (MB): peak = 5592.070 ; gain = 588.906
INFO: [Route 35-416] Intermediate Timing Summary | WNS=0.339  | TNS=0.000  | WHS=0.010  | THS=0.000  |

Phase 6.1 Hold Fix Iter | Checksum: 1c00fa4a4

Time (s): cpu = 00:02:56 ; elapsed = 00:01:18 . Memory (MB): peak = 5592.070 ; gain = 588.906
Phase 6 Post Hold Fix | Checksum: 1c00fa4a4

Time (s): cpu = 00:02:56 ; elapsed = 00:01:18 . Memory (MB): peak = 5592.070 ; gain = 588.906

Phase 7 Route finalize

Router Utilization Summary
  Global Vertical Routing Utilization    = 4.52884 %
  Global Horizontal Routing Utilization  = 4.20739 %
  Routable Net Status*
  *Does not include unroutable nets such as driverless and loadless.
  Run report_route_status for detailed report.
  Number of Failed Nets               = 0
    (Failed Nets is the sum of unrouted and partially routed nets)
  Number of Unrouted Nets             = 0
  Number of Partially Routed Nets     = 0
  Number of Node Overlaps             = 0

Phase 7 Route finalize | Checksum: 1c00fa4a4

Time (s): cpu = 00:02:57 ; elapsed = 00:01:18 . Memory (MB): peak = 5592.070 ; gain = 588.906

Phase 8 Verifying routed nets

 Verification completed successfully
Phase 8 Verifying routed nets | Checksum: 1c00fa4a4

Time (s): cpu = 00:02:57 ; elapsed = 00:01:18 . Memory (MB): peak = 5592.070 ; gain = 588.906

Phase 9 Depositing Routes
INFO: [Route 35-467] Router swapped GT pin gig_ethernet_pcs_pma_0/inst/pcs_pma_block_i/transceiver_inst/gig_ethernet_pcs_pma_0_gt_i/inst/gen_gtwizard_gthe4_top.gig_ethernet_pcs_pma_0_gt_gtwizard_gthe4_inst/gen_gtwizard_gthe4.gen_channel_container[0].gen_enabled_channel.gthe4_channel_wrapper_inst/channel_inst/gthe4_channel_gen.gen_gthe4_channel_inst[0].GTHE4_CHANNEL_PRIM_INST/GTREFCLK0 to physical pin GTHE4_CHANNEL_X0Y10/SOUTHREFCLK1
Phase 9 Depositing Routes | Checksum: 1c00fa4a4

Time (s): cpu = 00:03:00 ; elapsed = 00:01:20 . Memory (MB): peak = 5592.070 ; gain = 588.906

Phase 10 Resolve XTalk
Phase 10 Resolve XTalk | Checksum: 1c00fa4a4

Time (s): cpu = 00:03:00 ; elapsed = 00:01:20 . Memory (MB): peak = 5592.070 ; gain = 588.906

Phase 11 Post Router Timing
INFO: [Route 35-57] Estimated Timing Summary | WNS=0.339  | TNS=0.000  | WHS=0.010  | THS=0.000  |

INFO: [Route 35-327] The final timing numbers are based on the router estimated timing analysis. For a complete and accurate timing signoff, please run report_timing_summary.
Phase 11 Post Router Timing | Checksum: 1c00fa4a4

Time (s): cpu = 00:03:04 ; elapsed = 00:01:22 . Memory (MB): peak = 5592.070 ; gain = 588.906
INFO: [Route 35-16] Router Completed Successfully

Phase 12 Post-Route Event Processing
Phase 12 Post-Route Event Processing | Checksum: fa16a648

Time (s): cpu = 00:03:05 ; elapsed = 00:01:23 . Memory (MB): peak = 5592.070 ; gain = 588.906
Ending Routing Task | Checksum: fa16a648

Time (s): cpu = 00:03:06 ; elapsed = 00:01:24 . Memory (MB): peak = 5592.070 ; gain = 588.906

Routing Is Done.
INFO: [Common 17-83] Releasing license: Implementation
195 Infos, 61 Warnings, 0 Critical Warnings and 0 Errors encountered.
route_design completed successfully
route_design: Time (s): cpu = 00:03:12 ; elapsed = 00:01:27 . Memory (MB): peak = 5592.070 ; gain = 588.906
INFO: [runtcl-4] Executing : report_drc -file fpga_drc_routed.rpt -pb fpga_drc_routed.pb -rpx fpga_drc_routed.rpx
Command: report_drc -file fpga_drc_routed.rpt -pb fpga_drc_routed.pb -rpx fpga_drc_routed.rpx
INFO: [IP_Flow 19-1839] IP Catalog is up to date.
INFO: [DRC 23-27] Running DRC with 2 threads
INFO: [Vivado_Tcl 2-168] The results of DRC are in file D:/FPGA/mqnic_prj/mqnic_prj.runs/impl_1/fpga_drc_routed.rpt.
report_drc completed successfully
report_drc: Time (s): cpu = 00:00:09 ; elapsed = 00:00:05 . Memory (MB): peak = 5592.070 ; gain = 0.000
INFO: [runtcl-4] Executing : report_methodology -file fpga_methodology_drc_routed.rpt -pb fpga_methodology_drc_routed.pb -rpx fpga_methodology_drc_routed.rpx
Command: report_methodology -file fpga_methodology_drc_routed.rpt -pb fpga_methodology_drc_routed.pb -rpx fpga_methodology_drc_routed.rpx
INFO: [Constraints 18-632] set_output_delay: No clock object specified, the clocks will be automatically identified [D:/FPGA/mqnic_prj/mqnic_prj.srcs/constrs_1/imports/fpga/mqnic/ZCU106/fpga_pcie/fpga.xdc:29]
INFO: [Constraints 18-632] set_input_delay: No clock object specified, the clocks will be automatically identified [D:/FPGA/mqnic_prj/mqnic_prj.srcs/constrs_1/imports/fpga/mqnic/ZCU106/fpga_pcie/fpga.xdc:45]
INFO: [Constraints 18-632] set_input_delay: No clock object specified, the clocks will be automatically identified [D:/FPGA/mqnic_prj/mqnic_prj.srcs/constrs_1/imports/fpga/mqnic/ZCU106/fpga_pcie/fpga.xdc:58]
INFO: [Constraints 18-632] set_output_delay: No clock object specified, the clocks will be automatically identified [D:/FPGA/mqnic_prj/mqnic_prj.srcs/constrs_1/imports/fpga/mqnic/ZCU106/fpga_pcie/fpga.xdc:78]
INFO: [Constraints 18-632] set_input_delay: No clock object specified, the clocks will be automatically identified [D:/FPGA/mqnic_prj/mqnic_prj.srcs/constrs_1/imports/fpga/mqnic/ZCU106/fpga_pcie/fpga.xdc:80]
INFO: [Constraints 18-632] set_output_delay: No clock object specified, the clocks will be automatically identified [D:/FPGA/mqnic_prj/mqnic_prj.srcs/constrs_1/imports/fpga/mqnic/ZCU106/fpga_pcie/fpga.xdc:104]
INFO: [Constraints 18-632] set_input_delay: No clock object specified, the clocks will be automatically identified [D:/FPGA/mqnic_prj/mqnic_prj.srcs/constrs_1/imports/fpga/mqnic/ZCU106/fpga_pcie/fpga.xdc:131]
INFO: [Timing 38-35] Done setting XDC timing constraints.
INFO: [DRC 23-133] Running Methodology with 2 threads
INFO: [Vivado_Tcl 2-1520] The results of Report Methodology are in file D:/FPGA/mqnic_prj/mqnic_prj.runs/impl_1/fpga_methodology_drc_routed.rpt.
report_methodology completed successfully
report_methodology: Time (s): cpu = 00:00:29 ; elapsed = 00:00:15 . Memory (MB): peak = 5592.070 ; gain = 0.000
INFO: [runtcl-4] Executing : report_power -file fpga_power_routed.rpt -pb fpga_power_summary_routed.pb -rpx fpga_power_routed.rpx
Command: report_power -file fpga_power_routed.rpt -pb fpga_power_summary_routed.pb -rpx fpga_power_routed.rpx
INFO: [Constraints 18-632] set_output_delay: No clock object specified, the clocks will be automatically identified [D:/FPGA/mqnic_prj/mqnic_prj.srcs/constrs_1/imports/fpga/mqnic/ZCU106/fpga_pcie/fpga.xdc:29]
INFO: [Constraints 18-632] set_input_delay: No clock object specified, the clocks will be automatically identified [D:/FPGA/mqnic_prj/mqnic_prj.srcs/constrs_1/imports/fpga/mqnic/ZCU106/fpga_pcie/fpga.xdc:45]
INFO: [Constraints 18-632] set_input_delay: No clock object specified, the clocks will be automatically identified [D:/FPGA/mqnic_prj/mqnic_prj.srcs/constrs_1/imports/fpga/mqnic/ZCU106/fpga_pcie/fpga.xdc:58]
INFO: [Constraints 18-632] set_output_delay: No clock object specified, the clocks will be automatically identified [D:/FPGA/mqnic_prj/mqnic_prj.srcs/constrs_1/imports/fpga/mqnic/ZCU106/fpga_pcie/fpga.xdc:78]
INFO: [Constraints 18-632] set_input_delay: No clock object specified, the clocks will be automatically identified [D:/FPGA/mqnic_prj/mqnic_prj.srcs/constrs_1/imports/fpga/mqnic/ZCU106/fpga_pcie/fpga.xdc:80]
INFO: [Constraints 18-632] set_output_delay: No clock object specified, the clocks will be automatically identified [D:/FPGA/mqnic_prj/mqnic_prj.srcs/constrs_1/imports/fpga/mqnic/ZCU106/fpga_pcie/fpga.xdc:104]
INFO: [Constraints 18-632] set_input_delay: No clock object specified, the clocks will be automatically identified [D:/FPGA/mqnic_prj/mqnic_prj.srcs/constrs_1/imports/fpga/mqnic/ZCU106/fpga_pcie/fpga.xdc:131]
INFO: [Timing 38-35] Done setting XDC timing constraints.
Running Vector-less Activity Propagation...

Finished Running Vector-less Activity Propagation
219 Infos, 61 Warnings, 0 Critical Warnings and 0 Errors encountered.
report_power completed successfully
report_power: Time (s): cpu = 00:00:25 ; elapsed = 00:00:16 . Memory (MB): peak = 5592.070 ; gain = 0.000
INFO: [runtcl-4] Executing : report_route_status -file fpga_route_status.rpt -pb fpga_route_status.pb
INFO: [runtcl-4] Executing : report_timing_summary -max_paths 10 -file fpga_timing_summary_routed.rpt -pb fpga_timing_summary_routed.pb -rpx fpga_timing_summary_routed.rpx -warn_on_violation 
INFO: [Timing 38-91] UpdateTimingParams: Speed grade: -2, Temperature grade: E, Delay Type: min_max.
INFO: [Timing 38-191] Multithreading enabled for timing update using a maximum of 2 CPUs
WARNING: [Timing 38-436] There are set_bus_skew constraint(s) in this design. Please run report_bus_skew to ensure that bus skew requirements are met.
INFO: [runtcl-4] Executing : report_incremental_reuse -file fpga_incremental_reuse_routed.rpt
INFO: [Vivado_Tcl 4-1062] Incremental flow is disabled. No incremental reuse Info to report.
INFO: [runtcl-4] Executing : report_clock_utilization -file fpga_clock_utilization_routed.rpt
INFO: [runtcl-4] Executing : report_bus_skew -warn_on_violation -file fpga_bus_skew_routed.rpt -pb fpga_bus_skew_routed.pb -rpx fpga_bus_skew_routed.rpx
INFO: [Timing 38-91] UpdateTimingParams: Speed grade: -2, Temperature grade: E, Delay Type: min_max.
INFO: [Timing 38-191] Multithreading enabled for timing update using a maximum of 2 CPUs
INFO: [Timing 38-480] Writing timing data to binary archive.
Write ShapeDB Complete: Time (s): cpu = 00:00:01 ; elapsed = 00:00:00.136 . Memory (MB): peak = 5592.070 ; gain = 0.000
Wrote PlaceDB: Time (s): cpu = 00:00:06 ; elapsed = 00:00:02 . Memory (MB): peak = 5592.070 ; gain = 0.000
Wrote PulsedLatchDB: Time (s): cpu = 00:00:00 ; elapsed = 00:00:00 . Memory (MB): peak = 5592.070 ; gain = 0.000
Writing XDEF routing.
Writing XDEF routing logical nets.
Writing XDEF routing special nets.
Wrote RouteStorage: Time (s): cpu = 00:00:01 ; elapsed = 00:00:00.521 . Memory (MB): peak = 5592.070 ; gain = 0.000
Wrote Netlist Cache: Time (s): cpu = 00:00:01 ; elapsed = 00:00:00.064 . Memory (MB): peak = 5592.070 ; gain = 0.000
Wrote Device Cache: Time (s): cpu = 00:00:00 ; elapsed = 00:00:00.022 . Memory (MB): peak = 5592.070 ; gain = 0.000
Write Physdb Complete: Time (s): cpu = 00:00:08 ; elapsed = 00:00:03 . Memory (MB): peak = 5592.070 ; gain = 0.000
INFO: [Common 17-1381] The checkpoint 'D:/FPGA/mqnic_prj/mqnic_prj.runs/impl_1/fpga_routed.dcp' has been generated.
write_checkpoint: Time (s): cpu = 00:00:11 ; elapsed = 00:00:06 . Memory (MB): peak = 5592.070 ; gain = 0.000
Command: write_bitstream -force fpga.bit
Attempting to get a license for feature 'Implementation' and/or device 'xczu7ev'
INFO: [Common 17-349] Got license for feature 'Implementation' and/or device 'xczu7ev'
Running DRC as a precondition to command write_bitstream
INFO: [IP_Flow 19-1839] IP Catalog is up to date.
INFO: [DRC 23-27] Running DRC with 2 threads
WARNING: [DRC PDCN-1569] LUT equation term check: Used physical LUT pin 'A2' of cell dbg_hub/inst/BSCANID.u_xsdbm_id/SWITCH_N_EXT_BSCAN.bscan_switch/temp_curid[31]_i_1 (pin dbg_hub/inst/BSCANID.u_xsdbm_id/SWITCH_N_EXT_BSCAN.bscan_switch/temp_curid[31]_i_1/I1) is not included in the LUT equation: 'O5=(A5*A1)+(A5*(~A1)*(~A4))+((~A5))'. If this cell is a user instantiated LUT in the design, please remove connectivity to the pin or change the equation and/or INIT string of the LUT to prevent this issue. If the cell is inferred or IP created LUT, please regenerate the IP and/or resynthesize the design to attempt to correct the issue.
WARNING: [DRC PDCN-1569] LUT equation term check: Used physical LUT pin 'A3' of cell dbg_hub/inst/BSCANID.u_xsdbm_id/SWITCH_N_EXT_BSCAN.bscan_switch/temp_curid[31]_i_1 (pin dbg_hub/inst/BSCANID.u_xsdbm_id/SWITCH_N_EXT_BSCAN.bscan_switch/temp_curid[31]_i_1/I0) is not included in the LUT equation: 'O5=(A5*A1)+(A5*(~A1)*(~A4))+((~A5))'. If this cell is a user instantiated LUT in the design, please remove connectivity to the pin or change the equation and/or INIT string of the LUT to prevent this issue. If the cell is inferred or IP created LUT, please regenerate the IP and/or resynthesize the design to attempt to correct the issue.
WARNING: [DRC PDCN-1569] LUT equation term check: Used physical LUT pin 'A4' of cell dbg_hub/inst/BSCANID.u_xsdbm_id/SWITCH_N_EXT_BSCAN.id_state[0]_i_1 (pin dbg_hub/inst/BSCANID.u_xsdbm_id/SWITCH_N_EXT_BSCAN.id_state[0]_i_1/I0) is not included in the LUT equation: 'O6=(A6+~A6)*((A1))'. If this cell is a user instantiated LUT in the design, please remove connectivity to the pin or change the equation and/or INIT string of the LUT to prevent this issue. If the cell is inferred or IP created LUT, please regenerate the IP and/or resynthesize the design to attempt to correct the issue.
WARNING: [DRC RTSTAT-10] No routable loads: 25 net(s) have no routable loads. The problem bus(es) and/or net(s) are dbg_hub/inst/BSCANID.u_xsdbm_id/SWITCH_N_EXT_BSCAN.bscan_inst/TMS, dbg_hub/inst/BSCANID.u_xsdbm_id/CORE_XSDB.UUT_MASTER/U_ICON_INTERFACE/U_CMD6_RD/U_RD_FIFO/SUBCORE_FIFO.xsdbm_v3_0_0_rdfifo_inst/inst_fifo_gen/gconvfifo.rf/grf.rf/gntv_or_sync_fifo.gl0.rd/gr1.gr1_int.rfwft/aempty_fwft_i, dbg_hub/inst/BSCANID.u_xsdbm_id/CORE_XSDB.UUT_MASTER/U_ICON_INTERFACE/U_CMD7_CTL/ctl_reg[2:0], dbg_hub/inst/BSCANID.u_xsdbm_id/CORE_XSDB.UUT_MASTER/U_ICON_INTERFACE/U_CMD1/ctl_reg_en_2[1], dbg_hub/inst/BSCANID.u_xsdbm_id/CORE_XSDB.UUT_MASTER/U_ICON_INTERFACE/U_CMD7_CTL/ctl_reg_en_2[1], dbg_hub/inst/BSCANID.u_xsdbm_id/SWITCH_N_EXT_BSCAN.bscan_switch/m_bscan_capture[0], dbg_hub/inst/BSCANID.u_xsdbm_id/SWITCH_N_EXT_BSCAN.bscan_switch/m_bscan_drck[0], dbg_hub/inst/BSCANID.u_xsdbm_id/SWITCH_N_EXT_BSCAN.bscan_switch/m_bscan_runtest[0], dbg_hub/inst/BSCANID.u_xsdbm_id/CORE_XSDB.UUT_MASTER/U_ICON_INTERFACE/U_CMD6_WR/U_WR_FIFO/SUBCORE_FIFO.xsdbm_v3_0_0_wrfifo_inst/inst_fifo_gen/gconvfifo.rf/grf.rf/rstblk/ngwrdrst.grst.rd_rst_reg[0], dbg_hub/inst/BSCANID.u_xsdbm_id/CORE_XSDB.UUT_MASTER/U_ICON_INTERFACE/U_CMD6_RD/U_RD_FIFO/SUBCORE_FIFO.xsdbm_v3_0_0_rdfifo_inst/inst_fifo_gen/gconvfifo.rf/grf.rf/rstblk/ngwrdrst.grst.wr_rst_reg[2], dbg_hub/inst/BSCANID.u_xsdbm_id/CORE_XSDB.UUT_MASTER/U_ICON_INTERFACE/U_CMD6_WR/U_WR_FIFO/SUBCORE_FIFO.xsdbm_v3_0_0_wrfifo_inst/inst_fifo_gen/gconvfifo.rf/grf.rf/rstblk/ngwrdrst.grst.wr_rst_reg[2], dbg_hub/inst/BSCANID.u_xsdbm_id/CORE_XSDB.UUT_MASTER/U_ICON_INTERFACE/U_CMD6_RD/U_RD_FIFO/SUBCORE_FIFO.xsdbm_v3_0_0_rdfifo_inst/inst_fifo_gen/gconvfifo.rf/grf.rf/gntv_or_sync_fifo.gl0.wr/gwhf.whf/overflow, dbg_hub/inst/BSCANID.u_xsdbm_id/CORE_XSDB.UUT_MASTER/U_ICON_INTERFACE/U_CMD6_WR/U_WR_FIFO/SUBCORE_FIFO.xsdbm_v3_0_0_wrfifo_inst/inst_fifo_gen/gconvfifo.rf/grf.rf/gntv_or_sync_fifo.gl0.wr/gwhf.whf/overflow, dbg_hub/inst/BSCANID.u_xsdbm_id/CORE_XSDB.UUT_MASTER/U_ICON_INTERFACE/U_CMD6_RD/U_RD_FIFO/SUBCORE_FIFO.xsdbm_v3_0_0_rdfifo_inst/inst_fifo_gen/gconvfifo.rf/grf.rf/gntv_or_sync_fifo.gl0.rd/gras.rsts/ram_empty_i, dbg_hub/inst/BSCANID.u_xsdbm_id/CORE_XSDB.UUT_MASTER/U_ICON_INTERFACE/U_CMD6_WR/U_WR_FIFO/SUBCORE_FIFO.xsdbm_v3_0_0_wrfifo_inst/inst_fifo_gen/gconvfifo.rf/grf.rf/gntv_or_sync_fifo.gl0.wr/gwas.wsts/ram_full_i... and (the first 15 of 23 listed).
INFO: [Vivado 12-3199] DRC finished with 0 Errors, 4 Warnings
INFO: [Vivado 12-3200] Please refer to the DRC report (report_drc) for more information.
INFO: [Designutils 20-2272] Running write_bitstream with 2 threads.
Loading data files...
Loading site data...
Loading route data...
Processing options...
Creating bitmap...
Creating bitstream...
Bitstream compression saved 78375008 bits.
Writing bitstream ./fpga.bit...
INFO: [Vivado 12-1842] Bitgen Completed Successfully.
INFO: [Project 1-1876] WebTalk data collection is mandatory when using a ULT device. To see the specific WebTalk data collected for your design, open the usage_statistics_webtalk.html or usage_statistics_webtalk.xml file in the implementation directory.
INFO: [Common 17-83] Releasing license: Implementation
14 Infos, 4 Warnings, 0 Critical Warnings and 0 Errors encountered.
write_bitstream completed successfully
write_bitstream: Time (s): cpu = 00:00:58 ; elapsed = 00:00:47 . Memory (MB): peak = 5632.645 ; gain = 40.574
INFO: [Common 17-206] Exiting Vivado at Thu Sep 10 19:34:53 2026...
[Thu Sep 10 19:34:53 2026] impl_1 finished
wait_on_runs: Time (s): cpu = 00:00:07 ; elapsed = 00:08:46 . Memory (MB): peak = 5639.680 ; gain = 0.000
open_run impl_1
Netlist sorting complete. Time (s): cpu = 00:00:00 ; elapsed = 00:00:00.856 . Memory (MB): peak = 5639.680 ; gain = 0.000
INFO: [Netlist 29-17] Analyzing 1927 Unisim elements for replacement
INFO: [Netlist 29-28] Unisim Transformation completed in 1 CPU seconds
INFO: [Project 1-479] Netlist was created with Vivado 2023.2
INFO: [Project 1-570] Preparing netlist for logic optimization
Read ShapeDB Complete: Time (s): cpu = 00:00:00 ; elapsed = 00:00:00.227 . Memory (MB): peak = 5639.680 ; gain = 0.000
INFO: [Timing 38-478] Restoring timing data from binary archive.
INFO: [Timing 38-479] Binary timing data restore complete.
INFO: [Project 1-856] Restoring constraints from binary archive.
INFO: [Project 1-853] Binary constraint restore complete.
INFO: [Designutils 20-5722] Start Reading Physical Databases.
Reading placement.
Read Netlist Cache: Time (s): cpu = 00:00:00 ; elapsed = 00:00:00.052 . Memory (MB): peak = 5639.680 ; gain = 0.000
Reading placer database...
Read Device Cache: Time (s): cpu = 00:00:00 ; elapsed = 00:00:00.030 . Memory (MB): peak = 5639.680 ; gain = 0.000
Read PlaceDB: Time (s): cpu = 00:00:02 ; elapsed = 00:00:02 . Memory (MB): peak = 5639.680 ; gain = 0.000
Read PulsedLatchDB: Time (s): cpu = 00:00:00 ; elapsed = 00:00:00.001 . Memory (MB): peak = 5639.680 ; gain = 0.000
Reading routing.
Read RouteStorage: Time (s): cpu = 00:00:01 ; elapsed = 00:00:00.777 . Memory (MB): peak = 5639.680 ; gain = 0.000
Read Physdb Files: Time (s): cpu = 00:00:03 ; elapsed = 00:00:03 . Memory (MB): peak = 5639.680 ; gain = 0.000
Restored from archive | CPU: 3.000000 secs | Memory: 0.000000 MB |
Finished XDEF File Restore: Time (s): cpu = 00:00:03 ; elapsed = 00:00:03 . Memory (MB): peak = 5639.680 ; gain = 0.000
Netlist sorting complete. Time (s): cpu = 00:00:00 ; elapsed = 00:00:00.013 . Memory (MB): peak = 5639.680 ; gain = 0.000
INFO: [Project 1-111] Unisim Transformation Summary:
  A total of 907 instances were transformed.
  CFGLUT5 => CFGLUT5 (SRL16E, SRLC32E): 88 instances
  IBUF => IBUF (IBUFCTRL, INBUF): 1 instance 
  IBUFGDS => IBUFDS (DIFFINBUF, IBUFCTRL): 1 instance 
  IOBUF => IOBUF (IBUFCTRL, INBUF, OBUFT): 2 instances
  OBUFTDS => OBUFTDS_DUAL_BUF (INV, OBUFT(x2)): 1 instance 
  RAM128X1D => RAM128X1D (MUXF7(x2), RAMD64E(x4)): 6 instances
  RAM256X1D => RAM256X1D (MUXF7(x4), MUXF8(x2), RAMD64E(x8)): 15 instances
  RAM256X1S => RAM256X1S (MUXF7(x2), MUXF8, RAMS64E(x4)): 4 instances
  RAM32M => RAM32M (RAMD32(x6), RAMS32(x2)): 21 instances
  RAM32M16 => RAM32M16 (RAMD32(x14), RAMS32(x2)): 211 instances
  RAM32X1D => RAM32X1D (RAMD32(x2)): 91 instances
  RAM32X1S => RAM32X1S (RAMS32): 48 instances
  RAM64M => RAM64M (RAMD64E(x4)): 33 instances
  RAM64M8 => RAM64M8 (RAMD64E(x8)): 358 instances
  RAM64X1D => RAM64X1D (RAMD64E(x2)): 8 instances
  RAM64X1S => RAM64X1S (RAMS64E): 19 instances

open_run: Time (s): cpu = 00:00:27 ; elapsed = 00:00:20 . Memory (MB): peak = 5910.281 ; gain = 270.602
impl_1
puts "DEBUG CORES = [get_debug_cores]"
DEBUG CORES = dbg_hub u_ila_0
puts "ILA CLK = [get_nets -of_objects [get_pins u_ila_1/clk]]"
WARNING: [Vivado 12-508] No pins matched 'u_ila_1/clk'.
WARNING: [Vivado 12-1023] No nets matched for command 'get_nets -of_objects [get_pins u_ila_1/clk]'.
ILA CLK = 
puts "HUB CLK = [get_nets -of_objects [get_pins dbg_hub/clk]]"
HUB CLK = clk_125mhz_int
puts "HUB FREQ = [get_property C_CLK_INPUT_FREQ_HZ [get_debug_cores dbg_hub]]"
HUB FREQ = 125000000
puts "HUB DIVIDER = [get_property C_ENABLE_CLK_DIVIDER [get_debug_cores dbg_hub]]"
HUB DIVIDER = false
puts "ILA CLK = [get_nets -of_objects [get_pins u_ila_1/clk]]"
WARNING: [Vivado 12-508] No pins matched 'u_ila_1/clk'.
WARNING: [Vivado 12-1023] No nets matched for command 'get_nets -of_objects [get_pins u_ila_1/clk]'.
ILA CLK = 
puts "ILA CLK = [get_nets -of_objects [get_pins u_ila_0/clk]]"
ILA CLK = clk_125mhz_int
puts "STATUS = [get_property STATUS [get_runs impl_1]]"
STATUS = write_bitstream Complete!
puts "PROGRESS = [get_property PROGRESS [get_runs impl_1]]"
PROGRESS = 100%
write_debug_probes -force \
"D:/FPGA/mqnic_prj/mqnic_prj.runs/impl_1/fpga_125m_current.ltx"
D:/FPGA/mqnic_prj/mqnic_prj.runs/impl_1/fpga_125m_current.ltx
set dev [get_hw_devices xczu7_0]
WARNING: [Labtoolstcl 44-128] No matching hw_devices were found.
ERROR: [Labtoolstcl 44-513] HW Target shutdown. Closing target: localhost:3121/xilinx_tcf/Xilinx/86767
INFO: [Labtoolstcl 44-466] Opening hw_target localhost:3121/xilinx_tcf/Xilinx/86767
CRITICAL WARNING: [Labtools 27-3421] xczu7_1 PL Power Status OFF, cannot connect PL TAP.  Check POR_B signal.
WARNING: [Labtoolstcl 44-129] No matching hw_ila_data was found.
CRITICAL WARNING: [Labtools 27-3421] xczu7_1 PL Power Status OFF, cannot connect PL TAP.  Check POR_B signal.
INFO: [Labtools 27-1435] Device xczu7 (JTAG device index = 1) is not programmed (DONE status = 0).
WARNING: [Labtoolstcl 44-129] No matching hw_ila_data was found.
set_property PROBES.FILE {D:/FPGA/mqnic_prj/mqnic_prj.runs/impl_1/fpga_125m_current.ltx} [get_hw_devices xczu7_1]
set_property FULL_PROBES.FILE {D:/FPGA/mqnic_prj/mqnic_prj.runs/impl_1/fpga_125m_current.ltx} [get_hw_devices xczu7_1]
set_property PROGRAM.FILE {D:/FPGA/mqnic_prj/mqnic_prj.runs/impl_1/fpga.bit} [get_hw_devices xczu7_1]
program_hw_devices [get_hw_devices xczu7_1]
ERROR: [Labtools 27-3755] PL Power Status OFF, cannot program PL. Check that POR_B signal is LOW or BOOT mode is JTAG.
ERROR: [Labtoolstcl 44-513] HW Target shutdown. Closing target: localhost:3121/xilinx_tcf/Xilinx/86767
exit
INFO: [Common 17-206] Exiting Vivado at Thu Sep 10 19:45:37 2026...
