Copyright 1986-2022 Xilinx, Inc. All Rights Reserved. Copyright 2022-2023 Advanced Micro Devices, Inc. All Rights Reserved.
--------------------------------------------------------------------------------------------------------------------------------------------------
| Tool Version      : Vivado v.2023.2 (win64) Build 4029153 Fri Oct 13 20:14:34 MDT 2023
| Date              : Thu Sep 10 19:34:00 2026
| Host              : DESKTOP-JBLB3NJ running 64-bit major release  (build 9200)
| Command           : report_bus_skew -warn_on_violation -file fpga_bus_skew_routed.rpt -pb fpga_bus_skew_routed.pb -rpx fpga_bus_skew_routed.rpx
| Design            : fpga
| Device            : xczu7ev-ffvc1156
| Speed File        : -2  PRODUCTION 1.30 05-15-2022
| Design State      : Routed
| Temperature Grade : E
--------------------------------------------------------------------------------------------------------------------------------------------------

Bus Skew Report

Table of Contents
-----------------
1. Bus Skew Report Summary
2. Bus Skew Report Per Constraint

1. Bus Skew Report Summary
--------------------------

Id  Position  From                            To                              Corner  Requirement(ns)  Actual(ns)  Slack(ns)
--  --------  ------------------------------  ------------------------------  ------  ---------------  ----------  ---------
1   160       [get_cells {{core_inst/core_inst/core_pcie_inst/core_inst/iface[0].interface_inst/port[0].port_inst/port_rx_inst/rx_async_fifo_inst/fifo_inst/rd_ptr_reg_reg[*]} {core_inst/core_inst/core_pcie_inst/core_inst/iface[0].interface_inst/port[0].port_inst/port_rx_inst/rx_async_fifo_inst/fifo_inst/rd_ptr_gray_reg_reg[*]}}]
                                              [get_cells {core_inst/core_inst/core_pcie_inst/core_inst/iface[0].interface_inst/port[0].port_inst/port_rx_inst/rx_async_fifo_inst/fifo_inst/rd_ptr_gray_sync1_reg_reg[*]}]
                                                                              Slow              8.000       0.515      7.485
2   162       [get_cells -quiet {{core_inst/core_inst/core_pcie_inst/core_inst/iface[0].interface_inst/port[0].port_inst/port_rx_inst/rx_async_fifo_inst/fifo_inst/wr_ptr_reg_reg[*]} {core_inst/core_inst/core_pcie_inst/core_inst/iface[0].interface_inst/port[0].port_inst/port_rx_inst/rx_async_fifo_inst/fifo_inst/wr_ptr_gray_reg_reg[*]}}]
                                              [get_cells {core_inst/core_inst/core_pcie_inst/core_inst/iface[0].interface_inst/port[0].port_inst/port_rx_inst/rx_async_fifo_inst/fifo_inst/wr_ptr_gray_sync1_reg_reg[*]}]
                                                                              Slow              4.000       1.613      2.387
3   166       [get_cells {{core_inst/core_inst/core_pcie_inst/core_inst/iface[0].interface_inst/port[0].port_inst/port_tx_inst/tx_cpl_fifo_inst/rd_ptr_reg_reg[*]} {core_inst/core_inst/core_pcie_inst/core_inst/iface[0].interface_inst/port[0].port_inst/port_tx_inst/tx_cpl_fifo_inst/rd_ptr_gray_reg_reg[*]}}]
                                              [get_cells {core_inst/core_inst/core_pcie_inst/core_inst/iface[0].interface_inst/port[0].port_inst/port_tx_inst/tx_cpl_fifo_inst/rd_ptr_gray_sync1_reg_reg[*]}]
                                                                              Slow              8.000       0.402      7.598
4   168       [get_cells -quiet {{core_inst/core_inst/core_pcie_inst/core_inst/iface[0].interface_inst/port[0].port_inst/port_tx_inst/tx_cpl_fifo_inst/wr_ptr_reg_reg[*]} {core_inst/core_inst/core_pcie_inst/core_inst/iface[0].interface_inst/port[0].port_inst/port_tx_inst/tx_cpl_fifo_inst/wr_ptr_gray_reg_reg[*]}}]
                                              [get_cells {core_inst/core_inst/core_pcie_inst/core_inst/iface[0].interface_inst/port[0].port_inst/port_tx_inst/tx_cpl_fifo_inst/wr_ptr_gray_sync1_reg_reg[*]}]
                                                                              Slow              4.000       0.549      3.451
5   171       [get_cells {{core_inst/core_inst/core_pcie_inst/core_inst/iface[0].interface_inst/port[0].port_inst/port_tx_inst/tx_async_fifo_inst/fifo_inst/rd_ptr_reg_reg[*]} {core_inst/core_inst/core_pcie_inst/core_inst/iface[0].interface_inst/port[0].port_inst/port_tx_inst/tx_async_fifo_inst/fifo_inst/rd_ptr_gray_reg_reg[*]}}]
                                              [get_cells {core_inst/core_inst/core_pcie_inst/core_inst/iface[0].interface_inst/port[0].port_inst/port_tx_inst/tx_async_fifo_inst/fifo_inst/rd_ptr_gray_sync1_reg_reg[*]}]
                                                                              Slow              4.000       0.409      3.591
6   173       [get_cells -quiet {core_inst/core_inst/core_pcie_inst/core_inst/iface[0].interface_inst/port[0].port_inst/port_tx_inst/tx_async_fifo_inst/fifo_inst/wr_ptr_sync_commit_reg_reg[*]}]
                                              [get_cells {core_inst/core_inst/core_pcie_inst/core_inst/iface[0].interface_inst/port[0].port_inst/port_tx_inst/tx_async_fifo_inst/fifo_inst/wr_ptr_commit_sync_reg_reg[*]}]
                                                                              Slow              8.000       0.560      7.440
7   181       [get_cells {{core_inst/eth_mac_inst/rx_fifo/fifo_inst/rd_ptr_reg_reg[*]} {core_inst/eth_mac_inst/rx_fifo/fifo_inst/rd_ptr_gray_reg_reg[*]}}]
                                              [get_cells {core_inst/eth_mac_inst/rx_fifo/fifo_inst/rd_ptr_gray_sync1_reg_reg[*]}]
                                                                              Slow              8.000       0.511      7.489
8   183       [get_cells -quiet {core_inst/eth_mac_inst/rx_fifo/fifo_inst/wr_ptr_sync_commit_reg_reg[*]}]
                                              [get_cells {core_inst/eth_mac_inst/rx_fifo/fifo_inst/wr_ptr_commit_sync_reg_reg[*]}]
                                                                              Slow              8.000       0.485      7.515
9   188       [get_cells {{core_inst/eth_mac_inst/tx_fifo/fifo_inst/rd_ptr_reg_reg[*]} {core_inst/eth_mac_inst/tx_fifo/fifo_inst/rd_ptr_gray_reg_reg[*]}}]
                                              [get_cells {core_inst/eth_mac_inst/tx_fifo/fifo_inst/rd_ptr_gray_sync1_reg_reg[*]}]
                                                                              Slow              8.000       0.624      7.376
10  190       [get_cells -quiet {core_inst/eth_mac_inst/tx_fifo/fifo_inst/wr_ptr_sync_commit_reg_reg[*]}]
                                              [get_cells {core_inst/eth_mac_inst/tx_fifo/fifo_inst/wr_ptr_commit_sync_reg_reg[*]}]
                                                                              Slow              8.000       0.681      7.319
11  197       [get_cells {core_inst/core_inst/core_pcie_inst/core_inst/mqnic_ptp_inst/ptp_clock_inst/ptp_td_leaf_inst/td_tdata_reg_reg[*]}]
                                              [get_cells {core_inst/core_inst/core_pcie_inst/core_inst/mqnic_ptp_inst/ptp_clock_inst/ptp_td_leaf_inst/dst_td_tdata_reg_reg[*]}]
                                                                              Slow              8.000       0.884      7.116
12  199       [get_cells {core_inst/core_inst/core_pcie_inst/core_inst/mqnic_ptp_inst/ptp_clock_inst/ptp_td_leaf_inst/td_tid_reg_reg[*]}]
                                              [get_cells {core_inst/core_inst/core_pcie_inst/core_inst/mqnic_ptp_inst/ptp_clock_inst/ptp_td_leaf_inst/dst_td_tid_reg_reg[*]}]
                                                                              Slow              8.000       0.550      7.450
13  202       [get_cells {core_inst/core_inst/core_pcie_inst/core_inst/mqnic_ptp_inst/ptp_clock_inst/ptp_td_leaf_inst/src_ns_reg_reg[*]}]
                                              [get_cells {core_inst/core_inst/core_pcie_inst/core_inst/mqnic_ptp_inst/ptp_clock_inst/ptp_td_leaf_inst/src_ns_sync_reg_reg[*]}]
                                                                              Slow              8.000       0.452      7.548
14  207       [get_cells {core_inst/core_inst/core_pcie_inst/core_inst/mqnic_ptp_inst/ptp_clock_inst/ptp_td_leaf_inst/sample_acc_out_reg_reg[*]}]
                                              [get_cells {core_inst/core_inst/core_pcie_inst/core_inst/mqnic_ptp_inst/ptp_clock_inst/ptp_td_leaf_inst/sample_acc_sync_reg_reg[*]}]
                                                                              Slow              4.000       0.371      3.629
15  250       [get_cells [list {dbg_hub/inst/BSCANID.u_xsdbm_id/CORE_XSDB.UUT_MASTER/U_ICON_INTERFACE/U_CMD6_RD/U_RD_FIFO/SUBCORE_FIFO.xsdbm_v3_0_0_rdfifo_inst/inst_fifo_gen/gconvfifo.rf/grf.rf/gntv_or_sync_fifo.gcx.clkx/gnxpm_cdc.rd_pntr_gc_reg[0]} {dbg_hub/inst/BSCANID.u_xsdbm_id/CORE_XSDB.UUT_MASTER/U_ICON_INTERFACE/U_CMD6_RD/U_RD_FIFO/SUBCORE_FIFO.xsdbm_v3_0_0_rdfifo_inst/inst_fifo_gen/gconvfifo.rf/grf.rf/gntv_or_sync_fifo.gcx.clkx/gnxpm_cdc.rd_pntr_gc_reg[1]} {dbg_hub/inst/BSCANID.u_xsdbm_id/CORE_XSDB.UUT_MASTER/U_ICON_INTERFACE/U_CMD6_RD/U_RD_FIFO/SUBCORE_FIFO.xsdbm_v3_0_0_rdfifo_inst/inst_fifo_gen/gconvfifo.rf/grf.rf/gntv_or_sync_fifo.gcx.clkx/gnxpm_cdc.rd_pntr_gc_reg[2]} {dbg_hub/inst/BSCANID.u_xsdbm_id/CORE_XSDB.UUT_MASTER/U_ICON_INTERFACE/U_CMD6_RD/U_RD_FIFO/SUBCORE_FIFO.xsdbm_v3_0_0_rdfifo_inst/inst_fifo_gen/gconvfifo.rf/grf.rf/gntv_or_sync_fifo.gcx.clkx/gnxpm_cdc.rd_pntr_gc_reg[3]}]]
                                              [get_cells [list {dbg_hub/inst/BSCANID.u_xsdbm_id/CORE_XSDB.UUT_MASTER/U_ICON_INTERFACE/U_CMD6_RD/U_RD_FIFO/SUBCORE_FIFO.xsdbm_v3_0_0_rdfifo_inst/inst_fifo_gen/gconvfifo.rf/grf.rf/gntv_or_sync_fifo.gcx.clkx/gnxpm_cdc.gsync_stage[1].wr_stg_inst/Q_reg_reg[0]} {dbg_hub/inst/BSCANID.u_xsdbm_id/CORE_XSDB.UUT_MASTER/U_ICON_INTERFACE/U_CMD6_RD/U_RD_FIFO/SUBCORE_FIFO.xsdbm_v3_0_0_rdfifo_inst/inst_fifo_gen/gconvfifo.rf/grf.rf/gntv_or_sync_fifo.gcx.clkx/gnxpm_cdc.gsync_stage[1].wr_stg_inst/Q_reg_reg[1]} {dbg_hub/inst/BSCANID.u_xsdbm_id/CORE_XSDB.UUT_MASTER/U_ICON_INTERFACE/U_CMD6_RD/U_RD_FIFO/SUBCORE_FIFO.xsdbm_v3_0_0_rdfifo_inst/inst_fifo_gen/gconvfifo.rf/grf.rf/gntv_or_sync_fifo.gcx.clkx/gnxpm_cdc.gsync_stage[1].wr_stg_inst/Q_reg_reg[2]} {dbg_hub/inst/BSCANID.u_xsdbm_id/CORE_XSDB.UUT_MASTER/U_ICON_INTERFACE/U_CMD6_RD/U_RD_FIFO/SUBCORE_FIFO.xsdbm_v3_0_0_rdfifo_inst/inst_fifo_gen/gconvfifo.rf/grf.rf/gntv_or_sync_fifo.gcx.clkx/gnxpm_cdc.gsync_stage[1].wr_stg_inst/Q_reg_reg[3]}]]
                                                                              Slow              8.000       0.484      7.516
16  252       [get_cells [list {dbg_hub/inst/BSCANID.u_xsdbm_id/CORE_XSDB.UUT_MASTER/U_ICON_INTERFACE/U_CMD6_RD/U_RD_FIFO/SUBCORE_FIFO.xsdbm_v3_0_0_rdfifo_inst/inst_fifo_gen/gconvfifo.rf/grf.rf/gntv_or_sync_fifo.gcx.clkx/gnxpm_cdc.wr_pntr_gc_reg[0]} {dbg_hub/inst/BSCANID.u_xsdbm_id/CORE_XSDB.UUT_MASTER/U_ICON_INTERFACE/U_CMD6_RD/U_RD_FIFO/SUBCORE_FIFO.xsdbm_v3_0_0_rdfifo_inst/inst_fifo_gen/gconvfifo.rf/grf.rf/gntv_or_sync_fifo.gcx.clkx/gnxpm_cdc.wr_pntr_gc_reg[1]} {dbg_hub/inst/BSCANID.u_xsdbm_id/CORE_XSDB.UUT_MASTER/U_ICON_INTERFACE/U_CMD6_RD/U_RD_FIFO/SUBCORE_FIFO.xsdbm_v3_0_0_rdfifo_inst/inst_fifo_gen/gconvfifo.rf/grf.rf/gntv_or_sync_fifo.gcx.clkx/gnxpm_cdc.wr_pntr_gc_reg[2]} {dbg_hub/inst/BSCANID.u_xsdbm_id/CORE_XSDB.UUT_MASTER/U_ICON_INTERFACE/U_CMD6_RD/U_RD_FIFO/SUBCORE_FIFO.xsdbm_v3_0_0_rdfifo_inst/inst_fifo_gen/gconvfifo.rf/grf.rf/gntv_or_sync_fifo.gcx.clkx/gnxpm_cdc.wr_pntr_gc_reg[3]}]]
                                              [get_cells [list {dbg_hub/inst/BSCANID.u_xsdbm_id/CORE_XSDB.UUT_MASTER/U_ICON_INTERFACE/U_CMD6_RD/U_RD_FIFO/SUBCORE_FIFO.xsdbm_v3_0_0_rdfifo_inst/inst_fifo_gen/gconvfifo.rf/grf.rf/gntv_or_sync_fifo.gcx.clkx/gnxpm_cdc.gsync_stage[1].rd_stg_inst/Q_reg_reg[0]} {dbg_hub/inst/BSCANID.u_xsdbm_id/CORE_XSDB.UUT_MASTER/U_ICON_INTERFACE/U_CMD6_RD/U_RD_FIFO/SUBCORE_FIFO.xsdbm_v3_0_0_rdfifo_inst/inst_fifo_gen/gconvfifo.rf/grf.rf/gntv_or_sync_fifo.gcx.clkx/gnxpm_cdc.gsync_stage[1].rd_stg_inst/Q_reg_reg[1]} {dbg_hub/inst/BSCANID.u_xsdbm_id/CORE_XSDB.UUT_MASTER/U_ICON_INTERFACE/U_CMD6_RD/U_RD_FIFO/SUBCORE_FIFO.xsdbm_v3_0_0_rdfifo_inst/inst_fifo_gen/gconvfifo.rf/grf.rf/gntv_or_sync_fifo.gcx.clkx/gnxpm_cdc.gsync_stage[1].rd_stg_inst/Q_reg_reg[2]} {dbg_hub/inst/BSCANID.u_xsdbm_id/CORE_XSDB.UUT_MASTER/U_ICON_INTERFACE/U_CMD6_RD/U_RD_FIFO/SUBCORE_FIFO.xsdbm_v3_0_0_rdfifo_inst/inst_fifo_gen/gconvfifo.rf/grf.rf/gntv_or_sync_fifo.gcx.clkx/gnxpm_cdc.gsync_stage[1].rd_stg_inst/Q_reg_reg[3]}]]
                                                                              Slow              8.000       0.262      7.738
17  255       [get_cells [list {dbg_hub/inst/BSCANID.u_xsdbm_id/CORE_XSDB.UUT_MASTER/U_ICON_INTERFACE/U_CMD6_WR/U_WR_FIFO/SUBCORE_FIFO.xsdbm_v3_0_0_wrfifo_inst/inst_fifo_gen/gconvfifo.rf/grf.rf/gntv_or_sync_fifo.gcx.clkx/gnxpm_cdc.rd_pntr_gc_reg[0]} {dbg_hub/inst/BSCANID.u_xsdbm_id/CORE_XSDB.UUT_MASTER/U_ICON_INTERFACE/U_CMD6_WR/U_WR_FIFO/SUBCORE_FIFO.xsdbm_v3_0_0_wrfifo_inst/inst_fifo_gen/gconvfifo.rf/grf.rf/gntv_or_sync_fifo.gcx.clkx/gnxpm_cdc.rd_pntr_gc_reg[1]} {dbg_hub/inst/BSCANID.u_xsdbm_id/CORE_XSDB.UUT_MASTER/U_ICON_INTERFACE/U_CMD6_WR/U_WR_FIFO/SUBCORE_FIFO.xsdbm_v3_0_0_wrfifo_inst/inst_fifo_gen/gconvfifo.rf/grf.rf/gntv_or_sync_fifo.gcx.clkx/gnxpm_cdc.rd_pntr_gc_reg[2]} {dbg_hub/inst/BSCANID.u_xsdbm_id/CORE_XSDB.UUT_MASTER/U_ICON_INTERFACE/U_CMD6_WR/U_WR_FIFO/SUBCORE_FIFO.xsdbm_v3_0_0_wrfifo_inst/inst_fifo_gen/gconvfifo.rf/grf.rf/gntv_or_sync_fifo.gcx.clkx/gnxpm_cdc.rd_pntr_gc_reg[3]}]]
                                              [get_cells [list {dbg_hub/inst/BSCANID.u_xsdbm_id/CORE_XSDB.UUT_MASTER/U_ICON_INTERFACE/U_CMD6_WR/U_WR_FIFO/SUBCORE_FIFO.xsdbm_v3_0_0_wrfifo_inst/inst_fifo_gen/gconvfifo.rf/grf.rf/gntv_or_sync_fifo.gcx.clkx/gnxpm_cdc.gsync_stage[1].wr_stg_inst/Q_reg_reg[0]} {dbg_hub/inst/BSCANID.u_xsdbm_id/CORE_XSDB.UUT_MASTER/U_ICON_INTERFACE/U_CMD6_WR/U_WR_FIFO/SUBCORE_FIFO.xsdbm_v3_0_0_wrfifo_inst/inst_fifo_gen/gconvfifo.rf/grf.rf/gntv_or_sync_fifo.gcx.clkx/gnxpm_cdc.gsync_stage[1].wr_stg_inst/Q_reg_reg[1]} {dbg_hub/inst/BSCANID.u_xsdbm_id/CORE_XSDB.UUT_MASTER/U_ICON_INTERFACE/U_CMD6_WR/U_WR_FIFO/SUBCORE_FIFO.xsdbm_v3_0_0_wrfifo_inst/inst_fifo_gen/gconvfifo.rf/grf.rf/gntv_or_sync_fifo.gcx.clkx/gnxpm_cdc.gsync_stage[1].wr_stg_inst/Q_reg_reg[2]} {dbg_hub/inst/BSCANID.u_xsdbm_id/CORE_XSDB.UUT_MASTER/U_ICON_INTERFACE/U_CMD6_WR/U_WR_FIFO/SUBCORE_FIFO.xsdbm_v3_0_0_wrfifo_inst/inst_fifo_gen/gconvfifo.rf/grf.rf/gntv_or_sync_fifo.gcx.clkx/gnxpm_cdc.gsync_stage[1].wr_stg_inst/Q_reg_reg[3]}]]
                                                                              Slow              8.000       0.372      7.628
18  257       [get_cells [list {dbg_hub/inst/BSCANID.u_xsdbm_id/CORE_XSDB.UUT_MASTER/U_ICON_INTERFACE/U_CMD6_WR/U_WR_FIFO/SUBCORE_FIFO.xsdbm_v3_0_0_wrfifo_inst/inst_fifo_gen/gconvfifo.rf/grf.rf/gntv_or_sync_fifo.gcx.clkx/gnxpm_cdc.wr_pntr_gc_reg[0]} {dbg_hub/inst/BSCANID.u_xsdbm_id/CORE_XSDB.UUT_MASTER/U_ICON_INTERFACE/U_CMD6_WR/U_WR_FIFO/SUBCORE_FIFO.xsdbm_v3_0_0_wrfifo_inst/inst_fifo_gen/gconvfifo.rf/grf.rf/gntv_or_sync_fifo.gcx.clkx/gnxpm_cdc.wr_pntr_gc_reg[1]} {dbg_hub/inst/BSCANID.u_xsdbm_id/CORE_XSDB.UUT_MASTER/U_ICON_INTERFACE/U_CMD6_WR/U_WR_FIFO/SUBCORE_FIFO.xsdbm_v3_0_0_wrfifo_inst/inst_fifo_gen/gconvfifo.rf/grf.rf/gntv_or_sync_fifo.gcx.clkx/gnxpm_cdc.wr_pntr_gc_reg[2]} {dbg_hub/inst/BSCANID.u_xsdbm_id/CORE_XSDB.UUT_MASTER/U_ICON_INTERFACE/U_CMD6_WR/U_WR_FIFO/SUBCORE_FIFO.xsdbm_v3_0_0_wrfifo_inst/inst_fifo_gen/gconvfifo.rf/grf.rf/gntv_or_sync_fifo.gcx.clkx/gnxpm_cdc.wr_pntr_gc_reg[3]}]]
                                              [get_cells [list {dbg_hub/inst/BSCANID.u_xsdbm_id/CORE_XSDB.UUT_MASTER/U_ICON_INTERFACE/U_CMD6_WR/U_WR_FIFO/SUBCORE_FIFO.xsdbm_v3_0_0_wrfifo_inst/inst_fifo_gen/gconvfifo.rf/grf.rf/gntv_or_sync_fifo.gcx.clkx/gnxpm_cdc.gsync_stage[1].rd_stg_inst/Q_reg_reg[0]} {dbg_hub/inst/BSCANID.u_xsdbm_id/CORE_XSDB.UUT_MASTER/U_ICON_INTERFACE/U_CMD6_WR/U_WR_FIFO/SUBCORE_FIFO.xsdbm_v3_0_0_wrfifo_inst/inst_fifo_gen/gconvfifo.rf/grf.rf/gntv_or_sync_fifo.gcx.clkx/gnxpm_cdc.gsync_stage[1].rd_stg_inst/Q_reg_reg[1]} {dbg_hub/inst/BSCANID.u_xsdbm_id/CORE_XSDB.UUT_MASTER/U_ICON_INTERFACE/U_CMD6_WR/U_WR_FIFO/SUBCORE_FIFO.xsdbm_v3_0_0_wrfifo_inst/inst_fifo_gen/gconvfifo.rf/grf.rf/gntv_or_sync_fifo.gcx.clkx/gnxpm_cdc.gsync_stage[1].rd_stg_inst/Q_reg_reg[2]} {dbg_hub/inst/BSCANID.u_xsdbm_id/CORE_XSDB.UUT_MASTER/U_ICON_INTERFACE/U_CMD6_WR/U_WR_FIFO/SUBCORE_FIFO.xsdbm_v3_0_0_wrfifo_inst/inst_fifo_gen/gconvfifo.rf/grf.rf/gntv_or_sync_fifo.gcx.clkx/gnxpm_cdc.gsync_stage[1].rd_stg_inst/Q_reg_reg[3]}]]
                                                                              Slow              8.000       0.309      7.691


2. Bus Skew Report Per Constraint
---------------------------------

Id: 1
set_bus_skew -from [get_cells {{core_inst/core_inst/core_pcie_inst/core_inst/iface[0].interface_inst/port[0].port_inst/port_rx_inst/rx_async_fifo_inst/fifo_inst/rd_ptr_reg_reg[*]} {core_inst/core_inst/core_pcie_inst/core_inst/iface[0].interface_inst/port[0].port_inst/port_rx_inst/rx_async_fifo_inst/fifo_inst/rd_ptr_gray_reg_reg[*]}}] -to [get_cells {core_inst/core_inst/core_pcie_inst/core_inst/iface[0].interface_inst/port[0].port_inst/port_rx_inst/rx_async_fifo_inst/fifo_inst/rd_ptr_gray_sync1_reg_reg[*]}] 8.000
Requirement: 8.000ns
Endpoints: 6

From Clock            To Clock              Endpoint Pin                    Reference Pin                   Corner  Actual(ns)  Slack(ns)
--------------------  --------------------  ------------------------------  ------------------------------  ------  ----------  ---------
pcie_user_clk         txoutclk_out[0]       core_inst/core_inst/core_pcie_inst/core_inst/iface[0].interface_inst/port[0].port_inst/port_rx_inst/rx_async_fifo_inst/fifo_inst/rd_ptr_gray_sync1_reg_reg[0]/D
                                                                            core_inst/core_inst/core_pcie_inst/core_inst/iface[0].interface_inst/port[0].port_inst/port_rx_inst/rx_async_fifo_inst/fifo_inst/rd_ptr_gray_sync1_reg_reg[5]/D
                                                                                                            Slow         0.515      7.485


Slack (MET) :             7.485ns  (requirement - actual skew)
  Endpoint Source:        core_inst/core_inst/core_pcie_inst/core_inst/iface[0].interface_inst/port[0].port_inst/port_rx_inst/rx_async_fifo_inst/fifo_inst/rd_ptr_gray_reg_reg[0]/C
                            (rising edge-triggered cell FDRE clocked by pcie_user_clk)
  Endpoint Destination:   core_inst/core_inst/core_pcie_inst/core_inst/iface[0].interface_inst/port[0].port_inst/port_rx_inst/rx_async_fifo_inst/fifo_inst/rd_ptr_gray_sync1_reg_reg[0]/D
                            (rising edge-triggered cell FDRE clocked by txoutclk_out[0])
  Reference Source:       core_inst/core_inst/core_pcie_inst/core_inst/iface[0].interface_inst/port[0].port_inst/port_rx_inst/rx_async_fifo_inst/fifo_inst/rd_ptr_gray_reg_reg[5]/C
                            (rising edge-triggered cell FDRE clocked by pcie_user_clk)
  Reference Destination:  core_inst/core_inst/core_pcie_inst/core_inst/iface[0].interface_inst/port[0].port_inst/port_rx_inst/rx_async_fifo_inst/fifo_inst/rd_ptr_gray_sync1_reg_reg[5]/D
                            (rising edge-triggered cell FDRE clocked by txoutclk_out[0])
  Path Type:              Bus Skew (Max at Slow Process Corner)
  Requirement:            8.000ns
  Endpoint Relative Delay:    0.946ns
  Reference Relative Delay:   0.097ns
  Relative CRPR:              0.334ns
  Actual Bus Skew:            0.515ns  (Endpoint Relative Delay - Reference Relative Delay - Relative CRPR)

Endpoint path:
    Location             Delay type                Incr(ns)  Path(ns)    Netlist Resource(s)
  -------------------------------------------------------------------    -------------------
                         (clock pcie_user_clk rise edge)
                                                      0.000     0.000 r  
    GTHE4_CHANNEL_X0Y7   GTHE4_CHANNEL                0.000     0.000 r  pcie4_uscale_plus_inst/inst/pcie4_uscale_plus_0_gt_top_i/diablo_gt.diablo_gt_phy_wrapper/gt_wizard.gtwizard_top_i/pcie4_uscale_plus_0_gt_i/inst/gen_gtwizard_gthe4_top.pcie4_uscale_plus_0_gt_gtwizard_gthe4_inst/gen_gtwizard_gthe4.gen_channel_container[3].gen_enabled_channel.gthe4_channel_wrapper_inst/channel_inst/gthe4_channel_gen.gen_gthe4_channel_inst[3].GTHE4_CHANNEL_PRIM_INST/TXOUTCLK
                         net (fo=6, routed)           0.113     0.113    pcie4_uscale_plus_inst/inst/pcie4_uscale_plus_0_gt_top_i/diablo_gt.diablo_gt_phy_wrapper/phy_clk_i/CLK_TXOUTCLK
    BUFG_GT_X0Y36        BUFG_GT (Prop_BUFG_GT_I_O)
                                                      0.130     0.243 r  pcie4_uscale_plus_inst/inst/pcie4_uscale_plus_0_gt_top_i/diablo_gt.diablo_gt_phy_wrapper/phy_clk_i/bufg_gt_coreclk/O
    X3Y2 (CLOCK_ROOT)    net (fo=32612, routed)       1.783     2.026    core_inst/core_inst/core_pcie_inst/core_inst/iface[0].interface_inst/port[0].port_inst/port_rx_inst/rx_async_fifo_inst/fifo_inst/clk_250mhz
    SLICE_X70Y235        FDRE                                         r  core_inst/core_inst/core_pcie_inst/core_inst/iface[0].interface_inst/port[0].port_inst/port_rx_inst/rx_async_fifo_inst/fifo_inst/rd_ptr_gray_reg_reg[0]/C
  -------------------------------------------------------------------    -------------------
    SLICE_X70Y235        FDRE (Prop_CFF2_SLICEM_C_Q)
                                                      0.077     2.103 r  core_inst/core_inst/core_pcie_inst/core_inst/iface[0].interface_inst/port[0].port_inst/port_rx_inst/rx_async_fifo_inst/fifo_inst/rd_ptr_gray_reg_reg[0]/Q
                         net (fo=2, routed)           0.428     2.531    core_inst/core_inst/core_pcie_inst/core_inst/iface[0].interface_inst/port[0].port_inst/port_rx_inst/rx_async_fifo_inst/fifo_inst/rd_ptr_gray_reg_reg_n_0_[0]
    SLICE_X70Y235        FDRE                                         r  core_inst/core_inst/core_pcie_inst/core_inst/iface[0].interface_inst/port[0].port_inst/port_rx_inst/rx_async_fifo_inst/fifo_inst/rd_ptr_gray_sync1_reg_reg[0]/D
  -------------------------------------------------------------------    -------------------

                         (clock txoutclk_out[0] rise edge)
                                                      0.000     0.000 r  
    GTHE4_CHANNEL_X0Y10  GTHE4_CHANNEL                0.000     0.000 r  gig_ethernet_pcs_pma_0/inst/pcs_pma_block_i/transceiver_inst/gig_ethernet_pcs_pma_0_gt_i/inst/gen_gtwizard_gthe4_top.gig_ethernet_pcs_pma_0_gt_gtwizard_gthe4_inst/gen_gtwizard_gthe4.gen_channel_container[0].gen_enabled_channel.gthe4_channel_wrapper_inst/channel_inst/gthe4_channel_gen.gen_gthe4_channel_inst[0].GTHE4_CHANNEL_PRIM_INST/TXOUTCLK
                         net (fo=4, routed)           0.099     0.099    gig_ethernet_pcs_pma_0/inst/core_clocking_i/txoutclk
    BUFG_GT_X0Y58        BUFG_GT (Prop_BUFG_GT_I_O)
                                                      0.114     0.213 r  gig_ethernet_pcs_pma_0/inst/core_clocking_i/usrclk2_bufg_inst/O
    X2Y2 (CLOCK_ROOT)    net (fo=1381, routed)        1.347     1.560    core_inst/core_inst/core_pcie_inst/core_inst/iface[0].interface_inst/port[0].port_inst/port_rx_inst/rx_async_fifo_inst/fifo_inst/clk
    SLICE_X70Y235        FDRE                                         r  core_inst/core_inst/core_pcie_inst/core_inst/iface[0].interface_inst/port[0].port_inst/port_rx_inst/rx_async_fifo_inst/fifo_inst/rd_ptr_gray_sync1_reg_reg[0]/C
                         clock pessimism              0.000     1.560    
    SLICE_X70Y235        FDRE (Setup_HFF2_SLICEM_C_D)
                                                      0.025     1.585    core_inst/core_inst/core_pcie_inst/core_inst/iface[0].interface_inst/port[0].port_inst/port_rx_inst/rx_async_fifo_inst/fifo_inst/rd_ptr_gray_sync1_reg_reg[0]
  -------------------------------------------------------------------
                         data arrival                           2.531    
                         clock arrival                          1.585    
  -------------------------------------------------------------------
                         relative delay                         0.946    

Reference path:
    Location             Delay type                Incr(ns)  Path(ns)    Netlist Resource(s)
  -------------------------------------------------------------------    -------------------
                         (clock pcie_user_clk rise edge)
                                                      0.000     0.000 r  
    GTHE4_CHANNEL_X0Y7   GTHE4_CHANNEL                0.000     0.000 r  pcie4_uscale_plus_inst/inst/pcie4_uscale_plus_0_gt_top_i/diablo_gt.diablo_gt_phy_wrapper/gt_wizard.gtwizard_top_i/pcie4_uscale_plus_0_gt_i/inst/gen_gtwizard_gthe4_top.pcie4_uscale_plus_0_gt_gtwizard_gthe4_inst/gen_gtwizard_gthe4.gen_channel_container[3].gen_enabled_channel.gthe4_channel_wrapper_inst/channel_inst/gthe4_channel_gen.gen_gthe4_channel_inst[3].GTHE4_CHANNEL_PRIM_INST/TXOUTCLK
                         net (fo=6, routed)           0.099     0.099    pcie4_uscale_plus_inst/inst/pcie4_uscale_plus_0_gt_top_i/diablo_gt.diablo_gt_phy_wrapper/phy_clk_i/CLK_TXOUTCLK
    BUFG_GT_X0Y36        BUFG_GT (Prop_BUFG_GT_I_O)
                                                      0.114     0.213 r  pcie4_uscale_plus_inst/inst/pcie4_uscale_plus_0_gt_top_i/diablo_gt.diablo_gt_phy_wrapper/phy_clk_i/bufg_gt_coreclk/O
    X3Y2 (CLOCK_ROOT)    net (fo=32612, routed)       1.591     1.804    core_inst/core_inst/core_pcie_inst/core_inst/iface[0].interface_inst/port[0].port_inst/port_rx_inst/rx_async_fifo_inst/fifo_inst/clk_250mhz
    SLICE_X70Y236        FDRE                                         r  core_inst/core_inst/core_pcie_inst/core_inst/iface[0].interface_inst/port[0].port_inst/port_rx_inst/rx_async_fifo_inst/fifo_inst/rd_ptr_gray_reg_reg[5]/C
  -------------------------------------------------------------------    -------------------
    SLICE_X70Y236        FDRE (Prop_BFF_SLICEM_C_Q)
                                                      0.058     1.862 r  core_inst/core_inst/core_pcie_inst/core_inst/iface[0].interface_inst/port[0].port_inst/port_rx_inst/rx_async_fifo_inst/fifo_inst/rd_ptr_gray_reg_reg[5]/Q
                         net (fo=4, routed)           0.080     1.941    core_inst/core_inst/core_pcie_inst/core_inst/iface[0].interface_inst/port[0].port_inst/port_rx_inst/rx_async_fifo_inst/fifo_inst/rd_ptr_gray_reg_reg_n_0_[5]
    SLICE_X69Y236        FDRE                                         r  core_inst/core_inst/core_pcie_inst/core_inst/iface[0].interface_inst/port[0].port_inst/port_rx_inst/rx_async_fifo_inst/fifo_inst/rd_ptr_gray_sync1_reg_reg[5]/D
  -------------------------------------------------------------------    -------------------

                         (clock txoutclk_out[0] rise edge)
                                                      0.000     0.000 r  
    GTHE4_CHANNEL_X0Y10  GTHE4_CHANNEL                0.000     0.000 r  gig_ethernet_pcs_pma_0/inst/pcs_pma_block_i/transceiver_inst/gig_ethernet_pcs_pma_0_gt_i/inst/gen_gtwizard_gthe4_top.gig_ethernet_pcs_pma_0_gt_gtwizard_gthe4_inst/gen_gtwizard_gthe4.gen_channel_container[0].gen_enabled_channel.gthe4_channel_wrapper_inst/channel_inst/gthe4_channel_gen.gen_gthe4_channel_inst[0].GTHE4_CHANNEL_PRIM_INST/TXOUTCLK
                         net (fo=4, routed)           0.113     0.113    gig_ethernet_pcs_pma_0/inst/core_clocking_i/txoutclk
    BUFG_GT_X0Y58        BUFG_GT (Prop_BUFG_GT_I_O)
                                                      0.130     0.243 r  gig_ethernet_pcs_pma_0/inst/core_clocking_i/usrclk2_bufg_inst/O
    X2Y2 (CLOCK_ROOT)    net (fo=1381, routed)        1.539     1.782    core_inst/core_inst/core_pcie_inst/core_inst/iface[0].interface_inst/port[0].port_inst/port_rx_inst/rx_async_fifo_inst/fifo_inst/clk
    SLICE_X69Y236        FDRE                                         r  core_inst/core_inst/core_pcie_inst/core_inst/iface[0].interface_inst/port[0].port_inst/port_rx_inst/rx_async_fifo_inst/fifo_inst/rd_ptr_gray_sync1_reg_reg[5]/C
                         clock pessimism              0.000     1.782    
    SLICE_X69Y236        FDRE (Hold_CFF2_SLICEL_C_D)
                                                      0.062     1.844    core_inst/core_inst/core_pcie_inst/core_inst/iface[0].interface_inst/port[0].port_inst/port_rx_inst/rx_async_fifo_inst/fifo_inst/rd_ptr_gray_sync1_reg_reg[5]
  -------------------------------------------------------------------
                         data arrival                           1.941    
                         clock arrival                          1.844    
  -------------------------------------------------------------------
                         relative delay                         0.097    



Id: 2
set_bus_skew -from [get_cells -quiet {{core_inst/core_inst/core_pcie_inst/core_inst/iface[0].interface_inst/port[0].port_inst/port_rx_inst/rx_async_fifo_inst/fifo_inst/wr_ptr_reg_reg[*]} {core_inst/core_inst/core_pcie_inst/core_inst/iface[0].interface_inst/port[0].port_inst/port_rx_inst/rx_async_fifo_inst/fifo_inst/wr_ptr_gray_reg_reg[*]}}] -to [get_cells {core_inst/core_inst/core_pcie_inst/core_inst/iface[0].interface_inst/port[0].port_inst/port_rx_inst/rx_async_fifo_inst/fifo_inst/wr_ptr_gray_sync1_reg_reg[*]}] 4.000
Requirement: 4.000ns
Endpoints: 6

From Clock            To Clock              Endpoint Pin                    Reference Pin                   Corner  Actual(ns)  Slack(ns)
--------------------  --------------------  ------------------------------  ------------------------------  ------  ----------  ---------
txoutclk_out[0]       pcie_user_clk         core_inst/core_inst/core_pcie_inst/core_inst/iface[0].interface_inst/port[0].port_inst/port_rx_inst/rx_async_fifo_inst/fifo_inst/wr_ptr_gray_sync1_reg_reg[0]/D
                                                                            core_inst/core_inst/core_pcie_inst/core_inst/iface[0].interface_inst/port[0].port_inst/port_rx_inst/rx_async_fifo_inst/fifo_inst/wr_ptr_gray_sync1_reg_reg[3]/D
                                                                                                            Slow         1.613      2.387


Slack (MET) :             2.387ns  (requirement - actual skew)
  Endpoint Source:        core_inst/core_inst/core_pcie_inst/core_inst/iface[0].interface_inst/port[0].port_inst/port_rx_inst/rx_async_fifo_inst/fifo_inst/wr_ptr_gray_reg_reg[0]/C
                            (rising edge-triggered cell FDRE clocked by txoutclk_out[0])
  Endpoint Destination:   core_inst/core_inst/core_pcie_inst/core_inst/iface[0].interface_inst/port[0].port_inst/port_rx_inst/rx_async_fifo_inst/fifo_inst/wr_ptr_gray_sync1_reg_reg[0]/D
                            (rising edge-triggered cell FDRE clocked by pcie_user_clk)
  Reference Source:       core_inst/core_inst/core_pcie_inst/core_inst/iface[0].interface_inst/port[0].port_inst/port_rx_inst/rx_async_fifo_inst/fifo_inst/wr_ptr_gray_reg_reg[3]/C
                            (rising edge-triggered cell FDRE clocked by txoutclk_out[0])
  Reference Destination:  core_inst/core_inst/core_pcie_inst/core_inst/iface[0].interface_inst/port[0].port_inst/port_rx_inst/rx_async_fifo_inst/fifo_inst/wr_ptr_gray_sync1_reg_reg[3]/D
                            (rising edge-triggered cell FDRE clocked by pcie_user_clk)
  Path Type:              Bus Skew (Max at Slow Process Corner)
  Requirement:            4.000ns
  Endpoint Relative Delay:    1.550ns
  Reference Relative Delay:  -0.405ns
  Relative CRPR:              0.342ns
  Actual Bus Skew:            1.613ns  (Endpoint Relative Delay - Reference Relative Delay - Relative CRPR)

Endpoint path:
    Location             Delay type                Incr(ns)  Path(ns)    Netlist Resource(s)
  -------------------------------------------------------------------    -------------------
                         (clock txoutclk_out[0] rise edge)
                                                      0.000     0.000 r  
    GTHE4_CHANNEL_X0Y10  GTHE4_CHANNEL                0.000     0.000 r  gig_ethernet_pcs_pma_0/inst/pcs_pma_block_i/transceiver_inst/gig_ethernet_pcs_pma_0_gt_i/inst/gen_gtwizard_gthe4_top.gig_ethernet_pcs_pma_0_gt_gtwizard_gthe4_inst/gen_gtwizard_gthe4.gen_channel_container[0].gen_enabled_channel.gthe4_channel_wrapper_inst/channel_inst/gthe4_channel_gen.gen_gthe4_channel_inst[0].GTHE4_CHANNEL_PRIM_INST/TXOUTCLK
                         net (fo=4, routed)           0.113     0.113    gig_ethernet_pcs_pma_0/inst/core_clocking_i/txoutclk
    BUFG_GT_X0Y58        BUFG_GT (Prop_BUFG_GT_I_O)
                                                      0.130     0.243 r  gig_ethernet_pcs_pma_0/inst/core_clocking_i/usrclk2_bufg_inst/O
    X2Y2 (CLOCK_ROOT)    net (fo=1381, routed)        1.538     1.781    core_inst/core_inst/core_pcie_inst/core_inst/iface[0].interface_inst/port[0].port_inst/port_rx_inst/rx_async_fifo_inst/fifo_inst/clk
    SLICE_X69Y235        FDRE                                         r  core_inst/core_inst/core_pcie_inst/core_inst/iface[0].interface_inst/port[0].port_inst/port_rx_inst/rx_async_fifo_inst/fifo_inst/wr_ptr_gray_reg_reg[0]/C
  -------------------------------------------------------------------    -------------------
    SLICE_X69Y235        FDRE (Prop_CFF2_SLICEL_C_Q)
                                                      0.080     1.861 r  core_inst/core_inst/core_pcie_inst/core_inst/iface[0].interface_inst/port[0].port_inst/port_rx_inst/rx_async_fifo_inst/fifo_inst/wr_ptr_gray_reg_reg[0]/Q
                         net (fo=2, routed)           1.517     3.378    core_inst/core_inst/core_pcie_inst/core_inst/iface[0].interface_inst/port[0].port_inst/port_rx_inst/rx_async_fifo_inst/fifo_inst/wr_ptr_gray_reg_reg_n_0_[0]
    SLICE_X70Y234        FDRE                                         r  core_inst/core_inst/core_pcie_inst/core_inst/iface[0].interface_inst/port[0].port_inst/port_rx_inst/rx_async_fifo_inst/fifo_inst/wr_ptr_gray_sync1_reg_reg[0]/D
  -------------------------------------------------------------------    -------------------

                         (clock pcie_user_clk rise edge)
                                                      0.000     0.000 r  
    GTHE4_CHANNEL_X0Y7   GTHE4_CHANNEL                0.000     0.000 r  pcie4_uscale_plus_inst/inst/pcie4_uscale_plus_0_gt_top_i/diablo_gt.diablo_gt_phy_wrapper/gt_wizard.gtwizard_top_i/pcie4_uscale_plus_0_gt_i/inst/gen_gtwizard_gthe4_top.pcie4_uscale_plus_0_gt_gtwizard_gthe4_inst/gen_gtwizard_gthe4.gen_channel_container[3].gen_enabled_channel.gthe4_channel_wrapper_inst/channel_inst/gthe4_channel_gen.gen_gthe4_channel_inst[3].GTHE4_CHANNEL_PRIM_INST/TXOUTCLK
                         net (fo=6, routed)           0.099     0.099    pcie4_uscale_plus_inst/inst/pcie4_uscale_plus_0_gt_top_i/diablo_gt.diablo_gt_phy_wrapper/phy_clk_i/CLK_TXOUTCLK
    BUFG_GT_X0Y36        BUFG_GT (Prop_BUFG_GT_I_O)
                                                      0.114     0.213 r  pcie4_uscale_plus_inst/inst/pcie4_uscale_plus_0_gt_top_i/diablo_gt.diablo_gt_phy_wrapper/phy_clk_i/bufg_gt_coreclk/O
    X3Y2 (CLOCK_ROOT)    net (fo=32612, routed)       1.591     1.804    core_inst/core_inst/core_pcie_inst/core_inst/iface[0].interface_inst/port[0].port_inst/port_rx_inst/rx_async_fifo_inst/fifo_inst/clk_250mhz
    SLICE_X70Y234        FDRE                                         r  core_inst/core_inst/core_pcie_inst/core_inst/iface[0].interface_inst/port[0].port_inst/port_rx_inst/rx_async_fifo_inst/fifo_inst/wr_ptr_gray_sync1_reg_reg[0]/C
                         clock pessimism              0.000     1.804    
    SLICE_X70Y234        FDRE (Setup_DFF2_SLICEM_C_D)
                                                      0.025     1.829    core_inst/core_inst/core_pcie_inst/core_inst/iface[0].interface_inst/port[0].port_inst/port_rx_inst/rx_async_fifo_inst/fifo_inst/wr_ptr_gray_sync1_reg_reg[0]
  -------------------------------------------------------------------
                         data arrival                           3.378    
                         clock arrival                          1.829    
  -------------------------------------------------------------------
                         relative delay                         1.550    

Reference path:
    Location             Delay type                Incr(ns)  Path(ns)    Netlist Resource(s)
  -------------------------------------------------------------------    -------------------
                         (clock txoutclk_out[0] rise edge)
                                                      0.000     0.000 r  
    GTHE4_CHANNEL_X0Y10  GTHE4_CHANNEL                0.000     0.000 r  gig_ethernet_pcs_pma_0/inst/pcs_pma_block_i/transceiver_inst/gig_ethernet_pcs_pma_0_gt_i/inst/gen_gtwizard_gthe4_top.gig_ethernet_pcs_pma_0_gt_gtwizard_gthe4_inst/gen_gtwizard_gthe4.gen_channel_container[0].gen_enabled_channel.gthe4_channel_wrapper_inst/channel_inst/gthe4_channel_gen.gen_gthe4_channel_inst[0].GTHE4_CHANNEL_PRIM_INST/TXOUTCLK
                         net (fo=4, routed)           0.099     0.099    gig_ethernet_pcs_pma_0/inst/core_clocking_i/txoutclk
    BUFG_GT_X0Y58        BUFG_GT (Prop_BUFG_GT_I_O)
                                                      0.114     0.213 r  gig_ethernet_pcs_pma_0/inst/core_clocking_i/usrclk2_bufg_inst/O
    X2Y2 (CLOCK_ROOT)    net (fo=1381, routed)        1.354     1.567    core_inst/core_inst/core_pcie_inst/core_inst/iface[0].interface_inst/port[0].port_inst/port_rx_inst/rx_async_fifo_inst/fifo_inst/clk
    SLICE_X69Y235        FDRE                                         r  core_inst/core_inst/core_pcie_inst/core_inst/iface[0].interface_inst/port[0].port_inst/port_rx_inst/rx_async_fifo_inst/fifo_inst/wr_ptr_gray_reg_reg[3]/C
  -------------------------------------------------------------------    -------------------
    SLICE_X69Y235        FDRE (Prop_HFF_SLICEL_C_Q)
                                                      0.058     1.625 r  core_inst/core_inst/core_pcie_inst/core_inst/iface[0].interface_inst/port[0].port_inst/port_rx_inst/rx_async_fifo_inst/fifo_inst/wr_ptr_gray_reg_reg[3]/Q
                         net (fo=2, routed)           0.070     1.695    core_inst/core_inst/core_pcie_inst/core_inst/iface[0].interface_inst/port[0].port_inst/port_rx_inst/rx_async_fifo_inst/fifo_inst/wr_ptr_gray_reg_reg_n_0_[3]
    SLICE_X69Y234        FDRE                                         r  core_inst/core_inst/core_pcie_inst/core_inst/iface[0].interface_inst/port[0].port_inst/port_rx_inst/rx_async_fifo_inst/fifo_inst/wr_ptr_gray_sync1_reg_reg[3]/D
  -------------------------------------------------------------------    -------------------

                         (clock pcie_user_clk rise edge)
                                                      0.000     0.000 r  
    GTHE4_CHANNEL_X0Y7   GTHE4_CHANNEL                0.000     0.000 r  pcie4_uscale_plus_inst/inst/pcie4_uscale_plus_0_gt_top_i/diablo_gt.diablo_gt_phy_wrapper/gt_wizard.gtwizard_top_i/pcie4_uscale_plus_0_gt_i/inst/gen_gtwizard_gthe4_top.pcie4_uscale_plus_0_gt_gtwizard_gthe4_inst/gen_gtwizard_gthe4.gen_channel_container[3].gen_enabled_channel.gthe4_channel_wrapper_inst/channel_inst/gthe4_channel_gen.gen_gthe4_channel_inst[3].GTHE4_CHANNEL_PRIM_INST/TXOUTCLK
                         net (fo=6, routed)           0.113     0.113    pcie4_uscale_plus_inst/inst/pcie4_uscale_plus_0_gt_top_i/diablo_gt.diablo_gt_phy_wrapper/phy_clk_i/CLK_TXOUTCLK
    BUFG_GT_X0Y36        BUFG_GT (Prop_BUFG_GT_I_O)
                                                      0.130     0.243 r  pcie4_uscale_plus_inst/inst/pcie4_uscale_plus_0_gt_top_i/diablo_gt.diablo_gt_phy_wrapper/phy_clk_i/bufg_gt_coreclk/O
    X3Y2 (CLOCK_ROOT)    net (fo=32612, routed)       1.795     2.038    core_inst/core_inst/core_pcie_inst/core_inst/iface[0].interface_inst/port[0].port_inst/port_rx_inst/rx_async_fifo_inst/fifo_inst/clk_250mhz
    SLICE_X69Y234        FDRE                                         r  core_inst/core_inst/core_pcie_inst/core_inst/iface[0].interface_inst/port[0].port_inst/port_rx_inst/rx_async_fifo_inst/fifo_inst/wr_ptr_gray_sync1_reg_reg[3]/C
                         clock pessimism              0.000     2.038    
    SLICE_X69Y234        FDRE (Hold_HFF2_SLICEL_C_D)
                                                      0.062     2.100    core_inst/core_inst/core_pcie_inst/core_inst/iface[0].interface_inst/port[0].port_inst/port_rx_inst/rx_async_fifo_inst/fifo_inst/wr_ptr_gray_sync1_reg_reg[3]
  -------------------------------------------------------------------
                         data arrival                           1.695    
                         clock arrival                          2.100    
  -------------------------------------------------------------------
                         relative delay                        -0.405    



Id: 3
set_bus_skew -from [get_cells {{core_inst/core_inst/core_pcie_inst/core_inst/iface[0].interface_inst/port[0].port_inst/port_tx_inst/tx_cpl_fifo_inst/rd_ptr_reg_reg[*]} {core_inst/core_inst/core_pcie_inst/core_inst/iface[0].interface_inst/port[0].port_inst/port_tx_inst/tx_cpl_fifo_inst/rd_ptr_gray_reg_reg[*]}}] -to [get_cells {core_inst/core_inst/core_pcie_inst/core_inst/iface[0].interface_inst/port[0].port_inst/port_tx_inst/tx_cpl_fifo_inst/rd_ptr_gray_sync1_reg_reg[*]}] 8.000
Requirement: 8.000ns
Endpoints: 6

From Clock            To Clock              Endpoint Pin                    Reference Pin                   Corner  Actual(ns)  Slack(ns)
--------------------  --------------------  ------------------------------  ------------------------------  ------  ----------  ---------
pcie_user_clk         txoutclk_out[0]       core_inst/core_inst/core_pcie_inst/core_inst/iface[0].interface_inst/port[0].port_inst/port_tx_inst/tx_cpl_fifo_inst/rd_ptr_gray_sync1_reg_reg[0]/D
                                                                            core_inst/core_inst/core_pcie_inst/core_inst/iface[0].interface_inst/port[0].port_inst/port_tx_inst/tx_cpl_fifo_inst/rd_ptr_gray_sync1_reg_reg[1]/D
                                                                                                            Slow         0.402      7.598


Slack (MET) :             7.598ns  (requirement - actual skew)
  Endpoint Source:        core_inst/core_inst/core_pcie_inst/core_inst/iface[0].interface_inst/port[0].port_inst/port_tx_inst/tx_cpl_fifo_inst/rd_ptr_gray_reg_reg[0]/C
                            (rising edge-triggered cell FDRE clocked by pcie_user_clk)
  Endpoint Destination:   core_inst/core_inst/core_pcie_inst/core_inst/iface[0].interface_inst/port[0].port_inst/port_tx_inst/tx_cpl_fifo_inst/rd_ptr_gray_sync1_reg_reg[0]/D
                            (rising edge-triggered cell FDRE clocked by txoutclk_out[0])
  Reference Source:       core_inst/core_inst/core_pcie_inst/core_inst/iface[0].interface_inst/port[0].port_inst/port_tx_inst/tx_cpl_fifo_inst/rd_ptr_gray_reg_reg[1]/C
                            (rising edge-triggered cell FDRE clocked by pcie_user_clk)
  Reference Destination:  core_inst/core_inst/core_pcie_inst/core_inst/iface[0].interface_inst/port[0].port_inst/port_tx_inst/tx_cpl_fifo_inst/rd_ptr_gray_sync1_reg_reg[1]/D
                            (rising edge-triggered cell FDRE clocked by txoutclk_out[0])
  Path Type:              Bus Skew (Max at Slow Process Corner)
  Requirement:            8.000ns
  Endpoint Relative Delay:    0.803ns
  Reference Relative Delay:   0.111ns
  Relative CRPR:              0.290ns
  Actual Bus Skew:            0.402ns  (Endpoint Relative Delay - Reference Relative Delay - Relative CRPR)

Endpoint path:
    Location             Delay type                Incr(ns)  Path(ns)    Netlist Resource(s)
  -------------------------------------------------------------------    -------------------
                         (clock pcie_user_clk rise edge)
                                                      0.000     0.000 r  
    GTHE4_CHANNEL_X0Y7   GTHE4_CHANNEL                0.000     0.000 r  pcie4_uscale_plus_inst/inst/pcie4_uscale_plus_0_gt_top_i/diablo_gt.diablo_gt_phy_wrapper/gt_wizard.gtwizard_top_i/pcie4_uscale_plus_0_gt_i/inst/gen_gtwizard_gthe4_top.pcie4_uscale_plus_0_gt_gtwizard_gthe4_inst/gen_gtwizard_gthe4.gen_channel_container[3].gen_enabled_channel.gthe4_channel_wrapper_inst/channel_inst/gthe4_channel_gen.gen_gthe4_channel_inst[3].GTHE4_CHANNEL_PRIM_INST/TXOUTCLK
                         net (fo=6, routed)           0.113     0.113    pcie4_uscale_plus_inst/inst/pcie4_uscale_plus_0_gt_top_i/diablo_gt.diablo_gt_phy_wrapper/phy_clk_i/CLK_TXOUTCLK
    BUFG_GT_X0Y36        BUFG_GT (Prop_BUFG_GT_I_O)
                                                      0.130     0.243 r  pcie4_uscale_plus_inst/inst/pcie4_uscale_plus_0_gt_top_i/diablo_gt.diablo_gt_phy_wrapper/phy_clk_i/bufg_gt_coreclk/O
    X3Y2 (CLOCK_ROOT)    net (fo=32612, routed)       1.875     2.118    core_inst/core_inst/core_pcie_inst/core_inst/iface[0].interface_inst/port[0].port_inst/port_tx_inst/tx_cpl_fifo_inst/clk_250mhz
    SLICE_X56Y154        FDRE                                         r  core_inst/core_inst/core_pcie_inst/core_inst/iface[0].interface_inst/port[0].port_inst/port_tx_inst/tx_cpl_fifo_inst/rd_ptr_gray_reg_reg[0]/C
  -------------------------------------------------------------------    -------------------
    SLICE_X56Y154        FDRE (Prop_HFF2_SLICEM_C_Q)
                                                      0.078     2.196 r  core_inst/core_inst/core_pcie_inst/core_inst/iface[0].interface_inst/port[0].port_inst/port_tx_inst/tx_cpl_fifo_inst/rd_ptr_gray_reg_reg[0]/Q
                         net (fo=2, routed)           0.279     2.475    core_inst/core_inst/core_pcie_inst/core_inst/iface[0].interface_inst/port[0].port_inst/port_tx_inst/tx_cpl_fifo_inst/rd_ptr_gray_reg[0]
    SLICE_X55Y150        FDRE                                         r  core_inst/core_inst/core_pcie_inst/core_inst/iface[0].interface_inst/port[0].port_inst/port_tx_inst/tx_cpl_fifo_inst/rd_ptr_gray_sync1_reg_reg[0]/D
  -------------------------------------------------------------------    -------------------

                         (clock txoutclk_out[0] rise edge)
                                                      0.000     0.000 r  
    GTHE4_CHANNEL_X0Y10  GTHE4_CHANNEL                0.000     0.000 r  gig_ethernet_pcs_pma_0/inst/pcs_pma_block_i/transceiver_inst/gig_ethernet_pcs_pma_0_gt_i/inst/gen_gtwizard_gthe4_top.gig_ethernet_pcs_pma_0_gt_gtwizard_gthe4_inst/gen_gtwizard_gthe4.gen_channel_container[0].gen_enabled_channel.gthe4_channel_wrapper_inst/channel_inst/gthe4_channel_gen.gen_gthe4_channel_inst[0].GTHE4_CHANNEL_PRIM_INST/TXOUTCLK
                         net (fo=4, routed)           0.099     0.099    gig_ethernet_pcs_pma_0/inst/core_clocking_i/txoutclk
    BUFG_GT_X0Y58        BUFG_GT (Prop_BUFG_GT_I_O)
                                                      0.114     0.213 r  gig_ethernet_pcs_pma_0/inst/core_clocking_i/usrclk2_bufg_inst/O
    X2Y2 (CLOCK_ROOT)    net (fo=1381, routed)        1.435     1.648    core_inst/core_inst/core_pcie_inst/core_inst/iface[0].interface_inst/port[0].port_inst/port_tx_inst/tx_cpl_fifo_inst/clk
    SLICE_X55Y150        FDRE                                         r  core_inst/core_inst/core_pcie_inst/core_inst/iface[0].interface_inst/port[0].port_inst/port_tx_inst/tx_cpl_fifo_inst/rd_ptr_gray_sync1_reg_reg[0]/C
                         clock pessimism              0.000     1.648    
    SLICE_X55Y150        FDRE (Setup_DFF2_SLICEL_C_D)
                                                      0.025     1.673    core_inst/core_inst/core_pcie_inst/core_inst/iface[0].interface_inst/port[0].port_inst/port_tx_inst/tx_cpl_fifo_inst/rd_ptr_gray_sync1_reg_reg[0]
  -------------------------------------------------------------------
                         data arrival                           2.475    
                         clock arrival                          1.673    
  -------------------------------------------------------------------
                         relative delay                         0.803    

Reference path:
    Location             Delay type                Incr(ns)  Path(ns)    Netlist Resource(s)
  -------------------------------------------------------------------    -------------------
                         (clock pcie_user_clk rise edge)
                                                      0.000     0.000 r  
    GTHE4_CHANNEL_X0Y7   GTHE4_CHANNEL                0.000     0.000 r  pcie4_uscale_plus_inst/inst/pcie4_uscale_plus_0_gt_top_i/diablo_gt.diablo_gt_phy_wrapper/gt_wizard.gtwizard_top_i/pcie4_uscale_plus_0_gt_i/inst/gen_gtwizard_gthe4_top.pcie4_uscale_plus_0_gt_gtwizard_gthe4_inst/gen_gtwizard_gthe4.gen_channel_container[3].gen_enabled_channel.gthe4_channel_wrapper_inst/channel_inst/gthe4_channel_gen.gen_gthe4_channel_inst[3].GTHE4_CHANNEL_PRIM_INST/TXOUTCLK
                         net (fo=6, routed)           0.099     0.099    pcie4_uscale_plus_inst/inst/pcie4_uscale_plus_0_gt_top_i/diablo_gt.diablo_gt_phy_wrapper/phy_clk_i/CLK_TXOUTCLK
    BUFG_GT_X0Y36        BUFG_GT (Prop_BUFG_GT_I_O)
                                                      0.114     0.213 r  pcie4_uscale_plus_inst/inst/pcie4_uscale_plus_0_gt_top_i/diablo_gt.diablo_gt_phy_wrapper/phy_clk_i/bufg_gt_coreclk/O
    X3Y2 (CLOCK_ROOT)    net (fo=32612, routed)       1.667     1.880    core_inst/core_inst/core_pcie_inst/core_inst/iface[0].interface_inst/port[0].port_inst/port_tx_inst/tx_cpl_fifo_inst/clk_250mhz
    SLICE_X58Y151        FDRE                                         r  core_inst/core_inst/core_pcie_inst/core_inst/iface[0].interface_inst/port[0].port_inst/port_tx_inst/tx_cpl_fifo_inst/rd_ptr_gray_reg_reg[1]/C
  -------------------------------------------------------------------    -------------------
    SLICE_X58Y151        FDRE (Prop_DFF_SLICEL_C_Q)
                                                      0.059     1.939 r  core_inst/core_inst/core_pcie_inst/core_inst/iface[0].interface_inst/port[0].port_inst/port_tx_inst/tx_cpl_fifo_inst/rd_ptr_gray_reg_reg[1]/Q
                         net (fo=2, routed)           0.105     2.044    core_inst/core_inst/core_pcie_inst/core_inst/iface[0].interface_inst/port[0].port_inst/port_tx_inst/tx_cpl_fifo_inst/rd_ptr_gray_reg[1]
    SLICE_X57Y150        FDRE                                         r  core_inst/core_inst/core_pcie_inst/core_inst/iface[0].interface_inst/port[0].port_inst/port_tx_inst/tx_cpl_fifo_inst/rd_ptr_gray_sync1_reg_reg[1]/D
  -------------------------------------------------------------------    -------------------

                         (clock txoutclk_out[0] rise edge)
                                                      0.000     0.000 r  
    GTHE4_CHANNEL_X0Y10  GTHE4_CHANNEL                0.000     0.000 r  gig_ethernet_pcs_pma_0/inst/pcs_pma_block_i/transceiver_inst/gig_ethernet_pcs_pma_0_gt_i/inst/gen_gtwizard_gthe4_top.gig_ethernet_pcs_pma_0_gt_gtwizard_gthe4_inst/gen_gtwizard_gthe4.gen_channel_container[0].gen_enabled_channel.gthe4_channel_wrapper_inst/channel_inst/gthe4_channel_gen.gen_gthe4_channel_inst[0].GTHE4_CHANNEL_PRIM_INST/TXOUTCLK
                         net (fo=4, routed)           0.113     0.113    gig_ethernet_pcs_pma_0/inst/core_clocking_i/txoutclk
    BUFG_GT_X0Y58        BUFG_GT (Prop_BUFG_GT_I_O)
                                                      0.130     0.243 r  gig_ethernet_pcs_pma_0/inst/core_clocking_i/usrclk2_bufg_inst/O
    X2Y2 (CLOCK_ROOT)    net (fo=1381, routed)        1.628     1.871    core_inst/core_inst/core_pcie_inst/core_inst/iface[0].interface_inst/port[0].port_inst/port_tx_inst/tx_cpl_fifo_inst/clk
    SLICE_X57Y150        FDRE                                         r  core_inst/core_inst/core_pcie_inst/core_inst/iface[0].interface_inst/port[0].port_inst/port_tx_inst/tx_cpl_fifo_inst/rd_ptr_gray_sync1_reg_reg[1]/C
                         clock pessimism              0.000     1.871    
    SLICE_X57Y150        FDRE (Hold_HFF2_SLICEM_C_D)
                                                      0.062     1.933    core_inst/core_inst/core_pcie_inst/core_inst/iface[0].interface_inst/port[0].port_inst/port_tx_inst/tx_cpl_fifo_inst/rd_ptr_gray_sync1_reg_reg[1]
  -------------------------------------------------------------------
                         data arrival                           2.044    
                         clock arrival                          1.933    
  -------------------------------------------------------------------
                         relative delay                         0.111    



Id: 4
set_bus_skew -from [get_cells -quiet {{core_inst/core_inst/core_pcie_inst/core_inst/iface[0].interface_inst/port[0].port_inst/port_tx_inst/tx_cpl_fifo_inst/wr_ptr_reg_reg[*]} {core_inst/core_inst/core_pcie_inst/core_inst/iface[0].interface_inst/port[0].port_inst/port_tx_inst/tx_cpl_fifo_inst/wr_ptr_gray_reg_reg[*]}}] -to [get_cells {core_inst/core_inst/core_pcie_inst/core_inst/iface[0].interface_inst/port[0].port_inst/port_tx_inst/tx_cpl_fifo_inst/wr_ptr_gray_sync1_reg_reg[*]}] 4.000
Requirement: 4.000ns
Endpoints: 6

From Clock            To Clock              Endpoint Pin                    Reference Pin                   Corner  Actual(ns)  Slack(ns)
--------------------  --------------------  ------------------------------  ------------------------------  ------  ----------  ---------
txoutclk_out[0]       pcie_user_clk         core_inst/core_inst/core_pcie_inst/core_inst/iface[0].interface_inst/port[0].port_inst/port_tx_inst/tx_cpl_fifo_inst/wr_ptr_gray_sync1_reg_reg[1]/D
                                                                            core_inst/core_inst/core_pcie_inst/core_inst/iface[0].interface_inst/port[0].port_inst/port_tx_inst/tx_cpl_fifo_inst/wr_ptr_gray_sync1_reg_reg[5]/D
                                                                                                            Slow         0.549      3.451


Slack (MET) :             3.451ns  (requirement - actual skew)
  Endpoint Source:        core_inst/core_inst/core_pcie_inst/core_inst/iface[0].interface_inst/port[0].port_inst/port_tx_inst/tx_cpl_fifo_inst/wr_ptr_gray_reg_reg[1]/C
                            (rising edge-triggered cell FDRE clocked by txoutclk_out[0])
  Endpoint Destination:   core_inst/core_inst/core_pcie_inst/core_inst/iface[0].interface_inst/port[0].port_inst/port_tx_inst/tx_cpl_fifo_inst/wr_ptr_gray_sync1_reg_reg[1]/D
                            (rising edge-triggered cell FDRE clocked by pcie_user_clk)
  Reference Source:       core_inst/core_inst/core_pcie_inst/core_inst/iface[0].interface_inst/port[0].port_inst/port_tx_inst/tx_cpl_fifo_inst/wr_ptr_gray_reg_reg[5]/C
                            (rising edge-triggered cell FDRE clocked by txoutclk_out[0])
  Reference Destination:  core_inst/core_inst/core_pcie_inst/core_inst/iface[0].interface_inst/port[0].port_inst/port_tx_inst/tx_cpl_fifo_inst/wr_ptr_gray_sync1_reg_reg[5]/D
                            (rising edge-triggered cell FDRE clocked by pcie_user_clk)
  Path Type:              Bus Skew (Max at Slow Process Corner)
  Requirement:            4.000ns
  Endpoint Relative Delay:    0.486ns
  Reference Relative Delay:  -0.353ns
  Relative CRPR:              0.290ns
  Actual Bus Skew:            0.549ns  (Endpoint Relative Delay - Reference Relative Delay - Relative CRPR)

Endpoint path:
    Location             Delay type                Incr(ns)  Path(ns)    Netlist Resource(s)
  -------------------------------------------------------------------    -------------------
                         (clock txoutclk_out[0] rise edge)
                                                      0.000     0.000 r  
    GTHE4_CHANNEL_X0Y10  GTHE4_CHANNEL                0.000     0.000 r  gig_ethernet_pcs_pma_0/inst/pcs_pma_block_i/transceiver_inst/gig_ethernet_pcs_pma_0_gt_i/inst/gen_gtwizard_gthe4_top.gig_ethernet_pcs_pma_0_gt_gtwizard_gthe4_inst/gen_gtwizard_gthe4.gen_channel_container[0].gen_enabled_channel.gthe4_channel_wrapper_inst/channel_inst/gthe4_channel_gen.gen_gthe4_channel_inst[0].GTHE4_CHANNEL_PRIM_INST/TXOUTCLK
                         net (fo=4, routed)           0.113     0.113    gig_ethernet_pcs_pma_0/inst/core_clocking_i/txoutclk
    BUFG_GT_X0Y58        BUFG_GT (Prop_BUFG_GT_I_O)
                                                      0.130     0.243 r  gig_ethernet_pcs_pma_0/inst/core_clocking_i/usrclk2_bufg_inst/O
    X2Y2 (CLOCK_ROOT)    net (fo=1381, routed)        1.638     1.881    core_inst/core_inst/core_pcie_inst/core_inst/iface[0].interface_inst/port[0].port_inst/port_tx_inst/tx_cpl_fifo_inst/clk
    SLICE_X54Y149        FDRE                                         r  core_inst/core_inst/core_pcie_inst/core_inst/iface[0].interface_inst/port[0].port_inst/port_tx_inst/tx_cpl_fifo_inst/wr_ptr_gray_reg_reg[1]/C
  -------------------------------------------------------------------    -------------------
    SLICE_X54Y149        FDRE (Prop_HFF_SLICEM_C_Q)
                                                      0.079     1.960 r  core_inst/core_inst/core_pcie_inst/core_inst/iface[0].interface_inst/port[0].port_inst/port_tx_inst/tx_cpl_fifo_inst/wr_ptr_gray_reg_reg[1]/Q
                         net (fo=2, routed)           0.435     2.395    core_inst/core_inst/core_pcie_inst/core_inst/iface[0].interface_inst/port[0].port_inst/port_tx_inst/tx_cpl_fifo_inst/wr_ptr_gray_reg_reg_n_0_[1]
    SLICE_X57Y151        FDRE                                         r  core_inst/core_inst/core_pcie_inst/core_inst/iface[0].interface_inst/port[0].port_inst/port_tx_inst/tx_cpl_fifo_inst/wr_ptr_gray_sync1_reg_reg[1]/D
  -------------------------------------------------------------------    -------------------

                         (clock pcie_user_clk rise edge)
                                                      0.000     0.000 r  
    GTHE4_CHANNEL_X0Y7   GTHE4_CHANNEL                0.000     0.000 r  pcie4_uscale_plus_inst/inst/pcie4_uscale_plus_0_gt_top_i/diablo_gt.diablo_gt_phy_wrapper/gt_wizard.gtwizard_top_i/pcie4_uscale_plus_0_gt_i/inst/gen_gtwizard_gthe4_top.pcie4_uscale_plus_0_gt_gtwizard_gthe4_inst/gen_gtwizard_gthe4.gen_channel_container[3].gen_enabled_channel.gthe4_channel_wrapper_inst/channel_inst/gthe4_channel_gen.gen_gthe4_channel_inst[3].GTHE4_CHANNEL_PRIM_INST/TXOUTCLK
                         net (fo=6, routed)           0.099     0.099    pcie4_uscale_plus_inst/inst/pcie4_uscale_plus_0_gt_top_i/diablo_gt.diablo_gt_phy_wrapper/phy_clk_i/CLK_TXOUTCLK
    BUFG_GT_X0Y36        BUFG_GT (Prop_BUFG_GT_I_O)
                                                      0.114     0.213 r  pcie4_uscale_plus_inst/inst/pcie4_uscale_plus_0_gt_top_i/diablo_gt.diablo_gt_phy_wrapper/phy_clk_i/bufg_gt_coreclk/O
    X3Y2 (CLOCK_ROOT)    net (fo=32612, routed)       1.671     1.884    core_inst/core_inst/core_pcie_inst/core_inst/iface[0].interface_inst/port[0].port_inst/port_tx_inst/tx_cpl_fifo_inst/clk_250mhz
    SLICE_X57Y151        FDRE                                         r  core_inst/core_inst/core_pcie_inst/core_inst/iface[0].interface_inst/port[0].port_inst/port_tx_inst/tx_cpl_fifo_inst/wr_ptr_gray_sync1_reg_reg[1]/C
                         clock pessimism              0.000     1.884    
    SLICE_X57Y151        FDRE (Setup_DFF2_SLICEM_C_D)
                                                      0.025     1.909    core_inst/core_inst/core_pcie_inst/core_inst/iface[0].interface_inst/port[0].port_inst/port_tx_inst/tx_cpl_fifo_inst/wr_ptr_gray_sync1_reg_reg[1]
  -------------------------------------------------------------------
                         data arrival                           2.395    
                         clock arrival                          1.909    
  -------------------------------------------------------------------
                         relative delay                         0.486    

Reference path:
    Location             Delay type                Incr(ns)  Path(ns)    Netlist Resource(s)
  -------------------------------------------------------------------    -------------------
                         (clock txoutclk_out[0] rise edge)
                                                      0.000     0.000 r  
    GTHE4_CHANNEL_X0Y10  GTHE4_CHANNEL                0.000     0.000 r  gig_ethernet_pcs_pma_0/inst/pcs_pma_block_i/transceiver_inst/gig_ethernet_pcs_pma_0_gt_i/inst/gen_gtwizard_gthe4_top.gig_ethernet_pcs_pma_0_gt_gtwizard_gthe4_inst/gen_gtwizard_gthe4.gen_channel_container[0].gen_enabled_channel.gthe4_channel_wrapper_inst/channel_inst/gthe4_channel_gen.gen_gthe4_channel_inst[0].GTHE4_CHANNEL_PRIM_INST/TXOUTCLK
                         net (fo=4, routed)           0.099     0.099    gig_ethernet_pcs_pma_0/inst/core_clocking_i/txoutclk
    BUFG_GT_X0Y58        BUFG_GT (Prop_BUFG_GT_I_O)
                                                      0.114     0.213 r  gig_ethernet_pcs_pma_0/inst/core_clocking_i/usrclk2_bufg_inst/O
    X2Y2 (CLOCK_ROOT)    net (fo=1381, routed)        1.438     1.651    core_inst/core_inst/core_pcie_inst/core_inst/iface[0].interface_inst/port[0].port_inst/port_tx_inst/tx_cpl_fifo_inst/clk
    SLICE_X56Y152        FDRE                                         r  core_inst/core_inst/core_pcie_inst/core_inst/iface[0].interface_inst/port[0].port_inst/port_tx_inst/tx_cpl_fifo_inst/wr_ptr_gray_reg_reg[5]/C
  -------------------------------------------------------------------    -------------------
    SLICE_X56Y152        FDRE (Prop_GFF_SLICEM_C_Q)
                                                      0.058     1.709 r  core_inst/core_inst/core_pcie_inst/core_inst/iface[0].interface_inst/port[0].port_inst/port_tx_inst/tx_cpl_fifo_inst/wr_ptr_gray_reg_reg[5]/Q
                         net (fo=4, routed)           0.119     1.828    core_inst/core_inst/core_pcie_inst/core_inst/iface[0].interface_inst/port[0].port_inst/port_tx_inst/tx_cpl_fifo_inst/wr_ptr_gray_reg_reg_n_0_[5]
    SLICE_X56Y153        FDRE                                         r  core_inst/core_inst/core_pcie_inst/core_inst/iface[0].interface_inst/port[0].port_inst/port_tx_inst/tx_cpl_fifo_inst/wr_ptr_gray_sync1_reg_reg[5]/D
  -------------------------------------------------------------------    -------------------

                         (clock pcie_user_clk rise edge)
                                                      0.000     0.000 r  
    GTHE4_CHANNEL_X0Y7   GTHE4_CHANNEL                0.000     0.000 r  pcie4_uscale_plus_inst/inst/pcie4_uscale_plus_0_gt_top_i/diablo_gt.diablo_gt_phy_wrapper/gt_wizard.gtwizard_top_i/pcie4_uscale_plus_0_gt_i/inst/gen_gtwizard_gthe4_top.pcie4_uscale_plus_0_gt_gtwizard_gthe4_inst/gen_gtwizard_gthe4.gen_channel_container[3].gen_enabled_channel.gthe4_channel_wrapper_inst/channel_inst/gthe4_channel_gen.gen_gthe4_channel_inst[3].GTHE4_CHANNEL_PRIM_INST/TXOUTCLK
                         net (fo=6, routed)           0.113     0.113    pcie4_uscale_plus_inst/inst/pcie4_uscale_plus_0_gt_top_i/diablo_gt.diablo_gt_phy_wrapper/phy_clk_i/CLK_TXOUTCLK
    BUFG_GT_X0Y36        BUFG_GT (Prop_BUFG_GT_I_O)
                                                      0.130     0.243 r  pcie4_uscale_plus_inst/inst/pcie4_uscale_plus_0_gt_top_i/diablo_gt.diablo_gt_phy_wrapper/phy_clk_i/bufg_gt_coreclk/O
    X3Y2 (CLOCK_ROOT)    net (fo=32612, routed)       1.876     2.119    core_inst/core_inst/core_pcie_inst/core_inst/iface[0].interface_inst/port[0].port_inst/port_tx_inst/tx_cpl_fifo_inst/clk_250mhz
    SLICE_X56Y153        FDRE                                         r  core_inst/core_inst/core_pcie_inst/core_inst/iface[0].interface_inst/port[0].port_inst/port_tx_inst/tx_cpl_fifo_inst/wr_ptr_gray_sync1_reg_reg[5]/C
                         clock pessimism              0.000     2.119    
    SLICE_X56Y153        FDRE (Hold_CFF2_SLICEM_C_D)
                                                      0.062     2.181    core_inst/core_inst/core_pcie_inst/core_inst/iface[0].interface_inst/port[0].port_inst/port_tx_inst/tx_cpl_fifo_inst/wr_ptr_gray_sync1_reg_reg[5]
  -------------------------------------------------------------------
                         data arrival                           1.828    
                         clock arrival                          2.181    
  -------------------------------------------------------------------
                         relative delay                        -0.353    



Id: 5
set_bus_skew -from [get_cells {{core_inst/core_inst/core_pcie_inst/core_inst/iface[0].interface_inst/port[0].port_inst/port_tx_inst/tx_async_fifo_inst/fifo_inst/rd_ptr_reg_reg[*]} {core_inst/core_inst/core_pcie_inst/core_inst/iface[0].interface_inst/port[0].port_inst/port_tx_inst/tx_async_fifo_inst/fifo_inst/rd_ptr_gray_reg_reg[*]}}] -to [get_cells {core_inst/core_inst/core_pcie_inst/core_inst/iface[0].interface_inst/port[0].port_inst/port_tx_inst/tx_async_fifo_inst/fifo_inst/rd_ptr_gray_sync1_reg_reg[*]}] 4.000
Requirement: 4.000ns
Endpoints: 6

From Clock            To Clock              Endpoint Pin                    Reference Pin                   Corner  Actual(ns)  Slack(ns)
--------------------  --------------------  ------------------------------  ------------------------------  ------  ----------  ---------
txoutclk_out[0]       pcie_user_clk         core_inst/core_inst/core_pcie_inst/core_inst/iface[0].interface_inst/port[0].port_inst/port_tx_inst/tx_async_fifo_inst/fifo_inst/rd_ptr_gray_sync1_reg_reg[5]/D
                                                                            core_inst/core_inst/core_pcie_inst/core_inst/iface[0].interface_inst/port[0].port_inst/port_tx_inst/tx_async_fifo_inst/fifo_inst/rd_ptr_gray_sync1_reg_reg[2]/D
                                                                                                            Slow         0.409      3.591


Slack (MET) :             3.591ns  (requirement - actual skew)
  Endpoint Source:        core_inst/core_inst/core_pcie_inst/core_inst/iface[0].interface_inst/port[0].port_inst/port_tx_inst/tx_async_fifo_inst/fifo_inst/rd_ptr_reg_reg[5]/C
                            (rising edge-triggered cell FDRE clocked by txoutclk_out[0])
  Endpoint Destination:   core_inst/core_inst/core_pcie_inst/core_inst/iface[0].interface_inst/port[0].port_inst/port_tx_inst/tx_async_fifo_inst/fifo_inst/rd_ptr_gray_sync1_reg_reg[5]/D
                            (rising edge-triggered cell FDRE clocked by pcie_user_clk)
  Reference Source:       core_inst/core_inst/core_pcie_inst/core_inst/iface[0].interface_inst/port[0].port_inst/port_tx_inst/tx_async_fifo_inst/fifo_inst/rd_ptr_gray_reg_reg[2]/C
                            (rising edge-triggered cell FDRE clocked by txoutclk_out[0])
  Reference Destination:  core_inst/core_inst/core_pcie_inst/core_inst/iface[0].interface_inst/port[0].port_inst/port_tx_inst/tx_async_fifo_inst/fifo_inst/rd_ptr_gray_sync1_reg_reg[2]/D
                            (rising edge-triggered cell FDRE clocked by pcie_user_clk)
  Path Type:              Bus Skew (Max at Slow Process Corner)
  Requirement:            4.000ns
  Endpoint Relative Delay:    0.310ns
  Reference Relative Delay:  -0.388ns
  Relative CRPR:              0.290ns
  Actual Bus Skew:            0.409ns  (Endpoint Relative Delay - Reference Relative Delay - Relative CRPR)

Endpoint path:
    Location             Delay type                Incr(ns)  Path(ns)    Netlist Resource(s)
  -------------------------------------------------------------------    -------------------
                         (clock txoutclk_out[0] rise edge)
                                                      0.000     0.000 r  
    GTHE4_CHANNEL_X0Y10  GTHE4_CHANNEL                0.000     0.000 r  gig_ethernet_pcs_pma_0/inst/pcs_pma_block_i/transceiver_inst/gig_ethernet_pcs_pma_0_gt_i/inst/gen_gtwizard_gthe4_top.gig_ethernet_pcs_pma_0_gt_gtwizard_gthe4_inst/gen_gtwizard_gthe4.gen_channel_container[0].gen_enabled_channel.gthe4_channel_wrapper_inst/channel_inst/gthe4_channel_gen.gen_gthe4_channel_inst[0].GTHE4_CHANNEL_PRIM_INST/TXOUTCLK
                         net (fo=4, routed)           0.113     0.113    gig_ethernet_pcs_pma_0/inst/core_clocking_i/txoutclk
    BUFG_GT_X0Y58        BUFG_GT (Prop_BUFG_GT_I_O)
                                                      0.130     0.243 r  gig_ethernet_pcs_pma_0/inst/core_clocking_i/usrclk2_bufg_inst/O
    X2Y2 (CLOCK_ROOT)    net (fo=1381, routed)        1.627     1.870    core_inst/core_inst/core_pcie_inst/core_inst/iface[0].interface_inst/port[0].port_inst/port_tx_inst/tx_async_fifo_inst/fifo_inst/clk
    SLICE_X56Y149        FDRE                                         r  core_inst/core_inst/core_pcie_inst/core_inst/iface[0].interface_inst/port[0].port_inst/port_tx_inst/tx_async_fifo_inst/fifo_inst/rd_ptr_reg_reg[5]/C
  -------------------------------------------------------------------    -------------------
    SLICE_X56Y149        FDRE (Prop_AFF_SLICEM_C_Q)
                                                      0.077     1.947 r  core_inst/core_inst/core_pcie_inst/core_inst/iface[0].interface_inst/port[0].port_inst/port_tx_inst/tx_async_fifo_inst/fifo_inst/rd_ptr_reg_reg[5]/Q
                         net (fo=4, routed)           0.276     2.223    core_inst/core_inst/core_pcie_inst/core_inst/iface[0].interface_inst/port[0].port_inst/port_tx_inst/tx_async_fifo_inst/fifo_inst/rd_ptr_reg_reg[5]
    SLICE_X57Y147        FDRE                                         r  core_inst/core_inst/core_pcie_inst/core_inst/iface[0].interface_inst/port[0].port_inst/port_tx_inst/tx_async_fifo_inst/fifo_inst/rd_ptr_gray_sync1_reg_reg[5]/D
  -------------------------------------------------------------------    -------------------

                         (clock pcie_user_clk rise edge)
                                                      0.000     0.000 r  
    GTHE4_CHANNEL_X0Y7   GTHE4_CHANNEL                0.000     0.000 r  pcie4_uscale_plus_inst/inst/pcie4_uscale_plus_0_gt_top_i/diablo_gt.diablo_gt_phy_wrapper/gt_wizard.gtwizard_top_i/pcie4_uscale_plus_0_gt_i/inst/gen_gtwizard_gthe4_top.pcie4_uscale_plus_0_gt_gtwizard_gthe4_inst/gen_gtwizard_gthe4.gen_channel_container[3].gen_enabled_channel.gthe4_channel_wrapper_inst/channel_inst/gthe4_channel_gen.gen_gthe4_channel_inst[3].GTHE4_CHANNEL_PRIM_INST/TXOUTCLK
                         net (fo=6, routed)           0.099     0.099    pcie4_uscale_plus_inst/inst/pcie4_uscale_plus_0_gt_top_i/diablo_gt.diablo_gt_phy_wrapper/phy_clk_i/CLK_TXOUTCLK
    BUFG_GT_X0Y36        BUFG_GT (Prop_BUFG_GT_I_O)
                                                      0.114     0.213 r  pcie4_uscale_plus_inst/inst/pcie4_uscale_plus_0_gt_top_i/diablo_gt.diablo_gt_phy_wrapper/phy_clk_i/bufg_gt_coreclk/O
    X3Y2 (CLOCK_ROOT)    net (fo=32612, routed)       1.675     1.888    core_inst/core_inst/core_pcie_inst/core_inst/iface[0].interface_inst/port[0].port_inst/port_tx_inst/tx_async_fifo_inst/fifo_inst/clk_250mhz
    SLICE_X57Y147        FDRE                                         r  core_inst/core_inst/core_pcie_inst/core_inst/iface[0].interface_inst/port[0].port_inst/port_tx_inst/tx_async_fifo_inst/fifo_inst/rd_ptr_gray_sync1_reg_reg[5]/C
                         clock pessimism              0.000     1.888    
    SLICE_X57Y147        FDRE (Setup_HFF2_SLICEM_C_D)
                                                      0.025     1.913    core_inst/core_inst/core_pcie_inst/core_inst/iface[0].interface_inst/port[0].port_inst/port_tx_inst/tx_async_fifo_inst/fifo_inst/rd_ptr_gray_sync1_reg_reg[5]
  -------------------------------------------------------------------
                         data arrival                           2.223    
                         clock arrival                          1.913    
  -------------------------------------------------------------------
                         relative delay                         0.310    

Reference path:
    Location             Delay type                Incr(ns)  Path(ns)    Netlist Resource(s)
  -------------------------------------------------------------------    -------------------
                         (clock txoutclk_out[0] rise edge)
                                                      0.000     0.000 r  
    GTHE4_CHANNEL_X0Y10  GTHE4_CHANNEL                0.000     0.000 r  gig_ethernet_pcs_pma_0/inst/pcs_pma_block_i/transceiver_inst/gig_ethernet_pcs_pma_0_gt_i/inst/gen_gtwizard_gthe4_top.gig_ethernet_pcs_pma_0_gt_gtwizard_gthe4_inst/gen_gtwizard_gthe4.gen_channel_container[0].gen_enabled_channel.gthe4_channel_wrapper_inst/channel_inst/gthe4_channel_gen.gen_gthe4_channel_inst[0].GTHE4_CHANNEL_PRIM_INST/TXOUTCLK
                         net (fo=4, routed)           0.099     0.099    gig_ethernet_pcs_pma_0/inst/core_clocking_i/txoutclk
    BUFG_GT_X0Y58        BUFG_GT (Prop_BUFG_GT_I_O)
                                                      0.114     0.213 r  gig_ethernet_pcs_pma_0/inst/core_clocking_i/usrclk2_bufg_inst/O
    X2Y2 (CLOCK_ROOT)    net (fo=1381, routed)        1.437     1.650    core_inst/core_inst/core_pcie_inst/core_inst/iface[0].interface_inst/port[0].port_inst/port_tx_inst/tx_async_fifo_inst/fifo_inst/clk
    SLICE_X56Y150        FDRE                                         r  core_inst/core_inst/core_pcie_inst/core_inst/iface[0].interface_inst/port[0].port_inst/port_tx_inst/tx_async_fifo_inst/fifo_inst/rd_ptr_gray_reg_reg[2]/C
  -------------------------------------------------------------------    -------------------
    SLICE_X56Y150        FDRE (Prop_CFF_SLICEM_C_Q)
                                                      0.058     1.708 r  core_inst/core_inst/core_pcie_inst/core_inst/iface[0].interface_inst/port[0].port_inst/port_tx_inst/tx_async_fifo_inst/fifo_inst/rd_ptr_gray_reg_reg[2]/Q
                         net (fo=1, routed)           0.072     1.780    core_inst/core_inst/core_pcie_inst/core_inst/iface[0].interface_inst/port[0].port_inst/port_tx_inst/tx_async_fifo_inst/fifo_inst/rd_ptr_gray_reg_reg_n_0_[2]
    SLICE_X56Y149        FDRE                                         r  core_inst/core_inst/core_pcie_inst/core_inst/iface[0].interface_inst/port[0].port_inst/port_tx_inst/tx_async_fifo_inst/fifo_inst/rd_ptr_gray_sync1_reg_reg[2]/D
  -------------------------------------------------------------------    -------------------

                         (clock pcie_user_clk rise edge)
                                                      0.000     0.000 r  
    GTHE4_CHANNEL_X0Y7   GTHE4_CHANNEL                0.000     0.000 r  pcie4_uscale_plus_inst/inst/pcie4_uscale_plus_0_gt_top_i/diablo_gt.diablo_gt_phy_wrapper/gt_wizard.gtwizard_top_i/pcie4_uscale_plus_0_gt_i/inst/gen_gtwizard_gthe4_top.pcie4_uscale_plus_0_gt_gtwizard_gthe4_inst/gen_gtwizard_gthe4.gen_channel_container[3].gen_enabled_channel.gthe4_channel_wrapper_inst/channel_inst/gthe4_channel_gen.gen_gthe4_channel_inst[3].GTHE4_CHANNEL_PRIM_INST/TXOUTCLK
                         net (fo=6, routed)           0.113     0.113    pcie4_uscale_plus_inst/inst/pcie4_uscale_plus_0_gt_top_i/diablo_gt.diablo_gt_phy_wrapper/phy_clk_i/CLK_TXOUTCLK
    BUFG_GT_X0Y36        BUFG_GT (Prop_BUFG_GT_I_O)
                                                      0.130     0.243 r  pcie4_uscale_plus_inst/inst/pcie4_uscale_plus_0_gt_top_i/diablo_gt.diablo_gt_phy_wrapper/phy_clk_i/bufg_gt_coreclk/O
    X3Y2 (CLOCK_ROOT)    net (fo=32612, routed)       1.863     2.106    core_inst/core_inst/core_pcie_inst/core_inst/iface[0].interface_inst/port[0].port_inst/port_tx_inst/tx_async_fifo_inst/fifo_inst/clk_250mhz
    SLICE_X56Y149        FDRE                                         r  core_inst/core_inst/core_pcie_inst/core_inst/iface[0].interface_inst/port[0].port_inst/port_tx_inst/tx_async_fifo_inst/fifo_inst/rd_ptr_gray_sync1_reg_reg[2]/C
                         clock pessimism              0.000     2.106    
    SLICE_X56Y149        FDRE (Hold_HFF2_SLICEM_C_D)
                                                      0.062     2.168    core_inst/core_inst/core_pcie_inst/core_inst/iface[0].interface_inst/port[0].port_inst/port_tx_inst/tx_async_fifo_inst/fifo_inst/rd_ptr_gray_sync1_reg_reg[2]
  -------------------------------------------------------------------
                         data arrival                           1.780    
                         clock arrival                          2.168    
  -------------------------------------------------------------------
                         relative delay                        -0.388    



Id: 6
set_bus_skew -from [get_cells -quiet {core_inst/core_inst/core_pcie_inst/core_inst/iface[0].interface_inst/port[0].port_inst/port_tx_inst/tx_async_fifo_inst/fifo_inst/wr_ptr_sync_commit_reg_reg[*]}] -to [get_cells {core_inst/core_inst/core_pcie_inst/core_inst/iface[0].interface_inst/port[0].port_inst/port_tx_inst/tx_async_fifo_inst/fifo_inst/wr_ptr_commit_sync_reg_reg[*]}] 8.000
Requirement: 8.000ns
Endpoints: 6

From Clock            To Clock              Endpoint Pin                    Reference Pin                   Corner  Actual(ns)  Slack(ns)
--------------------  --------------------  ------------------------------  ------------------------------  ------  ----------  ---------
pcie_user_clk         txoutclk_out[0]       core_inst/core_inst/core_pcie_inst/core_inst/iface[0].interface_inst/port[0].port_inst/port_tx_inst/tx_async_fifo_inst/fifo_inst/wr_ptr_commit_sync_reg_reg[3]/D
                                                                            core_inst/core_inst/core_pcie_inst/core_inst/iface[0].interface_inst/port[0].port_inst/port_tx_inst/tx_async_fifo_inst/fifo_inst/wr_ptr_commit_sync_reg_reg[0]/D
                                                                                                            Slow         0.560      7.440


Slack (MET) :             7.440ns  (requirement - actual skew)
  Endpoint Source:        core_inst/core_inst/core_pcie_inst/core_inst/iface[0].interface_inst/port[0].port_inst/port_tx_inst/tx_async_fifo_inst/fifo_inst/wr_ptr_sync_commit_reg_reg[3]/C
                            (rising edge-triggered cell FDRE clocked by pcie_user_clk)
  Endpoint Destination:   core_inst/core_inst/core_pcie_inst/core_inst/iface[0].interface_inst/port[0].port_inst/port_tx_inst/tx_async_fifo_inst/fifo_inst/wr_ptr_commit_sync_reg_reg[3]/D
                            (rising edge-triggered cell FDRE clocked by txoutclk_out[0])
  Reference Source:       core_inst/core_inst/core_pcie_inst/core_inst/iface[0].interface_inst/port[0].port_inst/port_tx_inst/tx_async_fifo_inst/fifo_inst/wr_ptr_sync_commit_reg_reg[0]/C
                            (rising edge-triggered cell FDRE clocked by pcie_user_clk)
  Reference Destination:  core_inst/core_inst/core_pcie_inst/core_inst/iface[0].interface_inst/port[0].port_inst/port_tx_inst/tx_async_fifo_inst/fifo_inst/wr_ptr_commit_sync_reg_reg[0]/D
                            (rising edge-triggered cell FDRE clocked by txoutclk_out[0])
  Path Type:              Bus Skew (Max at Slow Process Corner)
  Requirement:            8.000ns
  Endpoint Relative Delay:    0.965ns
  Reference Relative Delay:   0.115ns
  Relative CRPR:              0.290ns
  Actual Bus Skew:            0.560ns  (Endpoint Relative Delay - Reference Relative Delay - Relative CRPR)

Endpoint path:
    Location             Delay type                Incr(ns)  Path(ns)    Netlist Resource(s)
  -------------------------------------------------------------------    -------------------
                         (clock pcie_user_clk rise edge)
                                                      0.000     0.000 r  
    GTHE4_CHANNEL_X0Y7   GTHE4_CHANNEL                0.000     0.000 r  pcie4_uscale_plus_inst/inst/pcie4_uscale_plus_0_gt_top_i/diablo_gt.diablo_gt_phy_wrapper/gt_wizard.gtwizard_top_i/pcie4_uscale_plus_0_gt_i/inst/gen_gtwizard_gthe4_top.pcie4_uscale_plus_0_gt_gtwizard_gthe4_inst/gen_gtwizard_gthe4.gen_channel_container[3].gen_enabled_channel.gthe4_channel_wrapper_inst/channel_inst/gthe4_channel_gen.gen_gthe4_channel_inst[3].GTHE4_CHANNEL_PRIM_INST/TXOUTCLK
                         net (fo=6, routed)           0.113     0.113    pcie4_uscale_plus_inst/inst/pcie4_uscale_plus_0_gt_top_i/diablo_gt.diablo_gt_phy_wrapper/phy_clk_i/CLK_TXOUTCLK
    BUFG_GT_X0Y36        BUFG_GT (Prop_BUFG_GT_I_O)
                                                      0.130     0.243 r  pcie4_uscale_plus_inst/inst/pcie4_uscale_plus_0_gt_top_i/diablo_gt.diablo_gt_phy_wrapper/phy_clk_i/bufg_gt_coreclk/O
    X3Y2 (CLOCK_ROOT)    net (fo=32612, routed)       1.868     2.111    core_inst/core_inst/core_pcie_inst/core_inst/iface[0].interface_inst/port[0].port_inst/port_tx_inst/tx_async_fifo_inst/fifo_inst/clk_250mhz
    SLICE_X56Y147        FDRE                                         r  core_inst/core_inst/core_pcie_inst/core_inst/iface[0].interface_inst/port[0].port_inst/port_tx_inst/tx_async_fifo_inst/fifo_inst/wr_ptr_sync_commit_reg_reg[3]/C
  -------------------------------------------------------------------    -------------------
    SLICE_X56Y147        FDRE (Prop_CFF_SLICEM_C_Q)
                                                      0.078     2.189 r  core_inst/core_inst/core_pcie_inst/core_inst/iface[0].interface_inst/port[0].port_inst/port_tx_inst/tx_async_fifo_inst/fifo_inst/wr_ptr_sync_commit_reg_reg[3]/Q
                         net (fo=1, routed)           0.451     2.640    core_inst/core_inst/core_pcie_inst/core_inst/iface[0].interface_inst/port[0].port_inst/port_tx_inst/tx_async_fifo_inst/fifo_inst/wr_ptr_sync_commit_reg[3]
    SLICE_X56Y147        FDRE                                         r  core_inst/core_inst/core_pcie_inst/core_inst/iface[0].interface_inst/port[0].port_inst/port_tx_inst/tx_async_fifo_inst/fifo_inst/wr_ptr_commit_sync_reg_reg[3]/D
  -------------------------------------------------------------------    -------------------

                         (clock txoutclk_out[0] rise edge)
                                                      0.000     0.000 r  
    GTHE4_CHANNEL_X0Y10  GTHE4_CHANNEL                0.000     0.000 r  gig_ethernet_pcs_pma_0/inst/pcs_pma_block_i/transceiver_inst/gig_ethernet_pcs_pma_0_gt_i/inst/gen_gtwizard_gthe4_top.gig_ethernet_pcs_pma_0_gt_gtwizard_gthe4_inst/gen_gtwizard_gthe4.gen_channel_container[0].gen_enabled_channel.gthe4_channel_wrapper_inst/channel_inst/gthe4_channel_gen.gen_gthe4_channel_inst[0].GTHE4_CHANNEL_PRIM_INST/TXOUTCLK
                         net (fo=4, routed)           0.099     0.099    gig_ethernet_pcs_pma_0/inst/core_clocking_i/txoutclk
    BUFG_GT_X0Y58        BUFG_GT (Prop_BUFG_GT_I_O)
                                                      0.114     0.213 r  gig_ethernet_pcs_pma_0/inst/core_clocking_i/usrclk2_bufg_inst/O
    X2Y2 (CLOCK_ROOT)    net (fo=1381, routed)        1.437     1.650    core_inst/core_inst/core_pcie_inst/core_inst/iface[0].interface_inst/port[0].port_inst/port_tx_inst/tx_async_fifo_inst/fifo_inst/clk
    SLICE_X56Y147        FDRE                                         r  core_inst/core_inst/core_pcie_inst/core_inst/iface[0].interface_inst/port[0].port_inst/port_tx_inst/tx_async_fifo_inst/fifo_inst/wr_ptr_commit_sync_reg_reg[3]/C
                         clock pessimism              0.000     1.650    
    SLICE_X56Y147        FDRE (Setup_EFF2_SLICEM_C_D)
                                                      0.025     1.675    core_inst/core_inst/core_pcie_inst/core_inst/iface[0].interface_inst/port[0].port_inst/port_tx_inst/tx_async_fifo_inst/fifo_inst/wr_ptr_commit_sync_reg_reg[3]
  -------------------------------------------------------------------
                         data arrival                           2.640    
                         clock arrival                          1.675    
  -------------------------------------------------------------------
                         relative delay                         0.965    

Reference path:
    Location             Delay type                Incr(ns)  Path(ns)    Netlist Resource(s)
  -------------------------------------------------------------------    -------------------
                         (clock pcie_user_clk rise edge)
                                                      0.000     0.000 r  
    GTHE4_CHANNEL_X0Y7   GTHE4_CHANNEL                0.000     0.000 r  pcie4_uscale_plus_inst/inst/pcie4_uscale_plus_0_gt_top_i/diablo_gt.diablo_gt_phy_wrapper/gt_wizard.gtwizard_top_i/pcie4_uscale_plus_0_gt_i/inst/gen_gtwizard_gthe4_top.pcie4_uscale_plus_0_gt_gtwizard_gthe4_inst/gen_gtwizard_gthe4.gen_channel_container[3].gen_enabled_channel.gthe4_channel_wrapper_inst/channel_inst/gthe4_channel_gen.gen_gthe4_channel_inst[3].GTHE4_CHANNEL_PRIM_INST/TXOUTCLK
                         net (fo=6, routed)           0.099     0.099    pcie4_uscale_plus_inst/inst/pcie4_uscale_plus_0_gt_top_i/diablo_gt.diablo_gt_phy_wrapper/phy_clk_i/CLK_TXOUTCLK
    BUFG_GT_X0Y36        BUFG_GT (Prop_BUFG_GT_I_O)
                                                      0.114     0.213 r  pcie4_uscale_plus_inst/inst/pcie4_uscale_plus_0_gt_top_i/diablo_gt.diablo_gt_phy_wrapper/phy_clk_i/bufg_gt_coreclk/O
    X3Y2 (CLOCK_ROOT)    net (fo=32612, routed)       1.677     1.890    core_inst/core_inst/core_pcie_inst/core_inst/iface[0].interface_inst/port[0].port_inst/port_tx_inst/tx_async_fifo_inst/fifo_inst/clk_250mhz
    SLICE_X55Y148        FDRE                                         r  core_inst/core_inst/core_pcie_inst/core_inst/iface[0].interface_inst/port[0].port_inst/port_tx_inst/tx_async_fifo_inst/fifo_inst/wr_ptr_sync_commit_reg_reg[0]/C
  -------------------------------------------------------------------    -------------------
    SLICE_X55Y148        FDRE (Prop_GFF_SLICEL_C_Q)
                                                      0.059     1.949 r  core_inst/core_inst/core_pcie_inst/core_inst/iface[0].interface_inst/port[0].port_inst/port_tx_inst/tx_async_fifo_inst/fifo_inst/wr_ptr_sync_commit_reg_reg[0]/Q
                         net (fo=1, routed)           0.102     2.051    core_inst/core_inst/core_pcie_inst/core_inst/iface[0].interface_inst/port[0].port_inst/port_tx_inst/tx_async_fifo_inst/fifo_inst/wr_ptr_sync_commit_reg[0]
    SLICE_X55Y149        FDRE                                         r  core_inst/core_inst/core_pcie_inst/core_inst/iface[0].interface_inst/port[0].port_inst/port_tx_inst/tx_async_fifo_inst/fifo_inst/wr_ptr_commit_sync_reg_reg[0]/D
  -------------------------------------------------------------------    -------------------

                         (clock txoutclk_out[0] rise edge)
                                                      0.000     0.000 r  
    GTHE4_CHANNEL_X0Y10  GTHE4_CHANNEL                0.000     0.000 r  gig_ethernet_pcs_pma_0/inst/pcs_pma_block_i/transceiver_inst/gig_ethernet_pcs_pma_0_gt_i/inst/gen_gtwizard_gthe4_top.gig_ethernet_pcs_pma_0_gt_gtwizard_gthe4_inst/gen_gtwizard_gthe4.gen_channel_container[0].gen_enabled_channel.gthe4_channel_wrapper_inst/channel_inst/gthe4_channel_gen.gen_gthe4_channel_inst[0].GTHE4_CHANNEL_PRIM_INST/TXOUTCLK
                         net (fo=4, routed)           0.113     0.113    gig_ethernet_pcs_pma_0/inst/core_clocking_i/txoutclk
    BUFG_GT_X0Y58        BUFG_GT (Prop_BUFG_GT_I_O)
                                                      0.130     0.243 r  gig_ethernet_pcs_pma_0/inst/core_clocking_i/usrclk2_bufg_inst/O
    X2Y2 (CLOCK_ROOT)    net (fo=1381, routed)        1.633     1.876    core_inst/core_inst/core_pcie_inst/core_inst/iface[0].interface_inst/port[0].port_inst/port_tx_inst/tx_async_fifo_inst/fifo_inst/clk
    SLICE_X55Y149        FDRE                                         r  core_inst/core_inst/core_pcie_inst/core_inst/iface[0].interface_inst/port[0].port_inst/port_tx_inst/tx_async_fifo_inst/fifo_inst/wr_ptr_commit_sync_reg_reg[0]/C
                         clock pessimism              0.000     1.876    
    SLICE_X55Y149        FDRE (Hold_AFF_SLICEL_C_D)
                                                      0.060     1.936    core_inst/core_inst/core_pcie_inst/core_inst/iface[0].interface_inst/port[0].port_inst/port_tx_inst/tx_async_fifo_inst/fifo_inst/wr_ptr_commit_sync_reg_reg[0]
  -------------------------------------------------------------------
                         data arrival                           2.051    
                         clock arrival                          1.936    
  -------------------------------------------------------------------
                         relative delay                         0.115    



Id: 7
set_bus_skew -from [get_cells {{core_inst/eth_mac_inst/rx_fifo/fifo_inst/rd_ptr_reg_reg[*]} {core_inst/eth_mac_inst/rx_fifo/fifo_inst/rd_ptr_gray_reg_reg[*]}}] -to [get_cells {core_inst/eth_mac_inst/rx_fifo/fifo_inst/rd_ptr_gray_sync1_reg_reg[*]}] 8.000
Requirement: 8.000ns
Endpoints: 14

From Clock            To Clock              Endpoint Pin                    Reference Pin                   Corner  Actual(ns)  Slack(ns)
--------------------  --------------------  ------------------------------  ------------------------------  ------  ----------  ---------
txoutclk_out[0]       txoutclk_out[0]       core_inst/eth_mac_inst/rx_fifo/fifo_inst/rd_ptr_gray_sync1_reg_reg[2]/D
                                                                            core_inst/eth_mac_inst/rx_fifo/fifo_inst/rd_ptr_gray_sync1_reg_reg[3]/D
                                                                                                            Slow         0.511      7.489


Slack (MET) :             7.489ns  (requirement - actual skew)
  Endpoint Source:        core_inst/eth_mac_inst/rx_fifo/fifo_inst/rd_ptr_gray_reg_reg[2]/C
                            (rising edge-triggered cell FDRE clocked by txoutclk_out[0])
  Endpoint Destination:   core_inst/eth_mac_inst/rx_fifo/fifo_inst/rd_ptr_gray_sync1_reg_reg[2]/D
                            (rising edge-triggered cell FDRE clocked by txoutclk_out[0])
  Reference Source:       core_inst/eth_mac_inst/rx_fifo/fifo_inst/rd_ptr_gray_reg_reg[3]/C
                            (rising edge-triggered cell FDRE clocked by txoutclk_out[0])
  Reference Destination:  core_inst/eth_mac_inst/rx_fifo/fifo_inst/rd_ptr_gray_sync1_reg_reg[3]/D
                            (rising edge-triggered cell FDRE clocked by txoutclk_out[0])
  Path Type:              Bus Skew (Max at Slow Process Corner)
  Requirement:            8.000ns
  Endpoint Relative Delay:    0.559ns
  Reference Relative Delay:   0.048ns
  Relative CRPR:              0.000ns
  Actual Bus Skew:            0.511ns  (Endpoint Relative Delay - Reference Relative Delay - Relative CRPR)

Endpoint path:
    Location             Delay type                Incr(ns)  Path(ns)    Netlist Resource(s)
  -------------------------------------------------------------------    -------------------
                         (clock txoutclk_out[0] rise edge)
                                                      0.000     0.000 r  
    GTHE4_CHANNEL_X0Y10  GTHE4_CHANNEL                0.000     0.000 r  gig_ethernet_pcs_pma_0/inst/pcs_pma_block_i/transceiver_inst/gig_ethernet_pcs_pma_0_gt_i/inst/gen_gtwizard_gthe4_top.gig_ethernet_pcs_pma_0_gt_gtwizard_gthe4_inst/gen_gtwizard_gthe4.gen_channel_container[0].gen_enabled_channel.gthe4_channel_wrapper_inst/channel_inst/gthe4_channel_gen.gen_gthe4_channel_inst[0].GTHE4_CHANNEL_PRIM_INST/TXOUTCLK
                         net (fo=4, routed)           0.113     0.113    gig_ethernet_pcs_pma_0/inst/core_clocking_i/txoutclk
    BUFG_GT_X0Y58        BUFG_GT (Prop_BUFG_GT_I_O)
                                                      0.130     0.243 r  gig_ethernet_pcs_pma_0/inst/core_clocking_i/usrclk2_bufg_inst/O
    X2Y2 (CLOCK_ROOT)    net (fo=1381, routed)        1.582     1.825    core_inst/eth_mac_inst/rx_fifo/fifo_inst/clk
    SLICE_X68Y260        FDRE                                         r  core_inst/eth_mac_inst/rx_fifo/fifo_inst/rd_ptr_gray_reg_reg[2]/C
  -------------------------------------------------------------------    -------------------
    SLICE_X68Y260        FDRE (Prop_CFF_SLICEL_C_Q)
                                                      0.079     1.904 r  core_inst/eth_mac_inst/rx_fifo/fifo_inst/rd_ptr_gray_reg_reg[2]/Q
                         net (fo=1, routed)           0.472     2.376    core_inst/eth_mac_inst/rx_fifo/fifo_inst/rd_ptr_gray_reg[2]
    SLICE_X68Y260        FDRE                                         r  core_inst/eth_mac_inst/rx_fifo/fifo_inst/rd_ptr_gray_sync1_reg_reg[2]/D
  -------------------------------------------------------------------    -------------------

                         (clock txoutclk_out[0] rise edge)
                                                      0.000     0.000 r  
    GTHE4_CHANNEL_X0Y10  GTHE4_CHANNEL                0.000     0.000 r  gig_ethernet_pcs_pma_0/inst/pcs_pma_block_i/transceiver_inst/gig_ethernet_pcs_pma_0_gt_i/inst/gen_gtwizard_gthe4_top.gig_ethernet_pcs_pma_0_gt_gtwizard_gthe4_inst/gen_gtwizard_gthe4.gen_channel_container[0].gen_enabled_channel.gthe4_channel_wrapper_inst/channel_inst/gthe4_channel_gen.gen_gthe4_channel_inst[0].GTHE4_CHANNEL_PRIM_INST/TXOUTCLK
                         net (fo=4, routed)           0.099     0.099    gig_ethernet_pcs_pma_0/inst/core_clocking_i/txoutclk
    BUFG_GT_X0Y58        BUFG_GT (Prop_BUFG_GT_I_O)
                                                      0.114     0.213 r  gig_ethernet_pcs_pma_0/inst/core_clocking_i/usrclk2_bufg_inst/O
    X2Y2 (CLOCK_ROOT)    net (fo=1381, routed)        1.378     1.591    core_inst/eth_mac_inst/rx_fifo/fifo_inst/clk
    SLICE_X68Y260        FDRE                                         r  core_inst/eth_mac_inst/rx_fifo/fifo_inst/rd_ptr_gray_sync1_reg_reg[2]/C
                         clock pessimism              0.200     1.791    
    SLICE_X68Y260        FDRE (Setup_GFF2_SLICEL_C_D)
                                                      0.025     1.816    core_inst/eth_mac_inst/rx_fifo/fifo_inst/rd_ptr_gray_sync1_reg_reg[2]
  -------------------------------------------------------------------
                         data arrival                           2.376    
                         clock arrival                          1.816    
  -------------------------------------------------------------------
                         relative delay                         0.559    

Reference path:
    Location             Delay type                Incr(ns)  Path(ns)    Netlist Resource(s)
  -------------------------------------------------------------------    -------------------
                         (clock txoutclk_out[0] rise edge)
                                                      0.000     0.000 r  
    GTHE4_CHANNEL_X0Y10  GTHE4_CHANNEL                0.000     0.000 r  gig_ethernet_pcs_pma_0/inst/pcs_pma_block_i/transceiver_inst/gig_ethernet_pcs_pma_0_gt_i/inst/gen_gtwizard_gthe4_top.gig_ethernet_pcs_pma_0_gt_gtwizard_gthe4_inst/gen_gtwizard_gthe4.gen_channel_container[0].gen_enabled_channel.gthe4_channel_wrapper_inst/channel_inst/gthe4_channel_gen.gen_gthe4_channel_inst[0].GTHE4_CHANNEL_PRIM_INST/TXOUTCLK
                         net (fo=4, routed)           0.099     0.099    gig_ethernet_pcs_pma_0/inst/core_clocking_i/txoutclk
    BUFG_GT_X0Y58        BUFG_GT (Prop_BUFG_GT_I_O)
                                                      0.114     0.213 r  gig_ethernet_pcs_pma_0/inst/core_clocking_i/usrclk2_bufg_inst/O
    X2Y2 (CLOCK_ROOT)    net (fo=1381, routed)        1.372     1.585    core_inst/eth_mac_inst/rx_fifo/fifo_inst/clk
    SLICE_X67Y261        FDRE                                         r  core_inst/eth_mac_inst/rx_fifo/fifo_inst/rd_ptr_gray_reg_reg[3]/C
  -------------------------------------------------------------------    -------------------
    SLICE_X67Y261        FDRE (Prop_EFF_SLICEM_C_Q)
                                                      0.058     1.643 r  core_inst/eth_mac_inst/rx_fifo/fifo_inst/rd_ptr_gray_reg_reg[3]/Q
                         net (fo=1, routed)           0.111     1.754    core_inst/eth_mac_inst/rx_fifo/fifo_inst/rd_ptr_gray_reg[3]
    SLICE_X67Y260        FDRE                                         r  core_inst/eth_mac_inst/rx_fifo/fifo_inst/rd_ptr_gray_sync1_reg_reg[3]/D
  -------------------------------------------------------------------    -------------------

                         (clock txoutclk_out[0] rise edge)
                                                      0.000     0.000 r  
    GTHE4_CHANNEL_X0Y10  GTHE4_CHANNEL                0.000     0.000 r  gig_ethernet_pcs_pma_0/inst/pcs_pma_block_i/transceiver_inst/gig_ethernet_pcs_pma_0_gt_i/inst/gen_gtwizard_gthe4_top.gig_ethernet_pcs_pma_0_gt_gtwizard_gthe4_inst/gen_gtwizard_gthe4.gen_channel_container[0].gen_enabled_channel.gthe4_channel_wrapper_inst/channel_inst/gthe4_channel_gen.gen_gthe4_channel_inst[0].GTHE4_CHANNEL_PRIM_INST/TXOUTCLK
                         net (fo=4, routed)           0.113     0.113    gig_ethernet_pcs_pma_0/inst/core_clocking_i/txoutclk
    BUFG_GT_X0Y58        BUFG_GT (Prop_BUFG_GT_I_O)
                                                      0.130     0.243 r  gig_ethernet_pcs_pma_0/inst/core_clocking_i/usrclk2_bufg_inst/O
    X2Y2 (CLOCK_ROOT)    net (fo=1381, routed)        1.593     1.836    core_inst/eth_mac_inst/rx_fifo/fifo_inst/clk
    SLICE_X67Y260        FDRE                                         r  core_inst/eth_mac_inst/rx_fifo/fifo_inst/rd_ptr_gray_sync1_reg_reg[3]/C
                         clock pessimism             -0.191     1.645    
    SLICE_X67Y260        FDRE (Hold_DFF2_SLICEM_C_D)
                                                      0.061     1.706    core_inst/eth_mac_inst/rx_fifo/fifo_inst/rd_ptr_gray_sync1_reg_reg[3]
  -------------------------------------------------------------------
                         data arrival                           1.754    
                         clock arrival                          1.706    
  -------------------------------------------------------------------
                         relative delay                         0.048    



Id: 8
set_bus_skew -from [get_cells -quiet {core_inst/eth_mac_inst/rx_fifo/fifo_inst/wr_ptr_sync_commit_reg_reg[*]}] -to [get_cells {core_inst/eth_mac_inst/rx_fifo/fifo_inst/wr_ptr_commit_sync_reg_reg[*]}] 8.000
Requirement: 8.000ns
Endpoints: 14

From Clock            To Clock              Endpoint Pin                    Reference Pin                   Corner  Actual(ns)  Slack(ns)
--------------------  --------------------  ------------------------------  ------------------------------  ------  ----------  ---------
txoutclk_out[0]       txoutclk_out[0]       core_inst/eth_mac_inst/rx_fifo/fifo_inst/wr_ptr_commit_sync_reg_reg[6]/D
                                                                            core_inst/eth_mac_inst/rx_fifo/fifo_inst/wr_ptr_commit_sync_reg_reg[3]/D
                                                                                                            Slow         0.485      7.515


Slack (MET) :             7.515ns  (requirement - actual skew)
  Endpoint Source:        core_inst/eth_mac_inst/rx_fifo/fifo_inst/wr_ptr_sync_commit_reg_reg[6]/C
                            (rising edge-triggered cell FDRE clocked by txoutclk_out[0])
  Endpoint Destination:   core_inst/eth_mac_inst/rx_fifo/fifo_inst/wr_ptr_commit_sync_reg_reg[6]/D
                            (rising edge-triggered cell FDRE clocked by txoutclk_out[0])
  Reference Source:       core_inst/eth_mac_inst/rx_fifo/fifo_inst/wr_ptr_sync_commit_reg_reg[3]/C
                            (rising edge-triggered cell FDRE clocked by txoutclk_out[0])
  Reference Destination:  core_inst/eth_mac_inst/rx_fifo/fifo_inst/wr_ptr_commit_sync_reg_reg[3]/D
                            (rising edge-triggered cell FDRE clocked by txoutclk_out[0])
  Path Type:              Bus Skew (Max at Slow Process Corner)
  Requirement:            8.000ns
  Endpoint Relative Delay:    0.506ns
  Reference Relative Delay:   0.021ns
  Relative CRPR:              0.000ns
  Actual Bus Skew:            0.485ns  (Endpoint Relative Delay - Reference Relative Delay - Relative CRPR)

Endpoint path:
    Location             Delay type                Incr(ns)  Path(ns)    Netlist Resource(s)
  -------------------------------------------------------------------    -------------------
                         (clock txoutclk_out[0] rise edge)
                                                      0.000     0.000 r  
    GTHE4_CHANNEL_X0Y10  GTHE4_CHANNEL                0.000     0.000 r  gig_ethernet_pcs_pma_0/inst/pcs_pma_block_i/transceiver_inst/gig_ethernet_pcs_pma_0_gt_i/inst/gen_gtwizard_gthe4_top.gig_ethernet_pcs_pma_0_gt_gtwizard_gthe4_inst/gen_gtwizard_gthe4.gen_channel_container[0].gen_enabled_channel.gthe4_channel_wrapper_inst/channel_inst/gthe4_channel_gen.gen_gthe4_channel_inst[0].GTHE4_CHANNEL_PRIM_INST/TXOUTCLK
                         net (fo=4, routed)           0.113     0.113    gig_ethernet_pcs_pma_0/inst/core_clocking_i/txoutclk
    BUFG_GT_X0Y58        BUFG_GT (Prop_BUFG_GT_I_O)
                                                      0.130     0.243 r  gig_ethernet_pcs_pma_0/inst/core_clocking_i/usrclk2_bufg_inst/O
    X2Y2 (CLOCK_ROOT)    net (fo=1381, routed)        1.562     1.805    core_inst/eth_mac_inst/rx_fifo/fifo_inst/clk
    SLICE_X70Y258        FDRE                                         r  core_inst/eth_mac_inst/rx_fifo/fifo_inst/wr_ptr_sync_commit_reg_reg[6]/C
  -------------------------------------------------------------------    -------------------
    SLICE_X70Y258        FDRE (Prop_CFF_SLICEM_C_Q)
                                                      0.078     1.883 r  core_inst/eth_mac_inst/rx_fifo/fifo_inst/wr_ptr_sync_commit_reg_reg[6]/Q
                         net (fo=1, routed)           0.426     2.309    core_inst/eth_mac_inst/rx_fifo/fifo_inst/wr_ptr_sync_commit_reg[6]
    SLICE_X70Y258        FDRE                                         r  core_inst/eth_mac_inst/rx_fifo/fifo_inst/wr_ptr_commit_sync_reg_reg[6]/D
  -------------------------------------------------------------------    -------------------

                         (clock txoutclk_out[0] rise edge)
                                                      0.000     0.000 r  
    GTHE4_CHANNEL_X0Y10  GTHE4_CHANNEL                0.000     0.000 r  gig_ethernet_pcs_pma_0/inst/pcs_pma_block_i/transceiver_inst/gig_ethernet_pcs_pma_0_gt_i/inst/gen_gtwizard_gthe4_top.gig_ethernet_pcs_pma_0_gt_gtwizard_gthe4_inst/gen_gtwizard_gthe4.gen_channel_container[0].gen_enabled_channel.gthe4_channel_wrapper_inst/channel_inst/gthe4_channel_gen.gen_gthe4_channel_inst[0].GTHE4_CHANNEL_PRIM_INST/TXOUTCLK
                         net (fo=4, routed)           0.099     0.099    gig_ethernet_pcs_pma_0/inst/core_clocking_i/txoutclk
    BUFG_GT_X0Y58        BUFG_GT (Prop_BUFG_GT_I_O)
                                                      0.114     0.213 r  gig_ethernet_pcs_pma_0/inst/core_clocking_i/usrclk2_bufg_inst/O
    X2Y2 (CLOCK_ROOT)    net (fo=1381, routed)        1.366     1.579    core_inst/eth_mac_inst/rx_fifo/fifo_inst/clk
    SLICE_X70Y258        FDRE                                         r  core_inst/eth_mac_inst/rx_fifo/fifo_inst/wr_ptr_commit_sync_reg_reg[6]/C
                         clock pessimism              0.200     1.778    
    SLICE_X70Y258        FDRE (Setup_EFF_SLICEM_C_D)
                                                      0.025     1.803    core_inst/eth_mac_inst/rx_fifo/fifo_inst/wr_ptr_commit_sync_reg_reg[6]
  -------------------------------------------------------------------
                         data arrival                           2.309    
                         clock arrival                          1.803    
  -------------------------------------------------------------------
                         relative delay                         0.506    

Reference path:
    Location             Delay type                Incr(ns)  Path(ns)    Netlist Resource(s)
  -------------------------------------------------------------------    -------------------
                         (clock txoutclk_out[0] rise edge)
                                                      0.000     0.000 r  
    GTHE4_CHANNEL_X0Y10  GTHE4_CHANNEL                0.000     0.000 r  gig_ethernet_pcs_pma_0/inst/pcs_pma_block_i/transceiver_inst/gig_ethernet_pcs_pma_0_gt_i/inst/gen_gtwizard_gthe4_top.gig_ethernet_pcs_pma_0_gt_gtwizard_gthe4_inst/gen_gtwizard_gthe4.gen_channel_container[0].gen_enabled_channel.gthe4_channel_wrapper_inst/channel_inst/gthe4_channel_gen.gen_gthe4_channel_inst[0].GTHE4_CHANNEL_PRIM_INST/TXOUTCLK
                         net (fo=4, routed)           0.099     0.099    gig_ethernet_pcs_pma_0/inst/core_clocking_i/txoutclk
    BUFG_GT_X0Y58        BUFG_GT (Prop_BUFG_GT_I_O)
                                                      0.114     0.213 r  gig_ethernet_pcs_pma_0/inst/core_clocking_i/usrclk2_bufg_inst/O
    X2Y2 (CLOCK_ROOT)    net (fo=1381, routed)        1.381     1.594    core_inst/eth_mac_inst/rx_fifo/fifo_inst/clk
    SLICE_X68Y257        FDRE                                         r  core_inst/eth_mac_inst/rx_fifo/fifo_inst/wr_ptr_sync_commit_reg_reg[3]/C
  -------------------------------------------------------------------    -------------------
    SLICE_X68Y257        FDRE (Prop_FFF_SLICEL_C_Q)
                                                      0.058     1.652 r  core_inst/eth_mac_inst/rx_fifo/fifo_inst/wr_ptr_sync_commit_reg_reg[3]/Q
                         net (fo=1, routed)           0.093     1.745    core_inst/eth_mac_inst/rx_fifo/fifo_inst/wr_ptr_sync_commit_reg[3]
    SLICE_X69Y257        FDRE                                         r  core_inst/eth_mac_inst/rx_fifo/fifo_inst/wr_ptr_commit_sync_reg_reg[3]/D
  -------------------------------------------------------------------    -------------------

                         (clock txoutclk_out[0] rise edge)
                                                      0.000     0.000 r  
    GTHE4_CHANNEL_X0Y10  GTHE4_CHANNEL                0.000     0.000 r  gig_ethernet_pcs_pma_0/inst/pcs_pma_block_i/transceiver_inst/gig_ethernet_pcs_pma_0_gt_i/inst/gen_gtwizard_gthe4_top.gig_ethernet_pcs_pma_0_gt_gtwizard_gthe4_inst/gen_gtwizard_gthe4.gen_channel_container[0].gen_enabled_channel.gthe4_channel_wrapper_inst/channel_inst/gthe4_channel_gen.gen_gthe4_channel_inst[0].GTHE4_CHANNEL_PRIM_INST/TXOUTCLK
                         net (fo=4, routed)           0.113     0.113    gig_ethernet_pcs_pma_0/inst/core_clocking_i/txoutclk
    BUFG_GT_X0Y58        BUFG_GT (Prop_BUFG_GT_I_O)
                                                      0.130     0.243 r  gig_ethernet_pcs_pma_0/inst/core_clocking_i/usrclk2_bufg_inst/O
    X2Y2 (CLOCK_ROOT)    net (fo=1381, routed)        1.560     1.803    core_inst/eth_mac_inst/rx_fifo/fifo_inst/clk
    SLICE_X69Y257        FDRE                                         r  core_inst/eth_mac_inst/rx_fifo/fifo_inst/wr_ptr_commit_sync_reg_reg[3]/C
                         clock pessimism             -0.141     1.662    
    SLICE_X69Y257        FDRE (Hold_GFF2_SLICEL_C_D)
                                                      0.062     1.724    core_inst/eth_mac_inst/rx_fifo/fifo_inst/wr_ptr_commit_sync_reg_reg[3]
  -------------------------------------------------------------------
                         data arrival                           1.745    
                         clock arrival                          1.724    
  -------------------------------------------------------------------
                         relative delay                         0.021    



Id: 9
set_bus_skew -from [get_cells {{core_inst/eth_mac_inst/tx_fifo/fifo_inst/rd_ptr_reg_reg[*]} {core_inst/eth_mac_inst/tx_fifo/fifo_inst/rd_ptr_gray_reg_reg[*]}}] -to [get_cells {core_inst/eth_mac_inst/tx_fifo/fifo_inst/rd_ptr_gray_sync1_reg_reg[*]}] 8.000
Requirement: 8.000ns
Endpoints: 13

From Clock            To Clock              Endpoint Pin                    Reference Pin                   Corner  Actual(ns)  Slack(ns)
--------------------  --------------------  ------------------------------  ------------------------------  ------  ----------  ---------
txoutclk_out[0]       txoutclk_out[0]       core_inst/eth_mac_inst/tx_fifo/fifo_inst/rd_ptr_gray_sync1_reg_reg[0]/D
                                                                            core_inst/eth_mac_inst/tx_fifo/fifo_inst/rd_ptr_gray_sync1_reg_reg[3]/D
                                                                                                            Slow         0.624      7.376


Slack (MET) :             7.376ns  (requirement - actual skew)
  Endpoint Source:        core_inst/eth_mac_inst/tx_fifo/fifo_inst/rd_ptr_gray_reg_reg[0]/C
                            (rising edge-triggered cell FDRE clocked by txoutclk_out[0])
  Endpoint Destination:   core_inst/eth_mac_inst/tx_fifo/fifo_inst/rd_ptr_gray_sync1_reg_reg[0]/D
                            (rising edge-triggered cell FDRE clocked by txoutclk_out[0])
  Reference Source:       core_inst/eth_mac_inst/tx_fifo/fifo_inst/rd_ptr_gray_reg_reg[3]/C
                            (rising edge-triggered cell FDRE clocked by txoutclk_out[0])
  Reference Destination:  core_inst/eth_mac_inst/tx_fifo/fifo_inst/rd_ptr_gray_sync1_reg_reg[3]/D
                            (rising edge-triggered cell FDRE clocked by txoutclk_out[0])
  Path Type:              Bus Skew (Max at Slow Process Corner)
  Requirement:            8.000ns
  Endpoint Relative Delay:    0.620ns
  Reference Relative Delay:  -0.003ns
  Relative CRPR:              0.000ns
  Actual Bus Skew:            0.624ns  (Endpoint Relative Delay - Reference Relative Delay - Relative CRPR)

Endpoint path:
    Location             Delay type                Incr(ns)  Path(ns)    Netlist Resource(s)
  -------------------------------------------------------------------    -------------------
                         (clock txoutclk_out[0] rise edge)
                                                      0.000     0.000 r  
    GTHE4_CHANNEL_X0Y10  GTHE4_CHANNEL                0.000     0.000 r  gig_ethernet_pcs_pma_0/inst/pcs_pma_block_i/transceiver_inst/gig_ethernet_pcs_pma_0_gt_i/inst/gen_gtwizard_gthe4_top.gig_ethernet_pcs_pma_0_gt_gtwizard_gthe4_inst/gen_gtwizard_gthe4.gen_channel_container[0].gen_enabled_channel.gthe4_channel_wrapper_inst/channel_inst/gthe4_channel_gen.gen_gthe4_channel_inst[0].GTHE4_CHANNEL_PRIM_INST/TXOUTCLK
                         net (fo=4, routed)           0.113     0.113    gig_ethernet_pcs_pma_0/inst/core_clocking_i/txoutclk
    BUFG_GT_X0Y58        BUFG_GT (Prop_BUFG_GT_I_O)
                                                      0.130     0.243 r  gig_ethernet_pcs_pma_0/inst/core_clocking_i/usrclk2_bufg_inst/O
    X2Y2 (CLOCK_ROOT)    net (fo=1381, routed)        1.661     1.904    core_inst/eth_mac_inst/tx_fifo/fifo_inst/clk
    SLICE_X58Y162        FDRE                                         r  core_inst/eth_mac_inst/tx_fifo/fifo_inst/rd_ptr_gray_reg_reg[0]/C
  -------------------------------------------------------------------    -------------------
    SLICE_X58Y162        FDRE (Prop_BFF2_SLICEL_C_Q)
                                                      0.080     1.984 r  core_inst/eth_mac_inst/tx_fifo/fifo_inst/rd_ptr_gray_reg_reg[0]/Q
                         net (fo=1, routed)           0.532     2.516    core_inst/eth_mac_inst/tx_fifo/fifo_inst/rd_ptr_gray_reg[0]
    SLICE_X58Y162        FDRE                                         r  core_inst/eth_mac_inst/tx_fifo/fifo_inst/rd_ptr_gray_sync1_reg_reg[0]/D
  -------------------------------------------------------------------    -------------------

                         (clock txoutclk_out[0] rise edge)
                                                      0.000     0.000 r  
    GTHE4_CHANNEL_X0Y10  GTHE4_CHANNEL                0.000     0.000 r  gig_ethernet_pcs_pma_0/inst/pcs_pma_block_i/transceiver_inst/gig_ethernet_pcs_pma_0_gt_i/inst/gen_gtwizard_gthe4_top.gig_ethernet_pcs_pma_0_gt_gtwizard_gthe4_inst/gen_gtwizard_gthe4.gen_channel_container[0].gen_enabled_channel.gthe4_channel_wrapper_inst/channel_inst/gthe4_channel_gen.gen_gthe4_channel_inst[0].GTHE4_CHANNEL_PRIM_INST/TXOUTCLK
                         net (fo=4, routed)           0.099     0.099    gig_ethernet_pcs_pma_0/inst/core_clocking_i/txoutclk
    BUFG_GT_X0Y58        BUFG_GT (Prop_BUFG_GT_I_O)
                                                      0.114     0.213 r  gig_ethernet_pcs_pma_0/inst/core_clocking_i/usrclk2_bufg_inst/O
    X2Y2 (CLOCK_ROOT)    net (fo=1381, routed)        1.455     1.668    core_inst/eth_mac_inst/tx_fifo/fifo_inst/clk
    SLICE_X58Y162        FDRE                                         r  core_inst/eth_mac_inst/tx_fifo/fifo_inst/rd_ptr_gray_sync1_reg_reg[0]/C
                         clock pessimism              0.203     1.871    
    SLICE_X58Y162        FDRE (Setup_HFF2_SLICEL_C_D)
                                                      0.025     1.896    core_inst/eth_mac_inst/tx_fifo/fifo_inst/rd_ptr_gray_sync1_reg_reg[0]
  -------------------------------------------------------------------
                         data arrival                           2.516    
                         clock arrival                          1.896    
  -------------------------------------------------------------------
                         relative delay                         0.620    

Reference path:
    Location             Delay type                Incr(ns)  Path(ns)    Netlist Resource(s)
  -------------------------------------------------------------------    -------------------
                         (clock txoutclk_out[0] rise edge)
                                                      0.000     0.000 r  
    GTHE4_CHANNEL_X0Y10  GTHE4_CHANNEL                0.000     0.000 r  gig_ethernet_pcs_pma_0/inst/pcs_pma_block_i/transceiver_inst/gig_ethernet_pcs_pma_0_gt_i/inst/gen_gtwizard_gthe4_top.gig_ethernet_pcs_pma_0_gt_gtwizard_gthe4_inst/gen_gtwizard_gthe4.gen_channel_container[0].gen_enabled_channel.gthe4_channel_wrapper_inst/channel_inst/gthe4_channel_gen.gen_gthe4_channel_inst[0].GTHE4_CHANNEL_PRIM_INST/TXOUTCLK
                         net (fo=4, routed)           0.099     0.099    gig_ethernet_pcs_pma_0/inst/core_clocking_i/txoutclk
    BUFG_GT_X0Y58        BUFG_GT (Prop_BUFG_GT_I_O)
                                                      0.114     0.213 r  gig_ethernet_pcs_pma_0/inst/core_clocking_i/usrclk2_bufg_inst/O
    X2Y2 (CLOCK_ROOT)    net (fo=1381, routed)        1.452     1.665    core_inst/eth_mac_inst/tx_fifo/fifo_inst/clk
    SLICE_X59Y160        FDRE                                         r  core_inst/eth_mac_inst/tx_fifo/fifo_inst/rd_ptr_gray_reg_reg[3]/C
  -------------------------------------------------------------------    -------------------
    SLICE_X59Y160        FDRE (Prop_HFF_SLICEL_C_Q)
                                                      0.058     1.723 r  core_inst/eth_mac_inst/tx_fifo/fifo_inst/rd_ptr_gray_reg_reg[3]/Q
                         net (fo=1, routed)           0.105     1.828    core_inst/eth_mac_inst/tx_fifo/fifo_inst/rd_ptr_gray_reg[3]
    SLICE_X58Y161        FDRE                                         r  core_inst/eth_mac_inst/tx_fifo/fifo_inst/rd_ptr_gray_sync1_reg_reg[3]/D
  -------------------------------------------------------------------    -------------------

                         (clock txoutclk_out[0] rise edge)
                                                      0.000     0.000 r  
    GTHE4_CHANNEL_X0Y10  GTHE4_CHANNEL                0.000     0.000 r  gig_ethernet_pcs_pma_0/inst/pcs_pma_block_i/transceiver_inst/gig_ethernet_pcs_pma_0_gt_i/inst/gen_gtwizard_gthe4_top.gig_ethernet_pcs_pma_0_gt_gtwizard_gthe4_inst/gen_gtwizard_gthe4.gen_channel_container[0].gen_enabled_channel.gthe4_channel_wrapper_inst/channel_inst/gthe4_channel_gen.gen_gthe4_channel_inst[0].GTHE4_CHANNEL_PRIM_INST/TXOUTCLK
                         net (fo=4, routed)           0.113     0.113    gig_ethernet_pcs_pma_0/inst/core_clocking_i/txoutclk
    BUFG_GT_X0Y58        BUFG_GT (Prop_BUFG_GT_I_O)
                                                      0.130     0.243 r  gig_ethernet_pcs_pma_0/inst/core_clocking_i/usrclk2_bufg_inst/O
    X2Y2 (CLOCK_ROOT)    net (fo=1381, routed)        1.665     1.908    core_inst/eth_mac_inst/tx_fifo/fifo_inst/clk
    SLICE_X58Y161        FDRE                                         r  core_inst/eth_mac_inst/tx_fifo/fifo_inst/rd_ptr_gray_sync1_reg_reg[3]/C
                         clock pessimism             -0.139     1.769    
    SLICE_X58Y161        FDRE (Hold_HFF2_SLICEL_C_D)
                                                      0.062     1.831    core_inst/eth_mac_inst/tx_fifo/fifo_inst/rd_ptr_gray_sync1_reg_reg[3]
  -------------------------------------------------------------------
                         data arrival                           1.828    
                         clock arrival                          1.831    
  -------------------------------------------------------------------
                         relative delay                        -0.003    



Id: 10
set_bus_skew -from [get_cells -quiet {core_inst/eth_mac_inst/tx_fifo/fifo_inst/wr_ptr_sync_commit_reg_reg[*]}] -to [get_cells {core_inst/eth_mac_inst/tx_fifo/fifo_inst/wr_ptr_commit_sync_reg_reg[*]}] 8.000
Requirement: 8.000ns
Endpoints: 13

From Clock            To Clock              Endpoint Pin                    Reference Pin                   Corner  Actual(ns)  Slack(ns)
--------------------  --------------------  ------------------------------  ------------------------------  ------  ----------  ---------
txoutclk_out[0]       txoutclk_out[0]       core_inst/eth_mac_inst/tx_fifo/fifo_inst/wr_ptr_commit_sync_reg_reg[7]/D
                                                                            core_inst/eth_mac_inst/tx_fifo/fifo_inst/wr_ptr_commit_sync_reg_reg[12]/D
                                                                                                            Slow         0.681      7.319


Slack (MET) :             7.319ns  (requirement - actual skew)
  Endpoint Source:        core_inst/eth_mac_inst/tx_fifo/fifo_inst/wr_ptr_sync_commit_reg_reg[7]/C
                            (rising edge-triggered cell FDRE clocked by txoutclk_out[0])
  Endpoint Destination:   core_inst/eth_mac_inst/tx_fifo/fifo_inst/wr_ptr_commit_sync_reg_reg[7]/D
                            (rising edge-triggered cell FDRE clocked by txoutclk_out[0])
  Reference Source:       core_inst/eth_mac_inst/tx_fifo/fifo_inst/wr_ptr_sync_commit_reg_reg[12]/C
                            (rising edge-triggered cell FDRE clocked by txoutclk_out[0])
  Reference Destination:  core_inst/eth_mac_inst/tx_fifo/fifo_inst/wr_ptr_commit_sync_reg_reg[12]/D
                            (rising edge-triggered cell FDRE clocked by txoutclk_out[0])
  Path Type:              Bus Skew (Max at Slow Process Corner)
  Requirement:            8.000ns
  Endpoint Relative Delay:    0.722ns
  Reference Relative Delay:   0.041ns
  Relative CRPR:              0.000ns
  Actual Bus Skew:            0.681ns  (Endpoint Relative Delay - Reference Relative Delay - Relative CRPR)

Endpoint path:
    Location             Delay type                Incr(ns)  Path(ns)    Netlist Resource(s)
  -------------------------------------------------------------------    -------------------
                         (clock txoutclk_out[0] rise edge)
                                                      0.000     0.000 r  
    GTHE4_CHANNEL_X0Y10  GTHE4_CHANNEL                0.000     0.000 r  gig_ethernet_pcs_pma_0/inst/pcs_pma_block_i/transceiver_inst/gig_ethernet_pcs_pma_0_gt_i/inst/gen_gtwizard_gthe4_top.gig_ethernet_pcs_pma_0_gt_gtwizard_gthe4_inst/gen_gtwizard_gthe4.gen_channel_container[0].gen_enabled_channel.gthe4_channel_wrapper_inst/channel_inst/gthe4_channel_gen.gen_gthe4_channel_inst[0].GTHE4_CHANNEL_PRIM_INST/TXOUTCLK
                         net (fo=4, routed)           0.113     0.113    gig_ethernet_pcs_pma_0/inst/core_clocking_i/txoutclk
    BUFG_GT_X0Y58        BUFG_GT (Prop_BUFG_GT_I_O)
                                                      0.130     0.243 r  gig_ethernet_pcs_pma_0/inst/core_clocking_i/usrclk2_bufg_inst/O
    X2Y2 (CLOCK_ROOT)    net (fo=1381, routed)        1.638     1.881    core_inst/eth_mac_inst/tx_fifo/fifo_inst/clk
    SLICE_X58Y157        FDRE                                         r  core_inst/eth_mac_inst/tx_fifo/fifo_inst/wr_ptr_sync_commit_reg_reg[7]/C
  -------------------------------------------------------------------    -------------------
    SLICE_X58Y157        FDRE (Prop_FFF_SLICEL_C_Q)
                                                      0.079     1.960 r  core_inst/eth_mac_inst/tx_fifo/fifo_inst/wr_ptr_sync_commit_reg_reg[7]/Q
                         net (fo=1, routed)           0.641     2.601    core_inst/eth_mac_inst/tx_fifo/fifo_inst/wr_ptr_sync_commit_reg[7]
    SLICE_X58Y157        FDRE                                         r  core_inst/eth_mac_inst/tx_fifo/fifo_inst/wr_ptr_commit_sync_reg_reg[7]/D
  -------------------------------------------------------------------    -------------------

                         (clock txoutclk_out[0] rise edge)
                                                      0.000     0.000 r  
    GTHE4_CHANNEL_X0Y10  GTHE4_CHANNEL                0.000     0.000 r  gig_ethernet_pcs_pma_0/inst/pcs_pma_block_i/transceiver_inst/gig_ethernet_pcs_pma_0_gt_i/inst/gen_gtwizard_gthe4_top.gig_ethernet_pcs_pma_0_gt_gtwizard_gthe4_inst/gen_gtwizard_gthe4.gen_channel_container[0].gen_enabled_channel.gthe4_channel_wrapper_inst/channel_inst/gthe4_channel_gen.gen_gthe4_channel_inst[0].GTHE4_CHANNEL_PRIM_INST/TXOUTCLK
                         net (fo=4, routed)           0.099     0.099    gig_ethernet_pcs_pma_0/inst/core_clocking_i/txoutclk
    BUFG_GT_X0Y58        BUFG_GT (Prop_BUFG_GT_I_O)
                                                      0.114     0.213 r  gig_ethernet_pcs_pma_0/inst/core_clocking_i/usrclk2_bufg_inst/O
    X2Y2 (CLOCK_ROOT)    net (fo=1381, routed)        1.438     1.651    core_inst/eth_mac_inst/tx_fifo/fifo_inst/clk
    SLICE_X58Y157        FDRE                                         r  core_inst/eth_mac_inst/tx_fifo/fifo_inst/wr_ptr_commit_sync_reg_reg[7]/C
                         clock pessimism              0.204     1.854    
    SLICE_X58Y157        FDRE (Setup_BFF2_SLICEL_C_D)
                                                      0.025     1.879    core_inst/eth_mac_inst/tx_fifo/fifo_inst/wr_ptr_commit_sync_reg_reg[7]
  -------------------------------------------------------------------
                         data arrival                           2.601    
                         clock arrival                          1.879    
  -------------------------------------------------------------------
                         relative delay                         0.722    

Reference path:
    Location             Delay type                Incr(ns)  Path(ns)    Netlist Resource(s)
  -------------------------------------------------------------------    -------------------
                         (clock txoutclk_out[0] rise edge)
                                                      0.000     0.000 r  
    GTHE4_CHANNEL_X0Y10  GTHE4_CHANNEL                0.000     0.000 r  gig_ethernet_pcs_pma_0/inst/pcs_pma_block_i/transceiver_inst/gig_ethernet_pcs_pma_0_gt_i/inst/gen_gtwizard_gthe4_top.gig_ethernet_pcs_pma_0_gt_gtwizard_gthe4_inst/gen_gtwizard_gthe4.gen_channel_container[0].gen_enabled_channel.gthe4_channel_wrapper_inst/channel_inst/gthe4_channel_gen.gen_gthe4_channel_inst[0].GTHE4_CHANNEL_PRIM_INST/TXOUTCLK
                         net (fo=4, routed)           0.099     0.099    gig_ethernet_pcs_pma_0/inst/core_clocking_i/txoutclk
    BUFG_GT_X0Y58        BUFG_GT (Prop_BUFG_GT_I_O)
                                                      0.114     0.213 r  gig_ethernet_pcs_pma_0/inst/core_clocking_i/usrclk2_bufg_inst/O
    X2Y2 (CLOCK_ROOT)    net (fo=1381, routed)        1.450     1.663    core_inst/eth_mac_inst/tx_fifo/fifo_inst/clk
    SLICE_X60Y160        FDRE                                         r  core_inst/eth_mac_inst/tx_fifo/fifo_inst/wr_ptr_sync_commit_reg_reg[12]/C
  -------------------------------------------------------------------    -------------------
    SLICE_X60Y160        FDRE (Prop_DFF_SLICEL_C_Q)
                                                      0.059     1.722 r  core_inst/eth_mac_inst/tx_fifo/fifo_inst/wr_ptr_sync_commit_reg_reg[12]/Q
                         net (fo=1, routed)           0.077     1.799    core_inst/eth_mac_inst/tx_fifo/fifo_inst/wr_ptr_sync_commit_reg[12]
    SLICE_X59Y160        FDRE                                         r  core_inst/eth_mac_inst/tx_fifo/fifo_inst/wr_ptr_commit_sync_reg_reg[12]/D
  -------------------------------------------------------------------    -------------------

                         (clock txoutclk_out[0] rise edge)
                                                      0.000     0.000 r  
    GTHE4_CHANNEL_X0Y10  GTHE4_CHANNEL                0.000     0.000 r  gig_ethernet_pcs_pma_0/inst/pcs_pma_block_i/transceiver_inst/gig_ethernet_pcs_pma_0_gt_i/inst/gen_gtwizard_gthe4_top.gig_ethernet_pcs_pma_0_gt_gtwizard_gthe4_inst/gen_gtwizard_gthe4.gen_channel_container[0].gen_enabled_channel.gthe4_channel_wrapper_inst/channel_inst/gthe4_channel_gen.gen_gthe4_channel_inst[0].GTHE4_CHANNEL_PRIM_INST/TXOUTCLK
                         net (fo=4, routed)           0.113     0.113    gig_ethernet_pcs_pma_0/inst/core_clocking_i/txoutclk
    BUFG_GT_X0Y58        BUFG_GT (Prop_BUFG_GT_I_O)
                                                      0.130     0.243 r  gig_ethernet_pcs_pma_0/inst/core_clocking_i/usrclk2_bufg_inst/O
    X2Y2 (CLOCK_ROOT)    net (fo=1381, routed)        1.657     1.900    core_inst/eth_mac_inst/tx_fifo/fifo_inst/clk
    SLICE_X59Y160        FDRE                                         r  core_inst/eth_mac_inst/tx_fifo/fifo_inst/wr_ptr_commit_sync_reg_reg[12]/C
                         clock pessimism             -0.202     1.698    
    SLICE_X59Y160        FDRE (Hold_DFF_SLICEL_C_D)
                                                      0.060     1.758    core_inst/eth_mac_inst/tx_fifo/fifo_inst/wr_ptr_commit_sync_reg_reg[12]
  -------------------------------------------------------------------
                         data arrival                           1.799    
                         clock arrival                          1.758    
  -------------------------------------------------------------------
                         relative delay                         0.041    



Id: 11
set_bus_skew -from [get_cells {core_inst/core_inst/core_pcie_inst/core_inst/mqnic_ptp_inst/ptp_clock_inst/ptp_td_leaf_inst/td_tdata_reg_reg[*]}] -to [get_cells {core_inst/core_inst/core_pcie_inst/core_inst/mqnic_ptp_inst/ptp_clock_inst/ptp_td_leaf_inst/dst_td_tdata_reg_reg[*]}] 8.000
Requirement: 8.000ns
Endpoints: 16

From Clock            To Clock              Endpoint Pin                    Reference Pin                   Corner  Actual(ns)  Slack(ns)
--------------------  --------------------  ------------------------------  ------------------------------  ------  ----------  ---------
clk_125mhz_mmcm_out   pcie_user_clk         core_inst/core_inst/core_pcie_inst/core_inst/mqnic_ptp_inst/ptp_clock_inst/ptp_td_leaf_inst/dst_td_tdata_reg_reg[4]/D
                                                                            core_inst/core_inst/core_pcie_inst/core_inst/mqnic_ptp_inst/ptp_clock_inst/ptp_td_leaf_inst/dst_td_tdata_reg_reg[10]/D
                                                                                                            Slow         0.884      7.116


Slack (MET) :             7.116ns  (requirement - actual skew)
  Endpoint Source:        core_inst/core_inst/core_pcie_inst/core_inst/mqnic_ptp_inst/ptp_clock_inst/ptp_td_leaf_inst/td_tdata_reg_reg[4]/C
                            (rising edge-triggered cell FDRE clocked by clk_125mhz_mmcm_out)
  Endpoint Destination:   core_inst/core_inst/core_pcie_inst/core_inst/mqnic_ptp_inst/ptp_clock_inst/ptp_td_leaf_inst/dst_td_tdata_reg_reg[4]/D
                            (rising edge-triggered cell FDRE clocked by pcie_user_clk)
  Reference Source:       core_inst/core_inst/core_pcie_inst/core_inst/mqnic_ptp_inst/ptp_clock_inst/ptp_td_leaf_inst/td_tdata_reg_reg[10]/C
                            (rising edge-triggered cell FDRE clocked by clk_125mhz_mmcm_out)
  Reference Destination:  core_inst/core_inst/core_pcie_inst/core_inst/mqnic_ptp_inst/ptp_clock_inst/ptp_td_leaf_inst/dst_td_tdata_reg_reg[10]/D
                            (rising edge-triggered cell FDRE clocked by pcie_user_clk)
  Path Type:              Bus Skew (Max at Slow Process Corner)
  Requirement:            8.000ns
  Endpoint Relative Delay:    3.208ns
  Reference Relative Delay:   2.450ns
  Relative CRPR:             -0.127ns
  Actual Bus Skew:            0.884ns  (Endpoint Relative Delay - Reference Relative Delay - Relative CRPR)

Endpoint path:
    Location             Delay type                Incr(ns)  Path(ns)    Netlist Resource(s)
  -------------------------------------------------------------------    -------------------
                         (clock clk_125mhz_mmcm_out rise edge)
                                                      0.000     0.000 r  
    H9                                                0.000     0.000 r  clk_125mhz_p (IN)
                         net (fo=0)                   0.100     0.100    clk_125mhz_ibufg_inst/I
    HPIOBDIFFINBUF_X1Y130
                         DIFFINBUF (Prop_DIFFINBUF_HPIOBDIFFINBUF_DIFF_IN_P_O)
                                                      0.669     0.769 r  clk_125mhz_ibufg_inst/DIFFINBUF_INST/O
                         net (fo=1, routed)           0.050     0.819    clk_125mhz_ibufg_inst/OUT
    H9                   IBUFCTRL (Prop_IBUFCTRL_HPIOB_M_I_O)
                                                      0.000     0.819 r  clk_125mhz_ibufg_inst/IBUFCTRL_INST/O
                         net (fo=1, routed)           0.384     1.203    clk_125mhz_ibufg
    MMCM_X1Y5            MMCME4_ADV (Prop_MMCM_CLKIN1_CLKOUT0)
                                                     -0.127     1.076 r  clk_mmcm_inst/CLKOUT0
                         net (fo=1, routed)           0.244     1.320    clk_125mhz_mmcm_out
    BUFGCE_X1Y122        BUFGCE (Prop_BUFCE_BUFGCE_I_O)
                                                      0.028     1.348 r  clk_125mhz_bufg_inst/O
    X1Y2 (CLOCK_ROOT)    net (fo=3390, routed)        2.744     4.092    core_inst/core_inst/core_pcie_inst/core_inst/mqnic_ptp_inst/ptp_clock_inst/ptp_td_leaf_inst/ptp_clk
    SLICE_X80Y78         FDRE                                         r  core_inst/core_inst/core_pcie_inst/core_inst/mqnic_ptp_inst/ptp_clock_inst/ptp_td_leaf_inst/td_tdata_reg_reg[4]/C
  -------------------------------------------------------------------    -------------------
    SLICE_X80Y78         FDRE (Prop_DFF2_SLICEL_C_Q)
                                                      0.081     4.173 r  core_inst/core_inst/core_pcie_inst/core_inst/mqnic_ptp_inst/ptp_clock_inst/ptp_td_leaf_inst/td_tdata_reg_reg[4]/Q
                         net (fo=5, routed)           0.813     4.986    core_inst/core_inst/core_pcie_inst/core_inst/mqnic_ptp_inst/ptp_clock_inst/ptp_td_leaf_inst/td_tdata_reg_reg_n_0_[4]
    SLICE_X79Y76         FDRE                                         r  core_inst/core_inst/core_pcie_inst/core_inst/mqnic_ptp_inst/ptp_clock_inst/ptp_td_leaf_inst/dst_td_tdata_reg_reg[4]/D
  -------------------------------------------------------------------    -------------------

                         (clock pcie_user_clk rise edge)
                                                      0.000     0.000 r  
    GTHE4_CHANNEL_X0Y7   GTHE4_CHANNEL                0.000     0.000 r  pcie4_uscale_plus_inst/inst/pcie4_uscale_plus_0_gt_top_i/diablo_gt.diablo_gt_phy_wrapper/gt_wizard.gtwizard_top_i/pcie4_uscale_plus_0_gt_i/inst/gen_gtwizard_gthe4_top.pcie4_uscale_plus_0_gt_gtwizard_gthe4_inst/gen_gtwizard_gthe4.gen_channel_container[3].gen_enabled_channel.gthe4_channel_wrapper_inst/channel_inst/gthe4_channel_gen.gen_gthe4_channel_inst[3].GTHE4_CHANNEL_PRIM_INST/TXOUTCLK
                         net (fo=6, routed)           0.099     0.099    pcie4_uscale_plus_inst/inst/pcie4_uscale_plus_0_gt_top_i/diablo_gt.diablo_gt_phy_wrapper/phy_clk_i/CLK_TXOUTCLK
    BUFG_GT_X0Y36        BUFG_GT (Prop_BUFG_GT_I_O)
                                                      0.114     0.213 r  pcie4_uscale_plus_inst/inst/pcie4_uscale_plus_0_gt_top_i/diablo_gt.diablo_gt_phy_wrapper/phy_clk_i/bufg_gt_coreclk/O
    X3Y2 (CLOCK_ROOT)    net (fo=32612, routed)       1.540     1.753    core_inst/core_inst/core_pcie_inst/core_inst/mqnic_ptp_inst/ptp_clock_inst/ptp_td_leaf_inst/clk_250mhz
    SLICE_X79Y76         FDRE                                         r  core_inst/core_inst/core_pcie_inst/core_inst/mqnic_ptp_inst/ptp_clock_inst/ptp_td_leaf_inst/dst_td_tdata_reg_reg[4]/C
                         clock pessimism              0.000     1.753    
    SLICE_X79Y76         FDRE (Setup_EFF_SLICEM_C_D)
                                                      0.025     1.778    core_inst/core_inst/core_pcie_inst/core_inst/mqnic_ptp_inst/ptp_clock_inst/ptp_td_leaf_inst/dst_td_tdata_reg_reg[4]
  -------------------------------------------------------------------
                         data arrival                           4.986    
                         clock arrival                          1.778    
  -------------------------------------------------------------------
                         relative delay                         3.208    

Reference path:
    Location             Delay type                Incr(ns)  Path(ns)    Netlist Resource(s)
  -------------------------------------------------------------------    -------------------
                         (clock clk_125mhz_mmcm_out rise edge)
                                                      0.000     0.000 r  
    H9                                                0.000     0.000 r  clk_125mhz_p (IN)
                         net (fo=0)                   0.079     0.079    clk_125mhz_ibufg_inst/I
    HPIOBDIFFINBUF_X1Y130
                         DIFFINBUF (Prop_DIFFINBUF_HPIOBDIFFINBUF_DIFF_IN_P_O)
                                                      0.558     0.637 r  clk_125mhz_ibufg_inst/DIFFINBUF_INST/O
                         net (fo=1, routed)           0.040     0.677    clk_125mhz_ibufg_inst/OUT
    H9                   IBUFCTRL (Prop_IBUFCTRL_HPIOB_M_I_O)
                                                      0.000     0.677 r  clk_125mhz_ibufg_inst/IBUFCTRL_INST/O
                         net (fo=1, routed)           0.333     1.010    clk_125mhz_ibufg
    MMCM_X1Y5            MMCME4_ADV (Prop_MMCM_CLKIN1_CLKOUT0)
                                                      0.630     1.640 r  clk_mmcm_inst/CLKOUT0
                         net (fo=1, routed)           0.214     1.854    clk_125mhz_mmcm_out
    BUFGCE_X1Y122        BUFGCE (Prop_BUFCE_BUFGCE_I_O)
                                                      0.024     1.878 r  clk_125mhz_bufg_inst/O
    X1Y2 (CLOCK_ROOT)    net (fo=3390, routed)        2.449     4.327    core_inst/core_inst/core_pcie_inst/core_inst/mqnic_ptp_inst/ptp_clock_inst/ptp_td_leaf_inst/ptp_clk
    SLICE_X83Y77         FDRE                                         r  core_inst/core_inst/core_pcie_inst/core_inst/mqnic_ptp_inst/ptp_clock_inst/ptp_td_leaf_inst/td_tdata_reg_reg[10]/C
  -------------------------------------------------------------------    -------------------
    SLICE_X83Y77         FDRE (Prop_DFF_SLICEM_C_Q)
                                                      0.058     4.385 r  core_inst/core_inst/core_pcie_inst/core_inst/mqnic_ptp_inst/ptp_clock_inst/ptp_td_leaf_inst/td_tdata_reg_reg[10]/Q
                         net (fo=3, routed)           0.129     4.514    core_inst/core_inst/core_pcie_inst/core_inst/mqnic_ptp_inst/ptp_clock_inst/ptp_td_leaf_inst/td_tdata_reg_reg_n_0_[10]
    SLICE_X79Y77         FDRE                                         r  core_inst/core_inst/core_pcie_inst/core_inst/mqnic_ptp_inst/ptp_clock_inst/ptp_td_leaf_inst/dst_td_tdata_reg_reg[10]/D
  -------------------------------------------------------------------    -------------------

                         (clock pcie_user_clk rise edge)
                                                      0.000     0.000 r  
    GTHE4_CHANNEL_X0Y7   GTHE4_CHANNEL                0.000     0.000 r  pcie4_uscale_plus_inst/inst/pcie4_uscale_plus_0_gt_top_i/diablo_gt.diablo_gt_phy_wrapper/gt_wizard.gtwizard_top_i/pcie4_uscale_plus_0_gt_i/inst/gen_gtwizard_gthe4_top.pcie4_uscale_plus_0_gt_gtwizard_gthe4_inst/gen_gtwizard_gthe4.gen_channel_container[3].gen_enabled_channel.gthe4_channel_wrapper_inst/channel_inst/gthe4_channel_gen.gen_gthe4_channel_inst[3].GTHE4_CHANNEL_PRIM_INST/TXOUTCLK
                         net (fo=6, routed)           0.113     0.113    pcie4_uscale_plus_inst/inst/pcie4_uscale_plus_0_gt_top_i/diablo_gt.diablo_gt_phy_wrapper/phy_clk_i/CLK_TXOUTCLK
    BUFG_GT_X0Y36        BUFG_GT (Prop_BUFG_GT_I_O)
                                                      0.130     0.243 r  pcie4_uscale_plus_inst/inst/pcie4_uscale_plus_0_gt_top_i/diablo_gt.diablo_gt_phy_wrapper/phy_clk_i/bufg_gt_coreclk/O
    X3Y2 (CLOCK_ROOT)    net (fo=32612, routed)       1.760     2.003    core_inst/core_inst/core_pcie_inst/core_inst/mqnic_ptp_inst/ptp_clock_inst/ptp_td_leaf_inst/clk_250mhz
    SLICE_X79Y77         FDRE                                         r  core_inst/core_inst/core_pcie_inst/core_inst/mqnic_ptp_inst/ptp_clock_inst/ptp_td_leaf_inst/dst_td_tdata_reg_reg[10]/C
                         clock pessimism              0.000     2.003    
    SLICE_X79Y77         FDRE (Hold_DFF2_SLICEM_C_D)
                                                      0.061     2.064    core_inst/core_inst/core_pcie_inst/core_inst/mqnic_ptp_inst/ptp_clock_inst/ptp_td_leaf_inst/dst_td_tdata_reg_reg[10]
  -------------------------------------------------------------------
                         data arrival                           4.514    
                         clock arrival                          2.064    
  -------------------------------------------------------------------
                         relative delay                         2.450    



Id: 12
set_bus_skew -from [get_cells {core_inst/core_inst/core_pcie_inst/core_inst/mqnic_ptp_inst/ptp_clock_inst/ptp_td_leaf_inst/td_tid_reg_reg[*]}] -to [get_cells {core_inst/core_inst/core_pcie_inst/core_inst/mqnic_ptp_inst/ptp_clock_inst/ptp_td_leaf_inst/dst_td_tid_reg_reg[*]}] 8.000
Requirement: 8.000ns
Endpoints: 8

From Clock            To Clock              Endpoint Pin                    Reference Pin                   Corner  Actual(ns)  Slack(ns)
--------------------  --------------------  ------------------------------  ------------------------------  ------  ----------  ---------
clk_125mhz_mmcm_out   pcie_user_clk         core_inst/core_inst/core_pcie_inst/core_inst/mqnic_ptp_inst/ptp_clock_inst/ptp_td_leaf_inst/dst_td_tid_reg_reg[1]/D
                                                                            core_inst/core_inst/core_pcie_inst/core_inst/mqnic_ptp_inst/ptp_clock_inst/ptp_td_leaf_inst/dst_td_tid_reg_reg[7]/D
                                                                                                            Slow         0.550      7.450


Slack (MET) :             7.450ns  (requirement - actual skew)
  Endpoint Source:        core_inst/core_inst/core_pcie_inst/core_inst/mqnic_ptp_inst/ptp_clock_inst/ptp_td_leaf_inst/td_tid_reg_reg[1]/C
                            (rising edge-triggered cell FDRE clocked by clk_125mhz_mmcm_out)
  Endpoint Destination:   core_inst/core_inst/core_pcie_inst/core_inst/mqnic_ptp_inst/ptp_clock_inst/ptp_td_leaf_inst/dst_td_tid_reg_reg[1]/D
                            (rising edge-triggered cell FDRE clocked by pcie_user_clk)
  Reference Source:       core_inst/core_inst/core_pcie_inst/core_inst/mqnic_ptp_inst/ptp_clock_inst/ptp_td_leaf_inst/td_tid_reg_reg[7]/C
                            (rising edge-triggered cell FDRE clocked by clk_125mhz_mmcm_out)
  Reference Destination:  core_inst/core_inst/core_pcie_inst/core_inst/mqnic_ptp_inst/ptp_clock_inst/ptp_td_leaf_inst/dst_td_tid_reg_reg[7]/D
                            (rising edge-triggered cell FDRE clocked by pcie_user_clk)
  Path Type:              Bus Skew (Max at Slow Process Corner)
  Requirement:            8.000ns
  Endpoint Relative Delay:    2.896ns
  Reference Relative Delay:   2.472ns
  Relative CRPR:             -0.126ns
  Actual Bus Skew:            0.550ns  (Endpoint Relative Delay - Reference Relative Delay - Relative CRPR)

Endpoint path:
    Location             Delay type                Incr(ns)  Path(ns)    Netlist Resource(s)
  -------------------------------------------------------------------    -------------------
                         (clock clk_125mhz_mmcm_out rise edge)
                                                      0.000     0.000 r  
    H9                                                0.000     0.000 r  clk_125mhz_p (IN)
                         net (fo=0)                   0.100     0.100    clk_125mhz_ibufg_inst/I
    HPIOBDIFFINBUF_X1Y130
                         DIFFINBUF (Prop_DIFFINBUF_HPIOBDIFFINBUF_DIFF_IN_P_O)
                                                      0.669     0.769 r  clk_125mhz_ibufg_inst/DIFFINBUF_INST/O
                         net (fo=1, routed)           0.050     0.819    clk_125mhz_ibufg_inst/OUT
    H9                   IBUFCTRL (Prop_IBUFCTRL_HPIOB_M_I_O)
                                                      0.000     0.819 r  clk_125mhz_ibufg_inst/IBUFCTRL_INST/O
                         net (fo=1, routed)           0.384     1.203    clk_125mhz_ibufg
    MMCM_X1Y5            MMCME4_ADV (Prop_MMCM_CLKIN1_CLKOUT0)
                                                     -0.127     1.076 r  clk_mmcm_inst/CLKOUT0
                         net (fo=1, routed)           0.244     1.320    clk_125mhz_mmcm_out
    BUFGCE_X1Y122        BUFGCE (Prop_BUFCE_BUFGCE_I_O)
                                                      0.028     1.348 r  clk_125mhz_bufg_inst/O
    X1Y2 (CLOCK_ROOT)    net (fo=3390, routed)        2.751     4.099    core_inst/core_inst/core_pcie_inst/core_inst/mqnic_ptp_inst/ptp_clock_inst/ptp_td_leaf_inst/ptp_clk
    SLICE_X79Y78         FDRE                                         r  core_inst/core_inst/core_pcie_inst/core_inst/mqnic_ptp_inst/ptp_clock_inst/ptp_td_leaf_inst/td_tid_reg_reg[1]/C
  -------------------------------------------------------------------    -------------------
    SLICE_X79Y78         FDRE (Prop_BFF_SLICEM_C_Q)
                                                      0.078     4.177 r  core_inst/core_inst/core_pcie_inst/core_inst/mqnic_ptp_inst/ptp_clock_inst/ptp_td_leaf_inst/td_tid_reg_reg[1]/Q
                         net (fo=5, routed)           0.486     4.663    core_inst/core_inst/core_pcie_inst/core_inst/mqnic_ptp_inst/ptp_clock_inst/ptp_td_leaf_inst/td_tid_reg_reg_n_0_[1]
    SLICE_X79Y78         FDRE                                         r  core_inst/core_inst/core_pcie_inst/core_inst/mqnic_ptp_inst/ptp_clock_inst/ptp_td_leaf_inst/dst_td_tid_reg_reg[1]/D
  -------------------------------------------------------------------    -------------------

                         (clock pcie_user_clk rise edge)
                                                      0.000     0.000 r  
    GTHE4_CHANNEL_X0Y7   GTHE4_CHANNEL                0.000     0.000 r  pcie4_uscale_plus_inst/inst/pcie4_uscale_plus_0_gt_top_i/diablo_gt.diablo_gt_phy_wrapper/gt_wizard.gtwizard_top_i/pcie4_uscale_plus_0_gt_i/inst/gen_gtwizard_gthe4_top.pcie4_uscale_plus_0_gt_gtwizard_gthe4_inst/gen_gtwizard_gthe4.gen_channel_container[3].gen_enabled_channel.gthe4_channel_wrapper_inst/channel_inst/gthe4_channel_gen.gen_gthe4_channel_inst[3].GTHE4_CHANNEL_PRIM_INST/TXOUTCLK
                         net (fo=6, routed)           0.099     0.099    pcie4_uscale_plus_inst/inst/pcie4_uscale_plus_0_gt_top_i/diablo_gt.diablo_gt_phy_wrapper/phy_clk_i/CLK_TXOUTCLK
    BUFG_GT_X0Y36        BUFG_GT (Prop_BUFG_GT_I_O)
                                                      0.114     0.213 r  pcie4_uscale_plus_inst/inst/pcie4_uscale_plus_0_gt_top_i/diablo_gt.diablo_gt_phy_wrapper/phy_clk_i/bufg_gt_coreclk/O
    X3Y2 (CLOCK_ROOT)    net (fo=32612, routed)       1.529     1.742    core_inst/core_inst/core_pcie_inst/core_inst/mqnic_ptp_inst/ptp_clock_inst/ptp_td_leaf_inst/clk_250mhz
    SLICE_X79Y78         FDRE                                         r  core_inst/core_inst/core_pcie_inst/core_inst/mqnic_ptp_inst/ptp_clock_inst/ptp_td_leaf_inst/dst_td_tid_reg_reg[1]/C
                         clock pessimism              0.000     1.742    
    SLICE_X79Y78         FDRE (Setup_FFF2_SLICEM_C_D)
                                                      0.025     1.767    core_inst/core_inst/core_pcie_inst/core_inst/mqnic_ptp_inst/ptp_clock_inst/ptp_td_leaf_inst/dst_td_tid_reg_reg[1]
  -------------------------------------------------------------------
                         data arrival                           4.663    
                         clock arrival                          1.767    
  -------------------------------------------------------------------
                         relative delay                         2.896    

Reference path:
    Location             Delay type                Incr(ns)  Path(ns)    Netlist Resource(s)
  -------------------------------------------------------------------    -------------------
                         (clock clk_125mhz_mmcm_out rise edge)
                                                      0.000     0.000 r  
    H9                                                0.000     0.000 r  clk_125mhz_p (IN)
                         net (fo=0)                   0.079     0.079    clk_125mhz_ibufg_inst/I
    HPIOBDIFFINBUF_X1Y130
                         DIFFINBUF (Prop_DIFFINBUF_HPIOBDIFFINBUF_DIFF_IN_P_O)
                                                      0.558     0.637 r  clk_125mhz_ibufg_inst/DIFFINBUF_INST/O
                         net (fo=1, routed)           0.040     0.677    clk_125mhz_ibufg_inst/OUT
    H9                   IBUFCTRL (Prop_IBUFCTRL_HPIOB_M_I_O)
                                                      0.000     0.677 r  clk_125mhz_ibufg_inst/IBUFCTRL_INST/O
                         net (fo=1, routed)           0.333     1.010    clk_125mhz_ibufg
    MMCM_X1Y5            MMCME4_ADV (Prop_MMCM_CLKIN1_CLKOUT0)
                                                      0.630     1.640 r  clk_mmcm_inst/CLKOUT0
                         net (fo=1, routed)           0.214     1.854    clk_125mhz_mmcm_out
    BUFGCE_X1Y122        BUFGCE (Prop_BUFCE_BUFGCE_I_O)
                                                      0.024     1.878 r  clk_125mhz_bufg_inst/O
    X1Y2 (CLOCK_ROOT)    net (fo=3390, routed)        2.454     4.332    core_inst/core_inst/core_pcie_inst/core_inst/mqnic_ptp_inst/ptp_clock_inst/ptp_td_leaf_inst/ptp_clk
    SLICE_X82Y77         FDRE                                         r  core_inst/core_inst/core_pcie_inst/core_inst/mqnic_ptp_inst/ptp_clock_inst/ptp_td_leaf_inst/td_tid_reg_reg[7]/C
  -------------------------------------------------------------------    -------------------
    SLICE_X82Y77         FDRE (Prop_BFF_SLICEL_C_Q)
                                                      0.059     4.391 r  core_inst/core_inst/core_pcie_inst/core_inst/mqnic_ptp_inst/ptp_clock_inst/ptp_td_leaf_inst/td_tid_reg_reg[7]/Q
                         net (fo=1, routed)           0.134     4.525    core_inst/core_inst/core_pcie_inst/core_inst/mqnic_ptp_inst/ptp_clock_inst/ptp_td_leaf_inst/td_tid_reg_reg_n_0_[7]
    SLICE_X79Y76         FDRE                                         r  core_inst/core_inst/core_pcie_inst/core_inst/mqnic_ptp_inst/ptp_clock_inst/ptp_td_leaf_inst/dst_td_tid_reg_reg[7]/D
  -------------------------------------------------------------------    -------------------

                         (clock pcie_user_clk rise edge)
                                                      0.000     0.000 r  
    GTHE4_CHANNEL_X0Y7   GTHE4_CHANNEL                0.000     0.000 r  pcie4_uscale_plus_inst/inst/pcie4_uscale_plus_0_gt_top_i/diablo_gt.diablo_gt_phy_wrapper/gt_wizard.gtwizard_top_i/pcie4_uscale_plus_0_gt_i/inst/gen_gtwizard_gthe4_top.pcie4_uscale_plus_0_gt_gtwizard_gthe4_inst/gen_gtwizard_gthe4.gen_channel_container[3].gen_enabled_channel.gthe4_channel_wrapper_inst/channel_inst/gthe4_channel_gen.gen_gthe4_channel_inst[3].GTHE4_CHANNEL_PRIM_INST/TXOUTCLK
                         net (fo=6, routed)           0.113     0.113    pcie4_uscale_plus_inst/inst/pcie4_uscale_plus_0_gt_top_i/diablo_gt.diablo_gt_phy_wrapper/phy_clk_i/CLK_TXOUTCLK
    BUFG_GT_X0Y36        BUFG_GT (Prop_BUFG_GT_I_O)
                                                      0.130     0.243 r  pcie4_uscale_plus_inst/inst/pcie4_uscale_plus_0_gt_top_i/diablo_gt.diablo_gt_phy_wrapper/phy_clk_i/bufg_gt_coreclk/O
    X3Y2 (CLOCK_ROOT)    net (fo=32612, routed)       1.748     1.991    core_inst/core_inst/core_pcie_inst/core_inst/mqnic_ptp_inst/ptp_clock_inst/ptp_td_leaf_inst/clk_250mhz
    SLICE_X79Y76         FDRE                                         r  core_inst/core_inst/core_pcie_inst/core_inst/mqnic_ptp_inst/ptp_clock_inst/ptp_td_leaf_inst/dst_td_tid_reg_reg[7]/C
                         clock pessimism              0.000     1.991    
    SLICE_X79Y76         FDRE (Hold_GFF2_SLICEM_C_D)
                                                      0.062     2.053    core_inst/core_inst/core_pcie_inst/core_inst/mqnic_ptp_inst/ptp_clock_inst/ptp_td_leaf_inst/dst_td_tid_reg_reg[7]
  -------------------------------------------------------------------
                         data arrival                           4.525    
                         clock arrival                          2.053    
  -------------------------------------------------------------------
                         relative delay                         2.472    



Id: 13
set_bus_skew -from [get_cells {core_inst/core_inst/core_pcie_inst/core_inst/mqnic_ptp_inst/ptp_clock_inst/ptp_td_leaf_inst/src_ns_reg_reg[*]}] -to [get_cells {core_inst/core_inst/core_pcie_inst/core_inst/mqnic_ptp_inst/ptp_clock_inst/ptp_td_leaf_inst/src_ns_sync_reg_reg[*]}] 8.000
Requirement: 8.000ns
Endpoints: 13

From Clock            To Clock              Endpoint Pin                    Reference Pin                   Corner  Actual(ns)  Slack(ns)
--------------------  --------------------  ------------------------------  ------------------------------  ------  ----------  ---------
clk_125mhz_mmcm_out   pcie_user_clk         core_inst/core_inst/core_pcie_inst/core_inst/mqnic_ptp_inst/ptp_clock_inst/ptp_td_leaf_inst/src_ns_sync_reg_reg[7]/D
                                                                            core_inst/core_inst/core_pcie_inst/core_inst/mqnic_ptp_inst/ptp_clock_inst/ptp_td_leaf_inst/src_ns_sync_reg_reg[1]/D
                                                                                                            Slow         0.452      7.548


Slack (MET) :             7.548ns  (requirement - actual skew)
  Endpoint Source:        core_inst/core_inst/core_pcie_inst/core_inst/mqnic_ptp_inst/ptp_clock_inst/ptp_td_leaf_inst/src_ns_reg_reg[15]/C
                            (rising edge-triggered cell FDRE clocked by clk_125mhz_mmcm_out)
  Endpoint Destination:   core_inst/core_inst/core_pcie_inst/core_inst/mqnic_ptp_inst/ptp_clock_inst/ptp_td_leaf_inst/src_ns_sync_reg_reg[7]/D
                            (rising edge-triggered cell FDRE clocked by pcie_user_clk)
  Reference Source:       core_inst/core_inst/core_pcie_inst/core_inst/mqnic_ptp_inst/ptp_clock_inst/ptp_td_leaf_inst/src_ns_reg_reg[9]/C
                            (rising edge-triggered cell FDRE clocked by clk_125mhz_mmcm_out)
  Reference Destination:  core_inst/core_inst/core_pcie_inst/core_inst/mqnic_ptp_inst/ptp_clock_inst/ptp_td_leaf_inst/src_ns_sync_reg_reg[1]/D
                            (rising edge-triggered cell FDRE clocked by pcie_user_clk)
  Path Type:              Bus Skew (Max at Slow Process Corner)
  Requirement:            8.000ns
  Endpoint Relative Delay:    2.841ns
  Reference Relative Delay:   2.445ns
  Relative CRPR:             -0.056ns
  Actual Bus Skew:            0.452ns  (Endpoint Relative Delay - Reference Relative Delay - Relative CRPR)

Endpoint path:
    Location             Delay type                Incr(ns)  Path(ns)    Netlist Resource(s)
  -------------------------------------------------------------------    -------------------
                         (clock clk_125mhz_mmcm_out rise edge)
                                                      0.000     0.000 r  
    H9                                                0.000     0.000 r  clk_125mhz_p (IN)
                         net (fo=0)                   0.100     0.100    clk_125mhz_ibufg_inst/I
    HPIOBDIFFINBUF_X1Y130
                         DIFFINBUF (Prop_DIFFINBUF_HPIOBDIFFINBUF_DIFF_IN_P_O)
                                                      0.669     0.769 r  clk_125mhz_ibufg_inst/DIFFINBUF_INST/O
                         net (fo=1, routed)           0.050     0.819    clk_125mhz_ibufg_inst/OUT
    H9                   IBUFCTRL (Prop_IBUFCTRL_HPIOB_M_I_O)
                                                      0.000     0.819 r  clk_125mhz_ibufg_inst/IBUFCTRL_INST/O
                         net (fo=1, routed)           0.384     1.203    clk_125mhz_ibufg
    MMCM_X1Y5            MMCME4_ADV (Prop_MMCM_CLKIN1_CLKOUT0)
                                                     -0.127     1.076 r  clk_mmcm_inst/CLKOUT0
                         net (fo=1, routed)           0.244     1.320    clk_125mhz_mmcm_out
    BUFGCE_X1Y122        BUFGCE (Prop_BUFCE_BUFGCE_I_O)
                                                      0.028     1.348 r  clk_125mhz_bufg_inst/O
    X1Y2 (CLOCK_ROOT)    net (fo=3390, routed)        2.761     4.109    core_inst/core_inst/core_pcie_inst/core_inst/mqnic_ptp_inst/ptp_clock_inst/ptp_td_leaf_inst/ptp_clk
    SLICE_X81Y78         FDRE                                         r  core_inst/core_inst/core_pcie_inst/core_inst/mqnic_ptp_inst/ptp_clock_inst/ptp_td_leaf_inst/src_ns_reg_reg[15]/C
  -------------------------------------------------------------------    -------------------
    SLICE_X81Y78         FDRE (Prop_HFF_SLICEM_C_Q)
                                                      0.079     4.188 r  core_inst/core_inst/core_pcie_inst/core_inst/mqnic_ptp_inst/ptp_clock_inst/ptp_td_leaf_inst/src_ns_reg_reg[15]/Q
                         net (fo=2, routed)           0.424     4.612    core_inst/core_inst/core_pcie_inst/core_inst/mqnic_ptp_inst/ptp_clock_inst/ptp_td_leaf_inst/src_ns_reg_reg[15]
    SLICE_X82Y76         FDRE                                         r  core_inst/core_inst/core_pcie_inst/core_inst/mqnic_ptp_inst/ptp_clock_inst/ptp_td_leaf_inst/src_ns_sync_reg_reg[7]/D
  -------------------------------------------------------------------    -------------------

                         (clock pcie_user_clk rise edge)
                                                      0.000     0.000 r  
    GTHE4_CHANNEL_X0Y7   GTHE4_CHANNEL                0.000     0.000 r  pcie4_uscale_plus_inst/inst/pcie4_uscale_plus_0_gt_top_i/diablo_gt.diablo_gt_phy_wrapper/gt_wizard.gtwizard_top_i/pcie4_uscale_plus_0_gt_i/inst/gen_gtwizard_gthe4_top.pcie4_uscale_plus_0_gt_gtwizard_gthe4_inst/gen_gtwizard_gthe4.gen_channel_container[3].gen_enabled_channel.gthe4_channel_wrapper_inst/channel_inst/gthe4_channel_gen.gen_gthe4_channel_inst[3].GTHE4_CHANNEL_PRIM_INST/TXOUTCLK
                         net (fo=6, routed)           0.099     0.099    pcie4_uscale_plus_inst/inst/pcie4_uscale_plus_0_gt_top_i/diablo_gt.diablo_gt_phy_wrapper/phy_clk_i/CLK_TXOUTCLK
    BUFG_GT_X0Y36        BUFG_GT (Prop_BUFG_GT_I_O)
                                                      0.114     0.213 r  pcie4_uscale_plus_inst/inst/pcie4_uscale_plus_0_gt_top_i/diablo_gt.diablo_gt_phy_wrapper/phy_clk_i/bufg_gt_coreclk/O
    X3Y2 (CLOCK_ROOT)    net (fo=32612, routed)       1.533     1.746    core_inst/core_inst/core_pcie_inst/core_inst/mqnic_ptp_inst/ptp_clock_inst/ptp_td_leaf_inst/clk_250mhz
    SLICE_X82Y76         FDRE                                         r  core_inst/core_inst/core_pcie_inst/core_inst/mqnic_ptp_inst/ptp_clock_inst/ptp_td_leaf_inst/src_ns_sync_reg_reg[7]/C
                         clock pessimism              0.000     1.746    
    SLICE_X82Y76         FDRE (Setup_CFF_SLICEL_C_D)
                                                      0.025     1.771    core_inst/core_inst/core_pcie_inst/core_inst/mqnic_ptp_inst/ptp_clock_inst/ptp_td_leaf_inst/src_ns_sync_reg_reg[7]
  -------------------------------------------------------------------
                         data arrival                           4.612    
                         clock arrival                          1.771    
  -------------------------------------------------------------------
                         relative delay                         2.841    

Reference path:
    Location             Delay type                Incr(ns)  Path(ns)    Netlist Resource(s)
  -------------------------------------------------------------------    -------------------
                         (clock clk_125mhz_mmcm_out rise edge)
                                                      0.000     0.000 r  
    H9                                                0.000     0.000 r  clk_125mhz_p (IN)
                         net (fo=0)                   0.079     0.079    clk_125mhz_ibufg_inst/I
    HPIOBDIFFINBUF_X1Y130
                         DIFFINBUF (Prop_DIFFINBUF_HPIOBDIFFINBUF_DIFF_IN_P_O)
                                                      0.558     0.637 r  clk_125mhz_ibufg_inst/DIFFINBUF_INST/O
                         net (fo=1, routed)           0.040     0.677    clk_125mhz_ibufg_inst/OUT
    H9                   IBUFCTRL (Prop_IBUFCTRL_HPIOB_M_I_O)
                                                      0.000     0.677 r  clk_125mhz_ibufg_inst/IBUFCTRL_INST/O
                         net (fo=1, routed)           0.333     1.010    clk_125mhz_ibufg
    MMCM_X1Y5            MMCME4_ADV (Prop_MMCM_CLKIN1_CLKOUT0)
                                                      0.630     1.640 r  clk_mmcm_inst/CLKOUT0
                         net (fo=1, routed)           0.214     1.854    clk_125mhz_mmcm_out
    BUFGCE_X1Y122        BUFGCE (Prop_BUFCE_BUFGCE_I_O)
                                                      0.024     1.878 r  clk_125mhz_bufg_inst/O
    X1Y2 (CLOCK_ROOT)    net (fo=3390, routed)        2.457     4.335    core_inst/core_inst/core_pcie_inst/core_inst/mqnic_ptp_inst/ptp_clock_inst/ptp_td_leaf_inst/ptp_clk
    SLICE_X81Y78         FDRE                                         r  core_inst/core_inst/core_pcie_inst/core_inst/mqnic_ptp_inst/ptp_clock_inst/ptp_td_leaf_inst/src_ns_reg_reg[9]/C
  -------------------------------------------------------------------    -------------------
    SLICE_X81Y78         FDRE (Prop_BFF_SLICEM_C_Q)
                                                      0.058     4.393 r  core_inst/core_inst/core_pcie_inst/core_inst/mqnic_ptp_inst/ptp_clock_inst/ptp_td_leaf_inst/src_ns_reg_reg[9]/Q
                         net (fo=2, routed)           0.100     4.493    core_inst/core_inst/core_pcie_inst/core_inst/mqnic_ptp_inst/ptp_clock_inst/ptp_td_leaf_inst/src_ns_reg_reg[9]
    SLICE_X81Y76         FDRE                                         r  core_inst/core_inst/core_pcie_inst/core_inst/mqnic_ptp_inst/ptp_clock_inst/ptp_td_leaf_inst/src_ns_sync_reg_reg[1]/D
  -------------------------------------------------------------------    -------------------

                         (clock pcie_user_clk rise edge)
                                                      0.000     0.000 r  
    GTHE4_CHANNEL_X0Y7   GTHE4_CHANNEL                0.000     0.000 r  pcie4_uscale_plus_inst/inst/pcie4_uscale_plus_0_gt_top_i/diablo_gt.diablo_gt_phy_wrapper/gt_wizard.gtwizard_top_i/pcie4_uscale_plus_0_gt_i/inst/gen_gtwizard_gthe4_top.pcie4_uscale_plus_0_gt_gtwizard_gthe4_inst/gen_gtwizard_gthe4.gen_channel_container[3].gen_enabled_channel.gthe4_channel_wrapper_inst/channel_inst/gthe4_channel_gen.gen_gthe4_channel_inst[3].GTHE4_CHANNEL_PRIM_INST/TXOUTCLK
                         net (fo=6, routed)           0.113     0.113    pcie4_uscale_plus_inst/inst/pcie4_uscale_plus_0_gt_top_i/diablo_gt.diablo_gt_phy_wrapper/phy_clk_i/CLK_TXOUTCLK
    BUFG_GT_X0Y36        BUFG_GT (Prop_BUFG_GT_I_O)
                                                      0.130     0.243 r  pcie4_uscale_plus_inst/inst/pcie4_uscale_plus_0_gt_top_i/diablo_gt.diablo_gt_phy_wrapper/phy_clk_i/bufg_gt_coreclk/O
    X3Y2 (CLOCK_ROOT)    net (fo=32612, routed)       1.745     1.988    core_inst/core_inst/core_pcie_inst/core_inst/mqnic_ptp_inst/ptp_clock_inst/ptp_td_leaf_inst/clk_250mhz
    SLICE_X81Y76         FDRE                                         r  core_inst/core_inst/core_pcie_inst/core_inst/mqnic_ptp_inst/ptp_clock_inst/ptp_td_leaf_inst/src_ns_sync_reg_reg[1]/C
                         clock pessimism              0.000     1.988    
    SLICE_X81Y76         FDRE (Hold_DFF_SLICEM_C_D)
                                                      0.060     2.048    core_inst/core_inst/core_pcie_inst/core_inst/mqnic_ptp_inst/ptp_clock_inst/ptp_td_leaf_inst/src_ns_sync_reg_reg[1]
  -------------------------------------------------------------------
                         data arrival                           4.493    
                         clock arrival                          2.048    
  -------------------------------------------------------------------
                         relative delay                         2.445    



Id: 14
set_bus_skew -from [get_cells {core_inst/core_inst/core_pcie_inst/core_inst/mqnic_ptp_inst/ptp_clock_inst/ptp_td_leaf_inst/sample_acc_out_reg_reg[*]}] -to [get_cells {core_inst/core_inst/core_pcie_inst/core_inst/mqnic_ptp_inst/ptp_clock_inst/ptp_td_leaf_inst/sample_acc_sync_reg_reg[*]}] 4.000
Requirement: 4.000ns
Endpoints: 6

From Clock            To Clock              Endpoint Pin                    Reference Pin                   Corner  Actual(ns)  Slack(ns)
--------------------  --------------------  ------------------------------  ------------------------------  ------  ----------  ---------
clk_125mhz_mmcm_out   pcie_user_clk         core_inst/core_inst/core_pcie_inst/core_inst/mqnic_ptp_inst/ptp_clock_inst/ptp_td_leaf_inst/sample_acc_sync_reg_reg[3]/D
                                                                            core_inst/core_inst/core_pcie_inst/core_inst/mqnic_ptp_inst/ptp_clock_inst/ptp_td_leaf_inst/sample_acc_sync_reg_reg[0]/D
                                                                                                            Slow         0.371      3.629


Slack (MET) :             3.629ns  (requirement - actual skew)
  Endpoint Source:        core_inst/core_inst/core_pcie_inst/core_inst/mqnic_ptp_inst/ptp_clock_inst/ptp_td_leaf_inst/sample_acc_out_reg_reg[3]/C
                            (rising edge-triggered cell FDRE clocked by clk_125mhz_mmcm_out)
  Endpoint Destination:   core_inst/core_inst/core_pcie_inst/core_inst/mqnic_ptp_inst/ptp_clock_inst/ptp_td_leaf_inst/sample_acc_sync_reg_reg[3]/D
                            (rising edge-triggered cell FDRE clocked by pcie_user_clk)
  Reference Source:       core_inst/core_inst/core_pcie_inst/core_inst/mqnic_ptp_inst/ptp_clock_inst/ptp_td_leaf_inst/sample_acc_out_reg_reg[0]/C
                            (rising edge-triggered cell FDRE clocked by clk_125mhz_mmcm_out)
  Reference Destination:  core_inst/core_inst/core_pcie_inst/core_inst/mqnic_ptp_inst/ptp_clock_inst/ptp_td_leaf_inst/sample_acc_sync_reg_reg[0]/D
                            (rising edge-triggered cell FDRE clocked by pcie_user_clk)
  Path Type:              Bus Skew (Max at Slow Process Corner)
  Requirement:            4.000ns
  Endpoint Relative Delay:    2.669ns
  Reference Relative Delay:   2.425ns
  Relative CRPR:             -0.127ns
  Actual Bus Skew:            0.371ns  (Endpoint Relative Delay - Reference Relative Delay - Relative CRPR)

Endpoint path:
    Location             Delay type                Incr(ns)  Path(ns)    Netlist Resource(s)
  -------------------------------------------------------------------    -------------------
                         (clock clk_125mhz_mmcm_out rise edge)
                                                      0.000     0.000 r  
    H9                                                0.000     0.000 r  clk_125mhz_p (IN)
                         net (fo=0)                   0.100     0.100    clk_125mhz_ibufg_inst/I
    HPIOBDIFFINBUF_X1Y130
                         DIFFINBUF (Prop_DIFFINBUF_HPIOBDIFFINBUF_DIFF_IN_P_O)
                                                      0.669     0.769 r  clk_125mhz_ibufg_inst/DIFFINBUF_INST/O
                         net (fo=1, routed)           0.050     0.819    clk_125mhz_ibufg_inst/OUT
    H9                   IBUFCTRL (Prop_IBUFCTRL_HPIOB_M_I_O)
                                                      0.000     0.819 r  clk_125mhz_ibufg_inst/IBUFCTRL_INST/O
                         net (fo=1, routed)           0.384     1.203    clk_125mhz_ibufg
    MMCM_X1Y5            MMCME4_ADV (Prop_MMCM_CLKIN1_CLKOUT0)
                                                     -0.127     1.076 r  clk_mmcm_inst/CLKOUT0
                         net (fo=1, routed)           0.244     1.320    clk_125mhz_mmcm_out
    BUFGCE_X1Y122        BUFGCE (Prop_BUFCE_BUFGCE_I_O)
                                                      0.028     1.348 r  clk_125mhz_bufg_inst/O
    X1Y2 (CLOCK_ROOT)    net (fo=3390, routed)        2.732     4.080    core_inst/core_inst/core_pcie_inst/core_inst/mqnic_ptp_inst/ptp_clock_inst/ptp_td_leaf_inst/ptp_clk
    SLICE_X81Y74         FDRE                                         r  core_inst/core_inst/core_pcie_inst/core_inst/mqnic_ptp_inst/ptp_clock_inst/ptp_td_leaf_inst/sample_acc_out_reg_reg[3]/C
  -------------------------------------------------------------------    -------------------
    SLICE_X81Y74         FDRE (Prop_EFF_SLICEM_C_Q)
                                                      0.076     4.156 r  core_inst/core_inst/core_pcie_inst/core_inst/mqnic_ptp_inst/ptp_clock_inst/ptp_td_leaf_inst/sample_acc_out_reg_reg[3]/Q
                         net (fo=1, routed)           0.280     4.436    core_inst/core_inst/core_pcie_inst/core_inst/mqnic_ptp_inst/ptp_clock_inst/ptp_td_leaf_inst/sample_acc_out_reg[3]
    SLICE_X81Y74         FDRE                                         r  core_inst/core_inst/core_pcie_inst/core_inst/mqnic_ptp_inst/ptp_clock_inst/ptp_td_leaf_inst/sample_acc_sync_reg_reg[3]/D
  -------------------------------------------------------------------    -------------------

                         (clock pcie_user_clk rise edge)
                                                      0.000     0.000 r  
    GTHE4_CHANNEL_X0Y7   GTHE4_CHANNEL                0.000     0.000 r  pcie4_uscale_plus_inst/inst/pcie4_uscale_plus_0_gt_top_i/diablo_gt.diablo_gt_phy_wrapper/gt_wizard.gtwizard_top_i/pcie4_uscale_plus_0_gt_i/inst/gen_gtwizard_gthe4_top.pcie4_uscale_plus_0_gt_gtwizard_gthe4_inst/gen_gtwizard_gthe4.gen_channel_container[3].gen_enabled_channel.gthe4_channel_wrapper_inst/channel_inst/gthe4_channel_gen.gen_gthe4_channel_inst[3].GTHE4_CHANNEL_PRIM_INST/TXOUTCLK
                         net (fo=6, routed)           0.099     0.099    pcie4_uscale_plus_inst/inst/pcie4_uscale_plus_0_gt_top_i/diablo_gt.diablo_gt_phy_wrapper/phy_clk_i/CLK_TXOUTCLK
    BUFG_GT_X0Y36        BUFG_GT (Prop_BUFG_GT_I_O)
                                                      0.114     0.213 r  pcie4_uscale_plus_inst/inst/pcie4_uscale_plus_0_gt_top_i/diablo_gt.diablo_gt_phy_wrapper/phy_clk_i/bufg_gt_coreclk/O
    X3Y2 (CLOCK_ROOT)    net (fo=32612, routed)       1.529     1.742    core_inst/core_inst/core_pcie_inst/core_inst/mqnic_ptp_inst/ptp_clock_inst/ptp_td_leaf_inst/clk_250mhz
    SLICE_X81Y74         FDRE                                         r  core_inst/core_inst/core_pcie_inst/core_inst/mqnic_ptp_inst/ptp_clock_inst/ptp_td_leaf_inst/sample_acc_sync_reg_reg[3]/C
                         clock pessimism              0.000     1.742    
    SLICE_X81Y74         FDRE (Setup_AFF2_SLICEM_C_D)
                                                      0.025     1.767    core_inst/core_inst/core_pcie_inst/core_inst/mqnic_ptp_inst/ptp_clock_inst/ptp_td_leaf_inst/sample_acc_sync_reg_reg[3]
  -------------------------------------------------------------------
                         data arrival                           4.436    
                         clock arrival                          1.767    
  -------------------------------------------------------------------
                         relative delay                         2.669    

Reference path:
    Location             Delay type                Incr(ns)  Path(ns)    Netlist Resource(s)
  -------------------------------------------------------------------    -------------------
                         (clock clk_125mhz_mmcm_out rise edge)
                                                      0.000     0.000 r  
    H9                                                0.000     0.000 r  clk_125mhz_p (IN)
                         net (fo=0)                   0.079     0.079    clk_125mhz_ibufg_inst/I
    HPIOBDIFFINBUF_X1Y130
                         DIFFINBUF (Prop_DIFFINBUF_HPIOBDIFFINBUF_DIFF_IN_P_O)
                                                      0.558     0.637 r  clk_125mhz_ibufg_inst/DIFFINBUF_INST/O
                         net (fo=1, routed)           0.040     0.677    clk_125mhz_ibufg_inst/OUT
    H9                   IBUFCTRL (Prop_IBUFCTRL_HPIOB_M_I_O)
                                                      0.000     0.677 r  clk_125mhz_ibufg_inst/IBUFCTRL_INST/O
                         net (fo=1, routed)           0.333     1.010    clk_125mhz_ibufg
    MMCM_X1Y5            MMCME4_ADV (Prop_MMCM_CLKIN1_CLKOUT0)
                                                      0.630     1.640 r  clk_mmcm_inst/CLKOUT0
                         net (fo=1, routed)           0.214     1.854    clk_125mhz_mmcm_out
    BUFGCE_X1Y122        BUFGCE (Prop_BUFCE_BUFGCE_I_O)
                                                      0.024     1.878 r  clk_125mhz_bufg_inst/O
    X1Y2 (CLOCK_ROOT)    net (fo=3390, routed)        2.450     4.328    core_inst/core_inst/core_pcie_inst/core_inst/mqnic_ptp_inst/ptp_clock_inst/ptp_td_leaf_inst/ptp_clk
    SLICE_X83Y75         FDRE                                         r  core_inst/core_inst/core_pcie_inst/core_inst/mqnic_ptp_inst/ptp_clock_inst/ptp_td_leaf_inst/sample_acc_out_reg_reg[0]/C
  -------------------------------------------------------------------    -------------------
    SLICE_X83Y75         FDRE (Prop_HFF2_SLICEM_C_Q)
                                                      0.059     4.387 r  core_inst/core_inst/core_pcie_inst/core_inst/mqnic_ptp_inst/ptp_clock_inst/ptp_td_leaf_inst/sample_acc_out_reg_reg[0]/Q
                         net (fo=1, routed)           0.085     4.472    core_inst/core_inst/core_pcie_inst/core_inst/mqnic_ptp_inst/ptp_clock_inst/ptp_td_leaf_inst/sample_acc_out_reg[0]
    SLICE_X82Y75         FDRE                                         r  core_inst/core_inst/core_pcie_inst/core_inst/mqnic_ptp_inst/ptp_clock_inst/ptp_td_leaf_inst/sample_acc_sync_reg_reg[0]/D
  -------------------------------------------------------------------    -------------------

                         (clock pcie_user_clk rise edge)
                                                      0.000     0.000 r  
    GTHE4_CHANNEL_X0Y7   GTHE4_CHANNEL                0.000     0.000 r  pcie4_uscale_plus_inst/inst/pcie4_uscale_plus_0_gt_top_i/diablo_gt.diablo_gt_phy_wrapper/gt_wizard.gtwizard_top_i/pcie4_uscale_plus_0_gt_i/inst/gen_gtwizard_gthe4_top.pcie4_uscale_plus_0_gt_gtwizard_gthe4_inst/gen_gtwizard_gthe4.gen_channel_container[3].gen_enabled_channel.gthe4_channel_wrapper_inst/channel_inst/gthe4_channel_gen.gen_gthe4_channel_inst[3].GTHE4_CHANNEL_PRIM_INST/TXOUTCLK
                         net (fo=6, routed)           0.113     0.113    pcie4_uscale_plus_inst/inst/pcie4_uscale_plus_0_gt_top_i/diablo_gt.diablo_gt_phy_wrapper/phy_clk_i/CLK_TXOUTCLK
    BUFG_GT_X0Y36        BUFG_GT (Prop_BUFG_GT_I_O)
                                                      0.130     0.243 r  pcie4_uscale_plus_inst/inst/pcie4_uscale_plus_0_gt_top_i/diablo_gt.diablo_gt_phy_wrapper/phy_clk_i/bufg_gt_coreclk/O
    X3Y2 (CLOCK_ROOT)    net (fo=32612, routed)       1.744     1.987    core_inst/core_inst/core_pcie_inst/core_inst/mqnic_ptp_inst/ptp_clock_inst/ptp_td_leaf_inst/clk_250mhz
    SLICE_X82Y75         FDRE                                         r  core_inst/core_inst/core_pcie_inst/core_inst/mqnic_ptp_inst/ptp_clock_inst/ptp_td_leaf_inst/sample_acc_sync_reg_reg[0]/C
                         clock pessimism              0.000     1.987    
    SLICE_X82Y75         FDRE (Hold_HFF_SLICEL_C_D)
                                                      0.060     2.047    core_inst/core_inst/core_pcie_inst/core_inst/mqnic_ptp_inst/ptp_clock_inst/ptp_td_leaf_inst/sample_acc_sync_reg_reg[0]
  -------------------------------------------------------------------
                         data arrival                           4.472    
                         clock arrival                          2.047    
  -------------------------------------------------------------------
                         relative delay                         2.425    



Id: 15
set_bus_skew -from [get_cells [list {dbg_hub/inst/BSCANID.u_xsdbm_id/CORE_XSDB.UUT_MASTER/U_ICON_INTERFACE/U_CMD6_RD/U_RD_FIFO/SUBCORE_FIFO.xsdbm_v3_0_0_rdfifo_inst/inst_fifo_gen/gconvfifo.rf/grf.rf/gntv_or_sync_fifo.gcx.clkx/gnxpm_cdc.rd_pntr_gc_reg[0]} {dbg_hub/inst/BSCANID.u_xsdbm_id/CORE_XSDB.UUT_MASTER/U_ICON_INTERFACE/U_CMD6_RD/U_RD_FIFO/SUBCORE_FIFO.xsdbm_v3_0_0_rdfifo_inst/inst_fifo_gen/gconvfifo.rf/grf.rf/gntv_or_sync_fifo.gcx.clkx/gnxpm_cdc.rd_pntr_gc_reg[1]} {dbg_hub/inst/BSCANID.u_xsdbm_id/CORE_XSDB.UUT_MASTER/U_ICON_INTERFACE/U_CMD6_RD/U_RD_FIFO/SUBCORE_FIFO.xsdbm_v3_0_0_rdfifo_inst/inst_fifo_gen/gconvfifo.rf/grf.rf/gntv_or_sync_fifo.gcx.clkx/gnxpm_cdc.rd_pntr_gc_reg[2]} {dbg_hub/inst/BSCANID.u_xsdbm_id/CORE_XSDB.UUT_MASTER/U_ICON_INTERFACE/U_CMD6_RD/U_RD_FIFO/SUBCORE_FIFO.xsdbm_v3_0_0_rdfifo_inst/inst_fifo_gen/gconvfifo.rf/grf.rf/gntv_or_sync_fifo.gcx.clkx/gnxpm_cdc.rd_pntr_gc_reg[3]}]] -to [get_cells [list {dbg_hub/inst/BSCANID.u_xsdbm_id/CORE_XSDB.UUT_MASTER/U_ICON_INTERFACE/U_CMD6_RD/U_RD_FIFO/SUBCORE_FIFO.xsdbm_v3_0_0_rdfifo_inst/inst_fifo_gen/gconvfifo.rf/grf.rf/gntv_or_sync_fifo.gcx.clkx/gnxpm_cdc.gsync_stage[1].wr_stg_inst/Q_reg_reg[0]} {dbg_hub/inst/BSCANID.u_xsdbm_id/CORE_XSDB.UUT_MASTER/U_ICON_INTERFACE/U_CMD6_RD/U_RD_FIFO/SUBCORE_FIFO.xsdbm_v3_0_0_rdfifo_inst/inst_fifo_gen/gconvfifo.rf/grf.rf/gntv_or_sync_fifo.gcx.clkx/gnxpm_cdc.gsync_stage[1].wr_stg_inst/Q_reg_reg[1]} {dbg_hub/inst/BSCANID.u_xsdbm_id/CORE_XSDB.UUT_MASTER/U_ICON_INTERFACE/U_CMD6_RD/U_RD_FIFO/SUBCORE_FIFO.xsdbm_v3_0_0_rdfifo_inst/inst_fifo_gen/gconvfifo.rf/grf.rf/gntv_or_sync_fifo.gcx.clkx/gnxpm_cdc.gsync_stage[1].wr_stg_inst/Q_reg_reg[2]} {dbg_hub/inst/BSCANID.u_xsdbm_id/CORE_XSDB.UUT_MASTER/U_ICON_INTERFACE/U_CMD6_RD/U_RD_FIFO/SUBCORE_FIFO.xsdbm_v3_0_0_rdfifo_inst/inst_fifo_gen/gconvfifo.rf/grf.rf/gntv_or_sync_fifo.gcx.clkx/gnxpm_cdc.gsync_stage[1].wr_stg_inst/Q_reg_reg[3]}]] 8.000
Requirement: 8.000ns
Endpoints: 4

From Clock            To Clock              Endpoint Pin                    Reference Pin                   Corner  Actual(ns)  Slack(ns)
--------------------  --------------------  ------------------------------  ------------------------------  ------  ----------  ---------
dbg_hub/inst/BSCANID.u_xsdbm_id/SWITCH_N_EXT_BSCAN.bscan_inst/SERIES7_BSCAN.bscan_inst/INTERNAL_TCK
                      clk_125mhz_mmcm_out   dbg_hub/inst/BSCANID.u_xsdbm_id/CORE_XSDB.UUT_MASTER/U_ICON_INTERFACE/U_CMD6_RD/U_RD_FIFO/SUBCORE_FIFO.xsdbm_v3_0_0_rdfifo_inst/inst_fifo_gen/gconvfifo.rf/grf.rf/gntv_or_sync_fifo.gcx.clkx/gnxpm_cdc.gsync_stage[1].wr_stg_inst/Q_reg_reg[0]/D
                                                                            dbg_hub/inst/BSCANID.u_xsdbm_id/CORE_XSDB.UUT_MASTER/U_ICON_INTERFACE/U_CMD6_RD/U_RD_FIFO/SUBCORE_FIFO.xsdbm_v3_0_0_rdfifo_inst/inst_fifo_gen/gconvfifo.rf/grf.rf/gntv_or_sync_fifo.gcx.clkx/gnxpm_cdc.gsync_stage[1].wr_stg_inst/Q_reg_reg[1]/D
                                                                                                            Slow         0.484      7.516


Slack (MET) :             7.516ns  (requirement - actual skew)
  Endpoint Source:        dbg_hub/inst/BSCANID.u_xsdbm_id/CORE_XSDB.UUT_MASTER/U_ICON_INTERFACE/U_CMD6_RD/U_RD_FIFO/SUBCORE_FIFO.xsdbm_v3_0_0_rdfifo_inst/inst_fifo_gen/gconvfifo.rf/grf.rf/gntv_or_sync_fifo.gcx.clkx/gnxpm_cdc.rd_pntr_gc_reg[0]/C
                            (rising edge-triggered cell FDCE clocked by dbg_hub/inst/BSCANID.u_xsdbm_id/SWITCH_N_EXT_BSCAN.bscan_inst/SERIES7_BSCAN.bscan_inst/INTERNAL_TCK)
  Endpoint Destination:   dbg_hub/inst/BSCANID.u_xsdbm_id/CORE_XSDB.UUT_MASTER/U_ICON_INTERFACE/U_CMD6_RD/U_RD_FIFO/SUBCORE_FIFO.xsdbm_v3_0_0_rdfifo_inst/inst_fifo_gen/gconvfifo.rf/grf.rf/gntv_or_sync_fifo.gcx.clkx/gnxpm_cdc.gsync_stage[1].wr_stg_inst/Q_reg_reg[0]/D
                            (rising edge-triggered cell FDCE clocked by clk_125mhz_mmcm_out)
  Reference Source:       dbg_hub/inst/BSCANID.u_xsdbm_id/CORE_XSDB.UUT_MASTER/U_ICON_INTERFACE/U_CMD6_RD/U_RD_FIFO/SUBCORE_FIFO.xsdbm_v3_0_0_rdfifo_inst/inst_fifo_gen/gconvfifo.rf/grf.rf/gntv_or_sync_fifo.gcx.clkx/gnxpm_cdc.rd_pntr_gc_reg[1]/C
                            (rising edge-triggered cell FDCE clocked by dbg_hub/inst/BSCANID.u_xsdbm_id/SWITCH_N_EXT_BSCAN.bscan_inst/SERIES7_BSCAN.bscan_inst/INTERNAL_TCK)
  Reference Destination:  dbg_hub/inst/BSCANID.u_xsdbm_id/CORE_XSDB.UUT_MASTER/U_ICON_INTERFACE/U_CMD6_RD/U_RD_FIFO/SUBCORE_FIFO.xsdbm_v3_0_0_rdfifo_inst/inst_fifo_gen/gconvfifo.rf/grf.rf/gntv_or_sync_fifo.gcx.clkx/gnxpm_cdc.gsync_stage[1].wr_stg_inst/Q_reg_reg[1]/D
                            (rising edge-triggered cell FDCE clocked by clk_125mhz_mmcm_out)
  Path Type:              Bus Skew (Max at Slow Process Corner)
  Requirement:            8.000ns
  Endpoint Relative Delay:    4.304ns
  Reference Relative Delay:  -0.439ns
  Relative CRPR:              4.259ns
  Actual Bus Skew:            0.484ns  (Endpoint Relative Delay - Reference Relative Delay - Relative CRPR)

Endpoint path:
    Location             Delay type                Incr(ns)  Path(ns)    Netlist Resource(s)
  -------------------------------------------------------------------    -------------------
                         (clock dbg_hub/inst/BSCANID.u_xsdbm_id/SWITCH_N_EXT_BSCAN.bscan_inst/SERIES7_BSCAN.bscan_inst/INTERNAL_TCK rise edge)
                                                      0.000     0.000 r  
    CONFIG_SITE_X0Y0     BSCANE2                      0.000     0.000 r  dbg_hub/inst/BSCANID.u_xsdbm_id/SWITCH_N_EXT_BSCAN.bscan_inst/SERIES7_BSCAN.bscan_inst/INTERNAL_TCK
    CONFIG_SITE_X0Y0     BSCANE2 (Prop_BSCAN1_CONFIG_SITE_INTERNAL_TCK_TCK)
                                                      4.300     4.300 r  dbg_hub/inst/BSCANID.u_xsdbm_id/SWITCH_N_EXT_BSCAN.bscan_inst/SERIES7_BSCAN.bscan_inst/TCK
                         net (fo=1, routed)           1.902     6.202    dbg_hub/inst/BSCANID.u_xsdbm_id/tck_bs
    BUFGCE_X1Y4          BUFGCE (Prop_BUFCE_BUFGCE_I_O)
                                                      0.028     6.230 r  dbg_hub/inst/BSCANID.u_xsdbm_id/SWITCH_N_EXT_BSCAN.u_bufg_icon_tck/O
    X2Y3 (CLOCK_ROOT)    net (fo=478, routed)         2.009     8.239    dbg_hub/inst/BSCANID.u_xsdbm_id/CORE_XSDB.UUT_MASTER/U_ICON_INTERFACE/U_CMD6_RD/U_RD_FIFO/SUBCORE_FIFO.xsdbm_v3_0_0_rdfifo_inst/inst_fifo_gen/gconvfifo.rf/grf.rf/gntv_or_sync_fifo.gcx.clkx/rd_clk
    SLICE_X81Y279        FDCE                                         r  dbg_hub/inst/BSCANID.u_xsdbm_id/CORE_XSDB.UUT_MASTER/U_ICON_INTERFACE/U_CMD6_RD/U_RD_FIFO/SUBCORE_FIFO.xsdbm_v3_0_0_rdfifo_inst/inst_fifo_gen/gconvfifo.rf/grf.rf/gntv_or_sync_fifo.gcx.clkx/gnxpm_cdc.rd_pntr_gc_reg[0]/C
  -------------------------------------------------------------------    -------------------
    SLICE_X81Y279        FDCE (Prop_EFF_SLICEM_C_Q)
                                                      0.076     8.315 r  dbg_hub/inst/BSCANID.u_xsdbm_id/CORE_XSDB.UUT_MASTER/U_ICON_INTERFACE/U_CMD6_RD/U_RD_FIFO/SUBCORE_FIFO.xsdbm_v3_0_0_rdfifo_inst/inst_fifo_gen/gconvfifo.rf/grf.rf/gntv_or_sync_fifo.gcx.clkx/gnxpm_cdc.rd_pntr_gc_reg[0]/Q
                         net (fo=1, routed)           0.381     8.696    dbg_hub/inst/BSCANID.u_xsdbm_id/CORE_XSDB.UUT_MASTER/U_ICON_INTERFACE/U_CMD6_RD/U_RD_FIFO/SUBCORE_FIFO.xsdbm_v3_0_0_rdfifo_inst/inst_fifo_gen/gconvfifo.rf/grf.rf/gntv_or_sync_fifo.gcx.clkx/gnxpm_cdc.gsync_stage[1].wr_stg_inst/Q[0]
    SLICE_X81Y279        FDCE                                         r  dbg_hub/inst/BSCANID.u_xsdbm_id/CORE_XSDB.UUT_MASTER/U_ICON_INTERFACE/U_CMD6_RD/U_RD_FIFO/SUBCORE_FIFO.xsdbm_v3_0_0_rdfifo_inst/inst_fifo_gen/gconvfifo.rf/grf.rf/gntv_or_sync_fifo.gcx.clkx/gnxpm_cdc.gsync_stage[1].wr_stg_inst/Q_reg_reg[0]/D
  -------------------------------------------------------------------    -------------------

                         (clock clk_125mhz_mmcm_out rise edge)
                                                      0.000     0.000 r  
    H9                                                0.000     0.000 r  clk_125mhz_p (IN)
                         net (fo=0)                   0.079     0.079    clk_125mhz_ibufg_inst/I
    HPIOBDIFFINBUF_X1Y130
                         DIFFINBUF (Prop_DIFFINBUF_HPIOBDIFFINBUF_DIFF_IN_P_O)
                                                      0.558     0.637 r  clk_125mhz_ibufg_inst/DIFFINBUF_INST/O
                         net (fo=1, routed)           0.040     0.677    clk_125mhz_ibufg_inst/OUT
    H9                   IBUFCTRL (Prop_IBUFCTRL_HPIOB_M_I_O)
                                                      0.000     0.677 r  clk_125mhz_ibufg_inst/IBUFCTRL_INST/O
                         net (fo=1, routed)           0.333     1.010    clk_125mhz_ibufg
    MMCM_X1Y5            MMCME4_ADV (Prop_MMCM_CLKIN1_CLKOUT0)
                                                      0.630     1.640 r  clk_mmcm_inst/CLKOUT0
                         net (fo=1, routed)           0.214     1.854    clk_125mhz_mmcm_out
    BUFGCE_X1Y122        BUFGCE (Prop_BUFCE_BUFGCE_I_O)
                                                      0.024     1.878 r  clk_125mhz_bufg_inst/O
    X1Y2 (CLOCK_ROOT)    net (fo=3390, routed)        2.489     4.367    dbg_hub/inst/BSCANID.u_xsdbm_id/CORE_XSDB.UUT_MASTER/U_ICON_INTERFACE/U_CMD6_RD/U_RD_FIFO/SUBCORE_FIFO.xsdbm_v3_0_0_rdfifo_inst/inst_fifo_gen/gconvfifo.rf/grf.rf/gntv_or_sync_fifo.gcx.clkx/gnxpm_cdc.gsync_stage[1].wr_stg_inst/wr_clk
    SLICE_X81Y279        FDCE                                         r  dbg_hub/inst/BSCANID.u_xsdbm_id/CORE_XSDB.UUT_MASTER/U_ICON_INTERFACE/U_CMD6_RD/U_RD_FIFO/SUBCORE_FIFO.xsdbm_v3_0_0_rdfifo_inst/inst_fifo_gen/gconvfifo.rf/grf.rf/gntv_or_sync_fifo.gcx.clkx/gnxpm_cdc.gsync_stage[1].wr_stg_inst/Q_reg_reg[0]/C
                         clock pessimism              0.000     4.367    
    SLICE_X81Y279        FDCE (Setup_DFF2_SLICEM_C_D)
                                                      0.025     4.392    dbg_hub/inst/BSCANID.u_xsdbm_id/CORE_XSDB.UUT_MASTER/U_ICON_INTERFACE/U_CMD6_RD/U_RD_FIFO/SUBCORE_FIFO.xsdbm_v3_0_0_rdfifo_inst/inst_fifo_gen/gconvfifo.rf/grf.rf/gntv_or_sync_fifo.gcx.clkx/gnxpm_cdc.gsync_stage[1].wr_stg_inst/Q_reg_reg[0]
  -------------------------------------------------------------------
                         data arrival                           8.696    
                         clock arrival                          4.392    
  -------------------------------------------------------------------
                         relative delay                         4.304    

Reference path:
    Location             Delay type                Incr(ns)  Path(ns)    Netlist Resource(s)
  -------------------------------------------------------------------    -------------------
                         (clock dbg_hub/inst/BSCANID.u_xsdbm_id/SWITCH_N_EXT_BSCAN.bscan_inst/SERIES7_BSCAN.bscan_inst/INTERNAL_TCK rise edge)
                                                      0.000     0.000 r  
    CONFIG_SITE_X0Y0     BSCANE2                      0.000     0.000 r  dbg_hub/inst/BSCANID.u_xsdbm_id/SWITCH_N_EXT_BSCAN.bscan_inst/SERIES7_BSCAN.bscan_inst/INTERNAL_TCK
    CONFIG_SITE_X0Y0     BSCANE2 (Prop_BSCAN1_CONFIG_SITE_INTERNAL_TCK_TCK)
                                                      0.465     0.465 r  dbg_hub/inst/BSCANID.u_xsdbm_id/SWITCH_N_EXT_BSCAN.bscan_inst/SERIES7_BSCAN.bscan_inst/TCK
                         net (fo=1, routed)           1.303     1.768    dbg_hub/inst/BSCANID.u_xsdbm_id/tck_bs
    BUFGCE_X1Y4          BUFGCE (Prop_BUFCE_BUFGCE_I_O)
                                                      0.024     1.792 r  dbg_hub/inst/BSCANID.u_xsdbm_id/SWITCH_N_EXT_BSCAN.u_bufg_icon_tck/O
    X2Y3 (CLOCK_ROOT)    net (fo=478, routed)         1.787     3.579    dbg_hub/inst/BSCANID.u_xsdbm_id/CORE_XSDB.UUT_MASTER/U_ICON_INTERFACE/U_CMD6_RD/U_RD_FIFO/SUBCORE_FIFO.xsdbm_v3_0_0_rdfifo_inst/inst_fifo_gen/gconvfifo.rf/grf.rf/gntv_or_sync_fifo.gcx.clkx/rd_clk
    SLICE_X79Y279        FDCE                                         r  dbg_hub/inst/BSCANID.u_xsdbm_id/CORE_XSDB.UUT_MASTER/U_ICON_INTERFACE/U_CMD6_RD/U_RD_FIFO/SUBCORE_FIFO.xsdbm_v3_0_0_rdfifo_inst/inst_fifo_gen/gconvfifo.rf/grf.rf/gntv_or_sync_fifo.gcx.clkx/gnxpm_cdc.rd_pntr_gc_reg[1]/C
  -------------------------------------------------------------------    -------------------
    SLICE_X79Y279        FDCE (Prop_DFF2_SLICEM_C_Q)
                                                      0.061     3.640 r  dbg_hub/inst/BSCANID.u_xsdbm_id/CORE_XSDB.UUT_MASTER/U_ICON_INTERFACE/U_CMD6_RD/U_RD_FIFO/SUBCORE_FIFO.xsdbm_v3_0_0_rdfifo_inst/inst_fifo_gen/gconvfifo.rf/grf.rf/gntv_or_sync_fifo.gcx.clkx/gnxpm_cdc.rd_pntr_gc_reg[1]/Q
                         net (fo=1, routed)           0.105     3.745    dbg_hub/inst/BSCANID.u_xsdbm_id/CORE_XSDB.UUT_MASTER/U_ICON_INTERFACE/U_CMD6_RD/U_RD_FIFO/SUBCORE_FIFO.xsdbm_v3_0_0_rdfifo_inst/inst_fifo_gen/gconvfifo.rf/grf.rf/gntv_or_sync_fifo.gcx.clkx/gnxpm_cdc.gsync_stage[1].wr_stg_inst/Q[1]
    SLICE_X79Y277        FDCE                                         r  dbg_hub/inst/BSCANID.u_xsdbm_id/CORE_XSDB.UUT_MASTER/U_ICON_INTERFACE/U_CMD6_RD/U_RD_FIFO/SUBCORE_FIFO.xsdbm_v3_0_0_rdfifo_inst/inst_fifo_gen/gconvfifo.rf/grf.rf/gntv_or_sync_fifo.gcx.clkx/gnxpm_cdc.gsync_stage[1].wr_stg_inst/Q_reg_reg[1]/D
  -------------------------------------------------------------------    -------------------

                         (clock clk_125mhz_mmcm_out rise edge)
                                                      0.000     0.000 r  
    H9                                                0.000     0.000 r  clk_125mhz_p (IN)
                         net (fo=0)                   0.100     0.100    clk_125mhz_ibufg_inst/I
    HPIOBDIFFINBUF_X1Y130
                         DIFFINBUF (Prop_DIFFINBUF_HPIOBDIFFINBUF_DIFF_IN_P_O)
                                                      0.669     0.769 r  clk_125mhz_ibufg_inst/DIFFINBUF_INST/O
                         net (fo=1, routed)           0.050     0.819    clk_125mhz_ibufg_inst/OUT
    H9                   IBUFCTRL (Prop_IBUFCTRL_HPIOB_M_I_O)
                                                      0.000     0.819 r  clk_125mhz_ibufg_inst/IBUFCTRL_INST/O
                         net (fo=1, routed)           0.384     1.203    clk_125mhz_ibufg
    MMCM_X1Y5            MMCME4_ADV (Prop_MMCM_CLKIN1_CLKOUT0)
                                                     -0.127     1.076 r  clk_mmcm_inst/CLKOUT0
                         net (fo=1, routed)           0.244     1.320    clk_125mhz_mmcm_out
    BUFGCE_X1Y122        BUFGCE (Prop_BUFCE_BUFGCE_I_O)
                                                      0.028     1.348 r  clk_125mhz_bufg_inst/O
    X1Y2 (CLOCK_ROOT)    net (fo=3390, routed)        2.775     4.123    dbg_hub/inst/BSCANID.u_xsdbm_id/CORE_XSDB.UUT_MASTER/U_ICON_INTERFACE/U_CMD6_RD/U_RD_FIFO/SUBCORE_FIFO.xsdbm_v3_0_0_rdfifo_inst/inst_fifo_gen/gconvfifo.rf/grf.rf/gntv_or_sync_fifo.gcx.clkx/gnxpm_cdc.gsync_stage[1].wr_stg_inst/wr_clk
    SLICE_X79Y277        FDCE                                         r  dbg_hub/inst/BSCANID.u_xsdbm_id/CORE_XSDB.UUT_MASTER/U_ICON_INTERFACE/U_CMD6_RD/U_RD_FIFO/SUBCORE_FIFO.xsdbm_v3_0_0_rdfifo_inst/inst_fifo_gen/gconvfifo.rf/grf.rf/gntv_or_sync_fifo.gcx.clkx/gnxpm_cdc.gsync_stage[1].wr_stg_inst/Q_reg_reg[1]/C
                         clock pessimism              0.000     4.123    
    SLICE_X79Y277        FDCE (Hold_BFF2_SLICEM_C_D)
                                                      0.062     4.185    dbg_hub/inst/BSCANID.u_xsdbm_id/CORE_XSDB.UUT_MASTER/U_ICON_INTERFACE/U_CMD6_RD/U_RD_FIFO/SUBCORE_FIFO.xsdbm_v3_0_0_rdfifo_inst/inst_fifo_gen/gconvfifo.rf/grf.rf/gntv_or_sync_fifo.gcx.clkx/gnxpm_cdc.gsync_stage[1].wr_stg_inst/Q_reg_reg[1]
  -------------------------------------------------------------------
                         data arrival                           3.745    
                         clock arrival                          4.185    
  -------------------------------------------------------------------
                         relative delay                        -0.439    



Id: 16
set_bus_skew -from [get_cells [list {dbg_hub/inst/BSCANID.u_xsdbm_id/CORE_XSDB.UUT_MASTER/U_ICON_INTERFACE/U_CMD6_RD/U_RD_FIFO/SUBCORE_FIFO.xsdbm_v3_0_0_rdfifo_inst/inst_fifo_gen/gconvfifo.rf/grf.rf/gntv_or_sync_fifo.gcx.clkx/gnxpm_cdc.wr_pntr_gc_reg[0]} {dbg_hub/inst/BSCANID.u_xsdbm_id/CORE_XSDB.UUT_MASTER/U_ICON_INTERFACE/U_CMD6_RD/U_RD_FIFO/SUBCORE_FIFO.xsdbm_v3_0_0_rdfifo_inst/inst_fifo_gen/gconvfifo.rf/grf.rf/gntv_or_sync_fifo.gcx.clkx/gnxpm_cdc.wr_pntr_gc_reg[1]} {dbg_hub/inst/BSCANID.u_xsdbm_id/CORE_XSDB.UUT_MASTER/U_ICON_INTERFACE/U_CMD6_RD/U_RD_FIFO/SUBCORE_FIFO.xsdbm_v3_0_0_rdfifo_inst/inst_fifo_gen/gconvfifo.rf/grf.rf/gntv_or_sync_fifo.gcx.clkx/gnxpm_cdc.wr_pntr_gc_reg[2]} {dbg_hub/inst/BSCANID.u_xsdbm_id/CORE_XSDB.UUT_MASTER/U_ICON_INTERFACE/U_CMD6_RD/U_RD_FIFO/SUBCORE_FIFO.xsdbm_v3_0_0_rdfifo_inst/inst_fifo_gen/gconvfifo.rf/grf.rf/gntv_or_sync_fifo.gcx.clkx/gnxpm_cdc.wr_pntr_gc_reg[3]}]] -to [get_cells [list {dbg_hub/inst/BSCANID.u_xsdbm_id/CORE_XSDB.UUT_MASTER/U_ICON_INTERFACE/U_CMD6_RD/U_RD_FIFO/SUBCORE_FIFO.xsdbm_v3_0_0_rdfifo_inst/inst_fifo_gen/gconvfifo.rf/grf.rf/gntv_or_sync_fifo.gcx.clkx/gnxpm_cdc.gsync_stage[1].rd_stg_inst/Q_reg_reg[0]} {dbg_hub/inst/BSCANID.u_xsdbm_id/CORE_XSDB.UUT_MASTER/U_ICON_INTERFACE/U_CMD6_RD/U_RD_FIFO/SUBCORE_FIFO.xsdbm_v3_0_0_rdfifo_inst/inst_fifo_gen/gconvfifo.rf/grf.rf/gntv_or_sync_fifo.gcx.clkx/gnxpm_cdc.gsync_stage[1].rd_stg_inst/Q_reg_reg[1]} {dbg_hub/inst/BSCANID.u_xsdbm_id/CORE_XSDB.UUT_MASTER/U_ICON_INTERFACE/U_CMD6_RD/U_RD_FIFO/SUBCORE_FIFO.xsdbm_v3_0_0_rdfifo_inst/inst_fifo_gen/gconvfifo.rf/grf.rf/gntv_or_sync_fifo.gcx.clkx/gnxpm_cdc.gsync_stage[1].rd_stg_inst/Q_reg_reg[2]} {dbg_hub/inst/BSCANID.u_xsdbm_id/CORE_XSDB.UUT_MASTER/U_ICON_INTERFACE/U_CMD6_RD/U_RD_FIFO/SUBCORE_FIFO.xsdbm_v3_0_0_rdfifo_inst/inst_fifo_gen/gconvfifo.rf/grf.rf/gntv_or_sync_fifo.gcx.clkx/gnxpm_cdc.gsync_stage[1].rd_stg_inst/Q_reg_reg[3]}]] 8.000
Requirement: 8.000ns
Endpoints: 4

From Clock            To Clock              Endpoint Pin                    Reference Pin                   Corner  Actual(ns)  Slack(ns)
--------------------  --------------------  ------------------------------  ------------------------------  ------  ----------  ---------
clk_125mhz_mmcm_out   dbg_hub/inst/BSCANID.u_xsdbm_id/SWITCH_N_EXT_BSCAN.bscan_inst/SERIES7_BSCAN.bscan_inst/INTERNAL_TCK
                                            dbg_hub/inst/BSCANID.u_xsdbm_id/CORE_XSDB.UUT_MASTER/U_ICON_INTERFACE/U_CMD6_RD/U_RD_FIFO/SUBCORE_FIFO.xsdbm_v3_0_0_rdfifo_inst/inst_fifo_gen/gconvfifo.rf/grf.rf/gntv_or_sync_fifo.gcx.clkx/gnxpm_cdc.gsync_stage[1].rd_stg_inst/Q_reg_reg[2]/D
                                                                            dbg_hub/inst/BSCANID.u_xsdbm_id/CORE_XSDB.UUT_MASTER/U_ICON_INTERFACE/U_CMD6_RD/U_RD_FIFO/SUBCORE_FIFO.xsdbm_v3_0_0_rdfifo_inst/inst_fifo_gen/gconvfifo.rf/grf.rf/gntv_or_sync_fifo.gcx.clkx/gnxpm_cdc.gsync_stage[1].rd_stg_inst/Q_reg_reg[0]/D
                                                                                                            Slow         0.262      7.738


Slack (MET) :             7.738ns  (requirement - actual skew)
  Endpoint Source:        dbg_hub/inst/BSCANID.u_xsdbm_id/CORE_XSDB.UUT_MASTER/U_ICON_INTERFACE/U_CMD6_RD/U_RD_FIFO/SUBCORE_FIFO.xsdbm_v3_0_0_rdfifo_inst/inst_fifo_gen/gconvfifo.rf/grf.rf/gntv_or_sync_fifo.gcx.clkx/gnxpm_cdc.wr_pntr_gc_reg[2]/C
                            (rising edge-triggered cell FDCE clocked by clk_125mhz_mmcm_out)
  Endpoint Destination:   dbg_hub/inst/BSCANID.u_xsdbm_id/CORE_XSDB.UUT_MASTER/U_ICON_INTERFACE/U_CMD6_RD/U_RD_FIFO/SUBCORE_FIFO.xsdbm_v3_0_0_rdfifo_inst/inst_fifo_gen/gconvfifo.rf/grf.rf/gntv_or_sync_fifo.gcx.clkx/gnxpm_cdc.gsync_stage[1].rd_stg_inst/Q_reg_reg[2]/D
                            (rising edge-triggered cell FDCE clocked by dbg_hub/inst/BSCANID.u_xsdbm_id/SWITCH_N_EXT_BSCAN.bscan_inst/SERIES7_BSCAN.bscan_inst/INTERNAL_TCK)
  Reference Source:       dbg_hub/inst/BSCANID.u_xsdbm_id/CORE_XSDB.UUT_MASTER/U_ICON_INTERFACE/U_CMD6_RD/U_RD_FIFO/SUBCORE_FIFO.xsdbm_v3_0_0_rdfifo_inst/inst_fifo_gen/gconvfifo.rf/grf.rf/gntv_or_sync_fifo.gcx.clkx/gnxpm_cdc.wr_pntr_gc_reg[0]/C
                            (rising edge-triggered cell FDCE clocked by clk_125mhz_mmcm_out)
  Reference Destination:  dbg_hub/inst/BSCANID.u_xsdbm_id/CORE_XSDB.UUT_MASTER/U_ICON_INTERFACE/U_CMD6_RD/U_RD_FIFO/SUBCORE_FIFO.xsdbm_v3_0_0_rdfifo_inst/inst_fifo_gen/gconvfifo.rf/grf.rf/gntv_or_sync_fifo.gcx.clkx/gnxpm_cdc.gsync_stage[1].rd_stg_inst/Q_reg_reg[0]/D
                            (rising edge-triggered cell FDCE clocked by dbg_hub/inst/BSCANID.u_xsdbm_id/SWITCH_N_EXT_BSCAN.bscan_inst/SERIES7_BSCAN.bscan_inst/INTERNAL_TCK)
  Path Type:              Bus Skew (Max at Slow Process Corner)
  Requirement:            8.000ns
  Endpoint Relative Delay:    0.869ns
  Reference Relative Delay:  -3.783ns
  Relative CRPR:              4.390ns
  Actual Bus Skew:            0.262ns  (Endpoint Relative Delay - Reference Relative Delay - Relative CRPR)

Endpoint path:
    Location             Delay type                Incr(ns)  Path(ns)    Netlist Resource(s)
  -------------------------------------------------------------------    -------------------
                         (clock clk_125mhz_mmcm_out rise edge)
                                                      0.000     0.000 r  
    H9                                                0.000     0.000 r  clk_125mhz_p (IN)
                         net (fo=0)                   0.100     0.100    clk_125mhz_ibufg_inst/I
    HPIOBDIFFINBUF_X1Y130
                         DIFFINBUF (Prop_DIFFINBUF_HPIOBDIFFINBUF_DIFF_IN_P_O)
                                                      0.669     0.769 r  clk_125mhz_ibufg_inst/DIFFINBUF_INST/O
                         net (fo=1, routed)           0.050     0.819    clk_125mhz_ibufg_inst/OUT
    H9                   IBUFCTRL (Prop_IBUFCTRL_HPIOB_M_I_O)
                                                      0.000     0.819 r  clk_125mhz_ibufg_inst/IBUFCTRL_INST/O
                         net (fo=1, routed)           0.384     1.203    clk_125mhz_ibufg
    MMCM_X1Y5            MMCME4_ADV (Prop_MMCM_CLKIN1_CLKOUT0)
                                                     -0.127     1.076 r  clk_mmcm_inst/CLKOUT0
                         net (fo=1, routed)           0.244     1.320    clk_125mhz_mmcm_out
    BUFGCE_X1Y122        BUFGCE (Prop_BUFCE_BUFGCE_I_O)
                                                      0.028     1.348 r  clk_125mhz_bufg_inst/O
    X1Y2 (CLOCK_ROOT)    net (fo=3390, routed)        2.776     4.124    dbg_hub/inst/BSCANID.u_xsdbm_id/CORE_XSDB.UUT_MASTER/U_ICON_INTERFACE/U_CMD6_RD/U_RD_FIFO/SUBCORE_FIFO.xsdbm_v3_0_0_rdfifo_inst/inst_fifo_gen/gconvfifo.rf/grf.rf/gntv_or_sync_fifo.gcx.clkx/wr_clk
    SLICE_X79Y279        FDCE                                         r  dbg_hub/inst/BSCANID.u_xsdbm_id/CORE_XSDB.UUT_MASTER/U_ICON_INTERFACE/U_CMD6_RD/U_RD_FIFO/SUBCORE_FIFO.xsdbm_v3_0_0_rdfifo_inst/inst_fifo_gen/gconvfifo.rf/grf.rf/gntv_or_sync_fifo.gcx.clkx/gnxpm_cdc.wr_pntr_gc_reg[2]/C
  -------------------------------------------------------------------    -------------------
    SLICE_X79Y279        FDCE (Prop_GFF_SLICEM_C_Q)
                                                      0.078     4.202 r  dbg_hub/inst/BSCANID.u_xsdbm_id/CORE_XSDB.UUT_MASTER/U_ICON_INTERFACE/U_CMD6_RD/U_RD_FIFO/SUBCORE_FIFO.xsdbm_v3_0_0_rdfifo_inst/inst_fifo_gen/gconvfifo.rf/grf.rf/gntv_or_sync_fifo.gcx.clkx/gnxpm_cdc.wr_pntr_gc_reg[2]/Q
                         net (fo=1, routed)           0.272     4.474    dbg_hub/inst/BSCANID.u_xsdbm_id/CORE_XSDB.UUT_MASTER/U_ICON_INTERFACE/U_CMD6_RD/U_RD_FIFO/SUBCORE_FIFO.xsdbm_v3_0_0_rdfifo_inst/inst_fifo_gen/gconvfifo.rf/grf.rf/gntv_or_sync_fifo.gcx.clkx/gnxpm_cdc.gsync_stage[1].rd_stg_inst/Q[2]
    SLICE_X79Y279        FDCE                                         r  dbg_hub/inst/BSCANID.u_xsdbm_id/CORE_XSDB.UUT_MASTER/U_ICON_INTERFACE/U_CMD6_RD/U_RD_FIFO/SUBCORE_FIFO.xsdbm_v3_0_0_rdfifo_inst/inst_fifo_gen/gconvfifo.rf/grf.rf/gntv_or_sync_fifo.gcx.clkx/gnxpm_cdc.gsync_stage[1].rd_stg_inst/Q_reg_reg[2]/D
  -------------------------------------------------------------------    -------------------

                         (clock dbg_hub/inst/BSCANID.u_xsdbm_id/SWITCH_N_EXT_BSCAN.bscan_inst/SERIES7_BSCAN.bscan_inst/INTERNAL_TCK rise edge)
                                                      0.000     0.000 r  
    CONFIG_SITE_X0Y0     BSCANE2                      0.000     0.000 r  dbg_hub/inst/BSCANID.u_xsdbm_id/SWITCH_N_EXT_BSCAN.bscan_inst/SERIES7_BSCAN.bscan_inst/INTERNAL_TCK
    CONFIG_SITE_X0Y0     BSCANE2 (Prop_BSCAN1_CONFIG_SITE_INTERNAL_TCK_TCK)
                                                      0.465     0.465 r  dbg_hub/inst/BSCANID.u_xsdbm_id/SWITCH_N_EXT_BSCAN.bscan_inst/SERIES7_BSCAN.bscan_inst/TCK
                         net (fo=1, routed)           1.303     1.768    dbg_hub/inst/BSCANID.u_xsdbm_id/tck_bs
    BUFGCE_X1Y4          BUFGCE (Prop_BUFCE_BUFGCE_I_O)
                                                      0.024     1.792 r  dbg_hub/inst/BSCANID.u_xsdbm_id/SWITCH_N_EXT_BSCAN.u_bufg_icon_tck/O
    X2Y3 (CLOCK_ROOT)    net (fo=478, routed)         1.787     3.579    dbg_hub/inst/BSCANID.u_xsdbm_id/CORE_XSDB.UUT_MASTER/U_ICON_INTERFACE/U_CMD6_RD/U_RD_FIFO/SUBCORE_FIFO.xsdbm_v3_0_0_rdfifo_inst/inst_fifo_gen/gconvfifo.rf/grf.rf/gntv_or_sync_fifo.gcx.clkx/gnxpm_cdc.gsync_stage[1].rd_stg_inst/rd_clk
    SLICE_X79Y279        FDCE                                         r  dbg_hub/inst/BSCANID.u_xsdbm_id/CORE_XSDB.UUT_MASTER/U_ICON_INTERFACE/U_CMD6_RD/U_RD_FIFO/SUBCORE_FIFO.xsdbm_v3_0_0_rdfifo_inst/inst_fifo_gen/gconvfifo.rf/grf.rf/gntv_or_sync_fifo.gcx.clkx/gnxpm_cdc.gsync_stage[1].rd_stg_inst/Q_reg_reg[2]/C
                         clock pessimism              0.000     3.579    
    SLICE_X79Y279        FDCE (Setup_CFF2_SLICEM_C_D)
                                                      0.025     3.604    dbg_hub/inst/BSCANID.u_xsdbm_id/CORE_XSDB.UUT_MASTER/U_ICON_INTERFACE/U_CMD6_RD/U_RD_FIFO/SUBCORE_FIFO.xsdbm_v3_0_0_rdfifo_inst/inst_fifo_gen/gconvfifo.rf/grf.rf/gntv_or_sync_fifo.gcx.clkx/gnxpm_cdc.gsync_stage[1].rd_stg_inst/Q_reg_reg[2]
  -------------------------------------------------------------------
                         data arrival                           4.474    
                         clock arrival                          3.604    
  -------------------------------------------------------------------
                         relative delay                         0.869    

Reference path:
    Location             Delay type                Incr(ns)  Path(ns)    Netlist Resource(s)
  -------------------------------------------------------------------    -------------------
                         (clock clk_125mhz_mmcm_out rise edge)
                                                      0.000     0.000 r  
    H9                                                0.000     0.000 r  clk_125mhz_p (IN)
                         net (fo=0)                   0.079     0.079    clk_125mhz_ibufg_inst/I
    HPIOBDIFFINBUF_X1Y130
                         DIFFINBUF (Prop_DIFFINBUF_HPIOBDIFFINBUF_DIFF_IN_P_O)
                                                      0.558     0.637 r  clk_125mhz_ibufg_inst/DIFFINBUF_INST/O
                         net (fo=1, routed)           0.040     0.677    clk_125mhz_ibufg_inst/OUT
    H9                   IBUFCTRL (Prop_IBUFCTRL_HPIOB_M_I_O)
                                                      0.000     0.677 r  clk_125mhz_ibufg_inst/IBUFCTRL_INST/O
                         net (fo=1, routed)           0.333     1.010    clk_125mhz_ibufg
    MMCM_X1Y5            MMCME4_ADV (Prop_MMCM_CLKIN1_CLKOUT0)
                                                      0.630     1.640 r  clk_mmcm_inst/CLKOUT0
                         net (fo=1, routed)           0.214     1.854    clk_125mhz_mmcm_out
    BUFGCE_X1Y122        BUFGCE (Prop_BUFCE_BUFGCE_I_O)
                                                      0.024     1.878 r  clk_125mhz_bufg_inst/O
    X1Y2 (CLOCK_ROOT)    net (fo=3390, routed)        2.487     4.365    dbg_hub/inst/BSCANID.u_xsdbm_id/CORE_XSDB.UUT_MASTER/U_ICON_INTERFACE/U_CMD6_RD/U_RD_FIFO/SUBCORE_FIFO.xsdbm_v3_0_0_rdfifo_inst/inst_fifo_gen/gconvfifo.rf/grf.rf/gntv_or_sync_fifo.gcx.clkx/wr_clk
    SLICE_X79Y279        FDCE                                         r  dbg_hub/inst/BSCANID.u_xsdbm_id/CORE_XSDB.UUT_MASTER/U_ICON_INTERFACE/U_CMD6_RD/U_RD_FIFO/SUBCORE_FIFO.xsdbm_v3_0_0_rdfifo_inst/inst_fifo_gen/gconvfifo.rf/grf.rf/gntv_or_sync_fifo.gcx.clkx/gnxpm_cdc.wr_pntr_gc_reg[0]/C
  -------------------------------------------------------------------    -------------------
    SLICE_X79Y279        FDCE (Prop_HFF_SLICEM_C_Q)
                                                      0.058     4.423 r  dbg_hub/inst/BSCANID.u_xsdbm_id/CORE_XSDB.UUT_MASTER/U_ICON_INTERFACE/U_CMD6_RD/U_RD_FIFO/SUBCORE_FIFO.xsdbm_v3_0_0_rdfifo_inst/inst_fifo_gen/gconvfifo.rf/grf.rf/gntv_or_sync_fifo.gcx.clkx/gnxpm_cdc.wr_pntr_gc_reg[0]/Q
                         net (fo=1, routed)           0.100     4.523    dbg_hub/inst/BSCANID.u_xsdbm_id/CORE_XSDB.UUT_MASTER/U_ICON_INTERFACE/U_CMD6_RD/U_RD_FIFO/SUBCORE_FIFO.xsdbm_v3_0_0_rdfifo_inst/inst_fifo_gen/gconvfifo.rf/grf.rf/gntv_or_sync_fifo.gcx.clkx/gnxpm_cdc.gsync_stage[1].rd_stg_inst/Q[0]
    SLICE_X80Y279        FDCE                                         r  dbg_hub/inst/BSCANID.u_xsdbm_id/CORE_XSDB.UUT_MASTER/U_ICON_INTERFACE/U_CMD6_RD/U_RD_FIFO/SUBCORE_FIFO.xsdbm_v3_0_0_rdfifo_inst/inst_fifo_gen/gconvfifo.rf/grf.rf/gntv_or_sync_fifo.gcx.clkx/gnxpm_cdc.gsync_stage[1].rd_stg_inst/Q_reg_reg[0]/D
  -------------------------------------------------------------------    -------------------

                         (clock dbg_hub/inst/BSCANID.u_xsdbm_id/SWITCH_N_EXT_BSCAN.bscan_inst/SERIES7_BSCAN.bscan_inst/INTERNAL_TCK rise edge)
                                                      0.000     0.000 r  
    CONFIG_SITE_X0Y0     BSCANE2                      0.000     0.000 r  dbg_hub/inst/BSCANID.u_xsdbm_id/SWITCH_N_EXT_BSCAN.bscan_inst/SERIES7_BSCAN.bscan_inst/INTERNAL_TCK
    CONFIG_SITE_X0Y0     BSCANE2 (Prop_BSCAN1_CONFIG_SITE_INTERNAL_TCK_TCK)
                                                      4.300     4.300 r  dbg_hub/inst/BSCANID.u_xsdbm_id/SWITCH_N_EXT_BSCAN.bscan_inst/SERIES7_BSCAN.bscan_inst/TCK
                         net (fo=1, routed)           1.902     6.202    dbg_hub/inst/BSCANID.u_xsdbm_id/tck_bs
    BUFGCE_X1Y4          BUFGCE (Prop_BUFCE_BUFGCE_I_O)
                                                      0.028     6.230 r  dbg_hub/inst/BSCANID.u_xsdbm_id/SWITCH_N_EXT_BSCAN.u_bufg_icon_tck/O
    X2Y3 (CLOCK_ROOT)    net (fo=478, routed)         2.014     8.244    dbg_hub/inst/BSCANID.u_xsdbm_id/CORE_XSDB.UUT_MASTER/U_ICON_INTERFACE/U_CMD6_RD/U_RD_FIFO/SUBCORE_FIFO.xsdbm_v3_0_0_rdfifo_inst/inst_fifo_gen/gconvfifo.rf/grf.rf/gntv_or_sync_fifo.gcx.clkx/gnxpm_cdc.gsync_stage[1].rd_stg_inst/rd_clk
    SLICE_X80Y279        FDCE                                         r  dbg_hub/inst/BSCANID.u_xsdbm_id/CORE_XSDB.UUT_MASTER/U_ICON_INTERFACE/U_CMD6_RD/U_RD_FIFO/SUBCORE_FIFO.xsdbm_v3_0_0_rdfifo_inst/inst_fifo_gen/gconvfifo.rf/grf.rf/gntv_or_sync_fifo.gcx.clkx/gnxpm_cdc.gsync_stage[1].rd_stg_inst/Q_reg_reg[0]/C
                         clock pessimism              0.000     8.244    
    SLICE_X80Y279        FDCE (Hold_DFF2_SLICEL_C_D)
                                                      0.062     8.306    dbg_hub/inst/BSCANID.u_xsdbm_id/CORE_XSDB.UUT_MASTER/U_ICON_INTERFACE/U_CMD6_RD/U_RD_FIFO/SUBCORE_FIFO.xsdbm_v3_0_0_rdfifo_inst/inst_fifo_gen/gconvfifo.rf/grf.rf/gntv_or_sync_fifo.gcx.clkx/gnxpm_cdc.gsync_stage[1].rd_stg_inst/Q_reg_reg[0]
  -------------------------------------------------------------------
                         data arrival                           4.523    
                         clock arrival                          8.306    
  -------------------------------------------------------------------
                         relative delay                        -3.783    



Id: 17
set_bus_skew -from [get_cells [list {dbg_hub/inst/BSCANID.u_xsdbm_id/CORE_XSDB.UUT_MASTER/U_ICON_INTERFACE/U_CMD6_WR/U_WR_FIFO/SUBCORE_FIFO.xsdbm_v3_0_0_wrfifo_inst/inst_fifo_gen/gconvfifo.rf/grf.rf/gntv_or_sync_fifo.gcx.clkx/gnxpm_cdc.rd_pntr_gc_reg[0]} {dbg_hub/inst/BSCANID.u_xsdbm_id/CORE_XSDB.UUT_MASTER/U_ICON_INTERFACE/U_CMD6_WR/U_WR_FIFO/SUBCORE_FIFO.xsdbm_v3_0_0_wrfifo_inst/inst_fifo_gen/gconvfifo.rf/grf.rf/gntv_or_sync_fifo.gcx.clkx/gnxpm_cdc.rd_pntr_gc_reg[1]} {dbg_hub/inst/BSCANID.u_xsdbm_id/CORE_XSDB.UUT_MASTER/U_ICON_INTERFACE/U_CMD6_WR/U_WR_FIFO/SUBCORE_FIFO.xsdbm_v3_0_0_wrfifo_inst/inst_fifo_gen/gconvfifo.rf/grf.rf/gntv_or_sync_fifo.gcx.clkx/gnxpm_cdc.rd_pntr_gc_reg[2]} {dbg_hub/inst/BSCANID.u_xsdbm_id/CORE_XSDB.UUT_MASTER/U_ICON_INTERFACE/U_CMD6_WR/U_WR_FIFO/SUBCORE_FIFO.xsdbm_v3_0_0_wrfifo_inst/inst_fifo_gen/gconvfifo.rf/grf.rf/gntv_or_sync_fifo.gcx.clkx/gnxpm_cdc.rd_pntr_gc_reg[3]}]] -to [get_cells [list {dbg_hub/inst/BSCANID.u_xsdbm_id/CORE_XSDB.UUT_MASTER/U_ICON_INTERFACE/U_CMD6_WR/U_WR_FIFO/SUBCORE_FIFO.xsdbm_v3_0_0_wrfifo_inst/inst_fifo_gen/gconvfifo.rf/grf.rf/gntv_or_sync_fifo.gcx.clkx/gnxpm_cdc.gsync_stage[1].wr_stg_inst/Q_reg_reg[0]} {dbg_hub/inst/BSCANID.u_xsdbm_id/CORE_XSDB.UUT_MASTER/U_ICON_INTERFACE/U_CMD6_WR/U_WR_FIFO/SUBCORE_FIFO.xsdbm_v3_0_0_wrfifo_inst/inst_fifo_gen/gconvfifo.rf/grf.rf/gntv_or_sync_fifo.gcx.clkx/gnxpm_cdc.gsync_stage[1].wr_stg_inst/Q_reg_reg[1]} {dbg_hub/inst/BSCANID.u_xsdbm_id/CORE_XSDB.UUT_MASTER/U_ICON_INTERFACE/U_CMD6_WR/U_WR_FIFO/SUBCORE_FIFO.xsdbm_v3_0_0_wrfifo_inst/inst_fifo_gen/gconvfifo.rf/grf.rf/gntv_or_sync_fifo.gcx.clkx/gnxpm_cdc.gsync_stage[1].wr_stg_inst/Q_reg_reg[2]} {dbg_hub/inst/BSCANID.u_xsdbm_id/CORE_XSDB.UUT_MASTER/U_ICON_INTERFACE/U_CMD6_WR/U_WR_FIFO/SUBCORE_FIFO.xsdbm_v3_0_0_wrfifo_inst/inst_fifo_gen/gconvfifo.rf/grf.rf/gntv_or_sync_fifo.gcx.clkx/gnxpm_cdc.gsync_stage[1].wr_stg_inst/Q_reg_reg[3]}]] 8.000
Requirement: 8.000ns
Endpoints: 4

From Clock            To Clock              Endpoint Pin                    Reference Pin                   Corner  Actual(ns)  Slack(ns)
--------------------  --------------------  ------------------------------  ------------------------------  ------  ----------  ---------
clk_125mhz_mmcm_out   dbg_hub/inst/BSCANID.u_xsdbm_id/SWITCH_N_EXT_BSCAN.bscan_inst/SERIES7_BSCAN.bscan_inst/INTERNAL_TCK
                                            dbg_hub/inst/BSCANID.u_xsdbm_id/CORE_XSDB.UUT_MASTER/U_ICON_INTERFACE/U_CMD6_WR/U_WR_FIFO/SUBCORE_FIFO.xsdbm_v3_0_0_wrfifo_inst/inst_fifo_gen/gconvfifo.rf/grf.rf/gntv_or_sync_fifo.gcx.clkx/gnxpm_cdc.gsync_stage[1].wr_stg_inst/Q_reg_reg[2]/D
                                                                            dbg_hub/inst/BSCANID.u_xsdbm_id/CORE_XSDB.UUT_MASTER/U_ICON_INTERFACE/U_CMD6_WR/U_WR_FIFO/SUBCORE_FIFO.xsdbm_v3_0_0_wrfifo_inst/inst_fifo_gen/gconvfifo.rf/grf.rf/gntv_or_sync_fifo.gcx.clkx/gnxpm_cdc.gsync_stage[1].wr_stg_inst/Q_reg_reg[1]/D
                                                                                                            Slow         0.372      7.628


Slack (MET) :             7.628ns  (requirement - actual skew)
  Endpoint Source:        dbg_hub/inst/BSCANID.u_xsdbm_id/CORE_XSDB.UUT_MASTER/U_ICON_INTERFACE/U_CMD6_WR/U_WR_FIFO/SUBCORE_FIFO.xsdbm_v3_0_0_wrfifo_inst/inst_fifo_gen/gconvfifo.rf/grf.rf/gntv_or_sync_fifo.gcx.clkx/gnxpm_cdc.rd_pntr_gc_reg[2]/C
                            (rising edge-triggered cell FDCE clocked by clk_125mhz_mmcm_out)
  Endpoint Destination:   dbg_hub/inst/BSCANID.u_xsdbm_id/CORE_XSDB.UUT_MASTER/U_ICON_INTERFACE/U_CMD6_WR/U_WR_FIFO/SUBCORE_FIFO.xsdbm_v3_0_0_wrfifo_inst/inst_fifo_gen/gconvfifo.rf/grf.rf/gntv_or_sync_fifo.gcx.clkx/gnxpm_cdc.gsync_stage[1].wr_stg_inst/Q_reg_reg[2]/D
                            (rising edge-triggered cell FDCE clocked by dbg_hub/inst/BSCANID.u_xsdbm_id/SWITCH_N_EXT_BSCAN.bscan_inst/SERIES7_BSCAN.bscan_inst/INTERNAL_TCK)
  Reference Source:       dbg_hub/inst/BSCANID.u_xsdbm_id/CORE_XSDB.UUT_MASTER/U_ICON_INTERFACE/U_CMD6_WR/U_WR_FIFO/SUBCORE_FIFO.xsdbm_v3_0_0_wrfifo_inst/inst_fifo_gen/gconvfifo.rf/grf.rf/gntv_or_sync_fifo.gcx.clkx/gnxpm_cdc.rd_pntr_gc_reg[1]/C
                            (rising edge-triggered cell FDCE clocked by clk_125mhz_mmcm_out)
  Reference Destination:  dbg_hub/inst/BSCANID.u_xsdbm_id/CORE_XSDB.UUT_MASTER/U_ICON_INTERFACE/U_CMD6_WR/U_WR_FIFO/SUBCORE_FIFO.xsdbm_v3_0_0_wrfifo_inst/inst_fifo_gen/gconvfifo.rf/grf.rf/gntv_or_sync_fifo.gcx.clkx/gnxpm_cdc.gsync_stage[1].wr_stg_inst/Q_reg_reg[1]/D
                            (rising edge-triggered cell FDCE clocked by dbg_hub/inst/BSCANID.u_xsdbm_id/SWITCH_N_EXT_BSCAN.bscan_inst/SERIES7_BSCAN.bscan_inst/INTERNAL_TCK)
  Path Type:              Bus Skew (Max at Slow Process Corner)
  Requirement:            8.000ns
  Endpoint Relative Delay:    0.971ns
  Reference Relative Delay:  -3.811ns
  Relative CRPR:              4.410ns
  Actual Bus Skew:            0.372ns  (Endpoint Relative Delay - Reference Relative Delay - Relative CRPR)

Endpoint path:
    Location             Delay type                Incr(ns)  Path(ns)    Netlist Resource(s)
  -------------------------------------------------------------------    -------------------
                         (clock clk_125mhz_mmcm_out rise edge)
                                                      0.000     0.000 r  
    H9                                                0.000     0.000 r  clk_125mhz_p (IN)
                         net (fo=0)                   0.100     0.100    clk_125mhz_ibufg_inst/I
    HPIOBDIFFINBUF_X1Y130
                         DIFFINBUF (Prop_DIFFINBUF_HPIOBDIFFINBUF_DIFF_IN_P_O)
                                                      0.669     0.769 r  clk_125mhz_ibufg_inst/DIFFINBUF_INST/O
                         net (fo=1, routed)           0.050     0.819    clk_125mhz_ibufg_inst/OUT
    H9                   IBUFCTRL (Prop_IBUFCTRL_HPIOB_M_I_O)
                                                      0.000     0.819 r  clk_125mhz_ibufg_inst/IBUFCTRL_INST/O
                         net (fo=1, routed)           0.384     1.203    clk_125mhz_ibufg
    MMCM_X1Y5            MMCME4_ADV (Prop_MMCM_CLKIN1_CLKOUT0)
                                                     -0.127     1.076 r  clk_mmcm_inst/CLKOUT0
                         net (fo=1, routed)           0.244     1.320    clk_125mhz_mmcm_out
    BUFGCE_X1Y122        BUFGCE (Prop_BUFCE_BUFGCE_I_O)
                                                      0.028     1.348 r  clk_125mhz_bufg_inst/O
    X1Y2 (CLOCK_ROOT)    net (fo=3390, routed)        2.804     4.152    dbg_hub/inst/BSCANID.u_xsdbm_id/CORE_XSDB.UUT_MASTER/U_ICON_INTERFACE/U_CMD6_WR/U_WR_FIFO/SUBCORE_FIFO.xsdbm_v3_0_0_wrfifo_inst/inst_fifo_gen/gconvfifo.rf/grf.rf/gntv_or_sync_fifo.gcx.clkx/rd_clk
    SLICE_X79Y286        FDCE                                         r  dbg_hub/inst/BSCANID.u_xsdbm_id/CORE_XSDB.UUT_MASTER/U_ICON_INTERFACE/U_CMD6_WR/U_WR_FIFO/SUBCORE_FIFO.xsdbm_v3_0_0_wrfifo_inst/inst_fifo_gen/gconvfifo.rf/grf.rf/gntv_or_sync_fifo.gcx.clkx/gnxpm_cdc.rd_pntr_gc_reg[2]/C
  -------------------------------------------------------------------    -------------------
    SLICE_X79Y286        FDCE (Prop_FFF_SLICEM_C_Q)
                                                      0.076     4.228 r  dbg_hub/inst/BSCANID.u_xsdbm_id/CORE_XSDB.UUT_MASTER/U_ICON_INTERFACE/U_CMD6_WR/U_WR_FIFO/SUBCORE_FIFO.xsdbm_v3_0_0_wrfifo_inst/inst_fifo_gen/gconvfifo.rf/grf.rf/gntv_or_sync_fifo.gcx.clkx/gnxpm_cdc.rd_pntr_gc_reg[2]/Q
                         net (fo=1, routed)           0.357     4.585    dbg_hub/inst/BSCANID.u_xsdbm_id/CORE_XSDB.UUT_MASTER/U_ICON_INTERFACE/U_CMD6_WR/U_WR_FIFO/SUBCORE_FIFO.xsdbm_v3_0_0_wrfifo_inst/inst_fifo_gen/gconvfifo.rf/grf.rf/gntv_or_sync_fifo.gcx.clkx/gnxpm_cdc.gsync_stage[1].wr_stg_inst/Q[2]
    SLICE_X79Y287        FDCE                                         r  dbg_hub/inst/BSCANID.u_xsdbm_id/CORE_XSDB.UUT_MASTER/U_ICON_INTERFACE/U_CMD6_WR/U_WR_FIFO/SUBCORE_FIFO.xsdbm_v3_0_0_wrfifo_inst/inst_fifo_gen/gconvfifo.rf/grf.rf/gntv_or_sync_fifo.gcx.clkx/gnxpm_cdc.gsync_stage[1].wr_stg_inst/Q_reg_reg[2]/D
  -------------------------------------------------------------------    -------------------

                         (clock dbg_hub/inst/BSCANID.u_xsdbm_id/SWITCH_N_EXT_BSCAN.bscan_inst/SERIES7_BSCAN.bscan_inst/INTERNAL_TCK rise edge)
                                                      0.000     0.000 r  
    CONFIG_SITE_X0Y0     BSCANE2                      0.000     0.000 r  dbg_hub/inst/BSCANID.u_xsdbm_id/SWITCH_N_EXT_BSCAN.bscan_inst/SERIES7_BSCAN.bscan_inst/INTERNAL_TCK
    CONFIG_SITE_X0Y0     BSCANE2 (Prop_BSCAN1_CONFIG_SITE_INTERNAL_TCK_TCK)
                                                      0.465     0.465 r  dbg_hub/inst/BSCANID.u_xsdbm_id/SWITCH_N_EXT_BSCAN.bscan_inst/SERIES7_BSCAN.bscan_inst/TCK
                         net (fo=1, routed)           1.303     1.768    dbg_hub/inst/BSCANID.u_xsdbm_id/tck_bs
    BUFGCE_X1Y4          BUFGCE (Prop_BUFCE_BUFGCE_I_O)
                                                      0.024     1.792 r  dbg_hub/inst/BSCANID.u_xsdbm_id/SWITCH_N_EXT_BSCAN.u_bufg_icon_tck/O
    X2Y3 (CLOCK_ROOT)    net (fo=478, routed)         1.797     3.589    dbg_hub/inst/BSCANID.u_xsdbm_id/CORE_XSDB.UUT_MASTER/U_ICON_INTERFACE/U_CMD6_WR/U_WR_FIFO/SUBCORE_FIFO.xsdbm_v3_0_0_wrfifo_inst/inst_fifo_gen/gconvfifo.rf/grf.rf/gntv_or_sync_fifo.gcx.clkx/gnxpm_cdc.gsync_stage[1].wr_stg_inst/wr_clk
    SLICE_X79Y287        FDCE                                         r  dbg_hub/inst/BSCANID.u_xsdbm_id/CORE_XSDB.UUT_MASTER/U_ICON_INTERFACE/U_CMD6_WR/U_WR_FIFO/SUBCORE_FIFO.xsdbm_v3_0_0_wrfifo_inst/inst_fifo_gen/gconvfifo.rf/grf.rf/gntv_or_sync_fifo.gcx.clkx/gnxpm_cdc.gsync_stage[1].wr_stg_inst/Q_reg_reg[2]/C
                         clock pessimism              0.000     3.589    
    SLICE_X79Y287        FDCE (Setup_GFF2_SLICEM_C_D)
                                                      0.025     3.614    dbg_hub/inst/BSCANID.u_xsdbm_id/CORE_XSDB.UUT_MASTER/U_ICON_INTERFACE/U_CMD6_WR/U_WR_FIFO/SUBCORE_FIFO.xsdbm_v3_0_0_wrfifo_inst/inst_fifo_gen/gconvfifo.rf/grf.rf/gntv_or_sync_fifo.gcx.clkx/gnxpm_cdc.gsync_stage[1].wr_stg_inst/Q_reg_reg[2]
  -------------------------------------------------------------------
                         data arrival                           4.585    
                         clock arrival                          3.614    
  -------------------------------------------------------------------
                         relative delay                         0.971    

Reference path:
    Location             Delay type                Incr(ns)  Path(ns)    Netlist Resource(s)
  -------------------------------------------------------------------    -------------------
                         (clock clk_125mhz_mmcm_out rise edge)
                                                      0.000     0.000 r  
    H9                                                0.000     0.000 r  clk_125mhz_p (IN)
                         net (fo=0)                   0.079     0.079    clk_125mhz_ibufg_inst/I
    HPIOBDIFFINBUF_X1Y130
                         DIFFINBUF (Prop_DIFFINBUF_HPIOBDIFFINBUF_DIFF_IN_P_O)
                                                      0.558     0.637 r  clk_125mhz_ibufg_inst/DIFFINBUF_INST/O
                         net (fo=1, routed)           0.040     0.677    clk_125mhz_ibufg_inst/OUT
    H9                   IBUFCTRL (Prop_IBUFCTRL_HPIOB_M_I_O)
                                                      0.000     0.677 r  clk_125mhz_ibufg_inst/IBUFCTRL_INST/O
                         net (fo=1, routed)           0.333     1.010    clk_125mhz_ibufg
    MMCM_X1Y5            MMCME4_ADV (Prop_MMCM_CLKIN1_CLKOUT0)
                                                      0.630     1.640 r  clk_mmcm_inst/CLKOUT0
                         net (fo=1, routed)           0.214     1.854    clk_125mhz_mmcm_out
    BUFGCE_X1Y122        BUFGCE (Prop_BUFCE_BUFGCE_I_O)
                                                      0.024     1.878 r  clk_125mhz_bufg_inst/O
    X1Y2 (CLOCK_ROOT)    net (fo=3390, routed)        2.503     4.382    dbg_hub/inst/BSCANID.u_xsdbm_id/CORE_XSDB.UUT_MASTER/U_ICON_INTERFACE/U_CMD6_WR/U_WR_FIFO/SUBCORE_FIFO.xsdbm_v3_0_0_wrfifo_inst/inst_fifo_gen/gconvfifo.rf/grf.rf/gntv_or_sync_fifo.gcx.clkx/rd_clk
    SLICE_X79Y286        FDCE                                         r  dbg_hub/inst/BSCANID.u_xsdbm_id/CORE_XSDB.UUT_MASTER/U_ICON_INTERFACE/U_CMD6_WR/U_WR_FIFO/SUBCORE_FIFO.xsdbm_v3_0_0_wrfifo_inst/inst_fifo_gen/gconvfifo.rf/grf.rf/gntv_or_sync_fifo.gcx.clkx/gnxpm_cdc.rd_pntr_gc_reg[1]/C
  -------------------------------------------------------------------    -------------------
    SLICE_X79Y286        FDCE (Prop_DFF2_SLICEM_C_Q)
                                                      0.061     4.443 r  dbg_hub/inst/BSCANID.u_xsdbm_id/CORE_XSDB.UUT_MASTER/U_ICON_INTERFACE/U_CMD6_WR/U_WR_FIFO/SUBCORE_FIFO.xsdbm_v3_0_0_wrfifo_inst/inst_fifo_gen/gconvfifo.rf/grf.rf/gntv_or_sync_fifo.gcx.clkx/gnxpm_cdc.rd_pntr_gc_reg[1]/Q
                         net (fo=1, routed)           0.075     4.518    dbg_hub/inst/BSCANID.u_xsdbm_id/CORE_XSDB.UUT_MASTER/U_ICON_INTERFACE/U_CMD6_WR/U_WR_FIFO/SUBCORE_FIFO.xsdbm_v3_0_0_wrfifo_inst/inst_fifo_gen/gconvfifo.rf/grf.rf/gntv_or_sync_fifo.gcx.clkx/gnxpm_cdc.gsync_stage[1].wr_stg_inst/Q[1]
    SLICE_X79Y287        FDCE                                         r  dbg_hub/inst/BSCANID.u_xsdbm_id/CORE_XSDB.UUT_MASTER/U_ICON_INTERFACE/U_CMD6_WR/U_WR_FIFO/SUBCORE_FIFO.xsdbm_v3_0_0_wrfifo_inst/inst_fifo_gen/gconvfifo.rf/grf.rf/gntv_or_sync_fifo.gcx.clkx/gnxpm_cdc.gsync_stage[1].wr_stg_inst/Q_reg_reg[1]/D
  -------------------------------------------------------------------    -------------------

                         (clock dbg_hub/inst/BSCANID.u_xsdbm_id/SWITCH_N_EXT_BSCAN.bscan_inst/SERIES7_BSCAN.bscan_inst/INTERNAL_TCK rise edge)
                                                      0.000     0.000 r  
    CONFIG_SITE_X0Y0     BSCANE2                      0.000     0.000 r  dbg_hub/inst/BSCANID.u_xsdbm_id/SWITCH_N_EXT_BSCAN.bscan_inst/SERIES7_BSCAN.bscan_inst/INTERNAL_TCK
    CONFIG_SITE_X0Y0     BSCANE2 (Prop_BSCAN1_CONFIG_SITE_INTERNAL_TCK_TCK)
                                                      4.300     4.300 r  dbg_hub/inst/BSCANID.u_xsdbm_id/SWITCH_N_EXT_BSCAN.bscan_inst/SERIES7_BSCAN.bscan_inst/TCK
                         net (fo=1, routed)           1.902     6.202    dbg_hub/inst/BSCANID.u_xsdbm_id/tck_bs
    BUFGCE_X1Y4          BUFGCE (Prop_BUFCE_BUFGCE_I_O)
                                                      0.028     6.230 r  dbg_hub/inst/BSCANID.u_xsdbm_id/SWITCH_N_EXT_BSCAN.u_bufg_icon_tck/O
    X2Y3 (CLOCK_ROOT)    net (fo=478, routed)         2.037     8.267    dbg_hub/inst/BSCANID.u_xsdbm_id/CORE_XSDB.UUT_MASTER/U_ICON_INTERFACE/U_CMD6_WR/U_WR_FIFO/SUBCORE_FIFO.xsdbm_v3_0_0_wrfifo_inst/inst_fifo_gen/gconvfifo.rf/grf.rf/gntv_or_sync_fifo.gcx.clkx/gnxpm_cdc.gsync_stage[1].wr_stg_inst/wr_clk
    SLICE_X79Y287        FDCE                                         r  dbg_hub/inst/BSCANID.u_xsdbm_id/CORE_XSDB.UUT_MASTER/U_ICON_INTERFACE/U_CMD6_WR/U_WR_FIFO/SUBCORE_FIFO.xsdbm_v3_0_0_wrfifo_inst/inst_fifo_gen/gconvfifo.rf/grf.rf/gntv_or_sync_fifo.gcx.clkx/gnxpm_cdc.gsync_stage[1].wr_stg_inst/Q_reg_reg[1]/C
                         clock pessimism              0.000     8.267    
    SLICE_X79Y287        FDCE (Hold_HFF2_SLICEM_C_D)
                                                      0.062     8.329    dbg_hub/inst/BSCANID.u_xsdbm_id/CORE_XSDB.UUT_MASTER/U_ICON_INTERFACE/U_CMD6_WR/U_WR_FIFO/SUBCORE_FIFO.xsdbm_v3_0_0_wrfifo_inst/inst_fifo_gen/gconvfifo.rf/grf.rf/gntv_or_sync_fifo.gcx.clkx/gnxpm_cdc.gsync_stage[1].wr_stg_inst/Q_reg_reg[1]
  -------------------------------------------------------------------
                         data arrival                           4.518    
                         clock arrival                          8.329    
  -------------------------------------------------------------------
                         relative delay                        -3.811    



Id: 18
set_bus_skew -from [get_cells [list {dbg_hub/inst/BSCANID.u_xsdbm_id/CORE_XSDB.UUT_MASTER/U_ICON_INTERFACE/U_CMD6_WR/U_WR_FIFO/SUBCORE_FIFO.xsdbm_v3_0_0_wrfifo_inst/inst_fifo_gen/gconvfifo.rf/grf.rf/gntv_or_sync_fifo.gcx.clkx/gnxpm_cdc.wr_pntr_gc_reg[0]} {dbg_hub/inst/BSCANID.u_xsdbm_id/CORE_XSDB.UUT_MASTER/U_ICON_INTERFACE/U_CMD6_WR/U_WR_FIFO/SUBCORE_FIFO.xsdbm_v3_0_0_wrfifo_inst/inst_fifo_gen/gconvfifo.rf/grf.rf/gntv_or_sync_fifo.gcx.clkx/gnxpm_cdc.wr_pntr_gc_reg[1]} {dbg_hub/inst/BSCANID.u_xsdbm_id/CORE_XSDB.UUT_MASTER/U_ICON_INTERFACE/U_CMD6_WR/U_WR_FIFO/SUBCORE_FIFO.xsdbm_v3_0_0_wrfifo_inst/inst_fifo_gen/gconvfifo.rf/grf.rf/gntv_or_sync_fifo.gcx.clkx/gnxpm_cdc.wr_pntr_gc_reg[2]} {dbg_hub/inst/BSCANID.u_xsdbm_id/CORE_XSDB.UUT_MASTER/U_ICON_INTERFACE/U_CMD6_WR/U_WR_FIFO/SUBCORE_FIFO.xsdbm_v3_0_0_wrfifo_inst/inst_fifo_gen/gconvfifo.rf/grf.rf/gntv_or_sync_fifo.gcx.clkx/gnxpm_cdc.wr_pntr_gc_reg[3]}]] -to [get_cells [list {dbg_hub/inst/BSCANID.u_xsdbm_id/CORE_XSDB.UUT_MASTER/U_ICON_INTERFACE/U_CMD6_WR/U_WR_FIFO/SUBCORE_FIFO.xsdbm_v3_0_0_wrfifo_inst/inst_fifo_gen/gconvfifo.rf/grf.rf/gntv_or_sync_fifo.gcx.clkx/gnxpm_cdc.gsync_stage[1].rd_stg_inst/Q_reg_reg[0]} {dbg_hub/inst/BSCANID.u_xsdbm_id/CORE_XSDB.UUT_MASTER/U_ICON_INTERFACE/U_CMD6_WR/U_WR_FIFO/SUBCORE_FIFO.xsdbm_v3_0_0_wrfifo_inst/inst_fifo_gen/gconvfifo.rf/grf.rf/gntv_or_sync_fifo.gcx.clkx/gnxpm_cdc.gsync_stage[1].rd_stg_inst/Q_reg_reg[1]} {dbg_hub/inst/BSCANID.u_xsdbm_id/CORE_XSDB.UUT_MASTER/U_ICON_INTERFACE/U_CMD6_WR/U_WR_FIFO/SUBCORE_FIFO.xsdbm_v3_0_0_wrfifo_inst/inst_fifo_gen/gconvfifo.rf/grf.rf/gntv_or_sync_fifo.gcx.clkx/gnxpm_cdc.gsync_stage[1].rd_stg_inst/Q_reg_reg[2]} {dbg_hub/inst/BSCANID.u_xsdbm_id/CORE_XSDB.UUT_MASTER/U_ICON_INTERFACE/U_CMD6_WR/U_WR_FIFO/SUBCORE_FIFO.xsdbm_v3_0_0_wrfifo_inst/inst_fifo_gen/gconvfifo.rf/grf.rf/gntv_or_sync_fifo.gcx.clkx/gnxpm_cdc.gsync_stage[1].rd_stg_inst/Q_reg_reg[3]}]] 8.000
Requirement: 8.000ns
Endpoints: 4

From Clock            To Clock              Endpoint Pin                    Reference Pin                   Corner  Actual(ns)  Slack(ns)
--------------------  --------------------  ------------------------------  ------------------------------  ------  ----------  ---------
dbg_hub/inst/BSCANID.u_xsdbm_id/SWITCH_N_EXT_BSCAN.bscan_inst/SERIES7_BSCAN.bscan_inst/INTERNAL_TCK
                      clk_125mhz_mmcm_out   dbg_hub/inst/BSCANID.u_xsdbm_id/CORE_XSDB.UUT_MASTER/U_ICON_INTERFACE/U_CMD6_WR/U_WR_FIFO/SUBCORE_FIFO.xsdbm_v3_0_0_wrfifo_inst/inst_fifo_gen/gconvfifo.rf/grf.rf/gntv_or_sync_fifo.gcx.clkx/gnxpm_cdc.gsync_stage[1].rd_stg_inst/Q_reg_reg[1]/D
                                                                            dbg_hub/inst/BSCANID.u_xsdbm_id/CORE_XSDB.UUT_MASTER/U_ICON_INTERFACE/U_CMD6_WR/U_WR_FIFO/SUBCORE_FIFO.xsdbm_v3_0_0_wrfifo_inst/inst_fifo_gen/gconvfifo.rf/grf.rf/gntv_or_sync_fifo.gcx.clkx/gnxpm_cdc.gsync_stage[1].rd_stg_inst/Q_reg_reg[0]/D
                                                                                                            Slow         0.309      7.691


Slack (MET) :             7.691ns  (requirement - actual skew)
  Endpoint Source:        dbg_hub/inst/BSCANID.u_xsdbm_id/CORE_XSDB.UUT_MASTER/U_ICON_INTERFACE/U_CMD6_WR/U_WR_FIFO/SUBCORE_FIFO.xsdbm_v3_0_0_wrfifo_inst/inst_fifo_gen/gconvfifo.rf/grf.rf/gntv_or_sync_fifo.gcx.clkx/gnxpm_cdc.wr_pntr_gc_reg[1]/C
                            (rising edge-triggered cell FDCE clocked by dbg_hub/inst/BSCANID.u_xsdbm_id/SWITCH_N_EXT_BSCAN.bscan_inst/SERIES7_BSCAN.bscan_inst/INTERNAL_TCK)
  Endpoint Destination:   dbg_hub/inst/BSCANID.u_xsdbm_id/CORE_XSDB.UUT_MASTER/U_ICON_INTERFACE/U_CMD6_WR/U_WR_FIFO/SUBCORE_FIFO.xsdbm_v3_0_0_wrfifo_inst/inst_fifo_gen/gconvfifo.rf/grf.rf/gntv_or_sync_fifo.gcx.clkx/gnxpm_cdc.gsync_stage[1].rd_stg_inst/Q_reg_reg[1]/D
                            (rising edge-triggered cell FDCE clocked by clk_125mhz_mmcm_out)
  Reference Source:       dbg_hub/inst/BSCANID.u_xsdbm_id/CORE_XSDB.UUT_MASTER/U_ICON_INTERFACE/U_CMD6_WR/U_WR_FIFO/SUBCORE_FIFO.xsdbm_v3_0_0_wrfifo_inst/inst_fifo_gen/gconvfifo.rf/grf.rf/gntv_or_sync_fifo.gcx.clkx/gnxpm_cdc.wr_pntr_gc_reg[0]/C
                            (rising edge-triggered cell FDCE clocked by dbg_hub/inst/BSCANID.u_xsdbm_id/SWITCH_N_EXT_BSCAN.bscan_inst/SERIES7_BSCAN.bscan_inst/INTERNAL_TCK)
  Reference Destination:  dbg_hub/inst/BSCANID.u_xsdbm_id/CORE_XSDB.UUT_MASTER/U_ICON_INTERFACE/U_CMD6_WR/U_WR_FIFO/SUBCORE_FIFO.xsdbm_v3_0_0_wrfifo_inst/inst_fifo_gen/gconvfifo.rf/grf.rf/gntv_or_sync_fifo.gcx.clkx/gnxpm_cdc.gsync_stage[1].rd_stg_inst/Q_reg_reg[0]/D
                            (rising edge-triggered cell FDCE clocked by clk_125mhz_mmcm_out)
  Path Type:              Bus Skew (Max at Slow Process Corner)
  Requirement:            8.000ns
  Endpoint Relative Delay:    4.223ns
  Reference Relative Delay:  -0.477ns
  Relative CRPR:              4.391ns
  Actual Bus Skew:            0.309ns  (Endpoint Relative Delay - Reference Relative Delay - Relative CRPR)

Endpoint path:
    Location             Delay type                Incr(ns)  Path(ns)    Netlist Resource(s)
  -------------------------------------------------------------------    -------------------
                         (clock dbg_hub/inst/BSCANID.u_xsdbm_id/SWITCH_N_EXT_BSCAN.bscan_inst/SERIES7_BSCAN.bscan_inst/INTERNAL_TCK rise edge)
                                                      0.000     0.000 r  
    CONFIG_SITE_X0Y0     BSCANE2                      0.000     0.000 r  dbg_hub/inst/BSCANID.u_xsdbm_id/SWITCH_N_EXT_BSCAN.bscan_inst/SERIES7_BSCAN.bscan_inst/INTERNAL_TCK
    CONFIG_SITE_X0Y0     BSCANE2 (Prop_BSCAN1_CONFIG_SITE_INTERNAL_TCK_TCK)
                                                      4.300     4.300 r  dbg_hub/inst/BSCANID.u_xsdbm_id/SWITCH_N_EXT_BSCAN.bscan_inst/SERIES7_BSCAN.bscan_inst/TCK
                         net (fo=1, routed)           1.902     6.202    dbg_hub/inst/BSCANID.u_xsdbm_id/tck_bs
    BUFGCE_X1Y4          BUFGCE (Prop_BUFCE_BUFGCE_I_O)
                                                      0.028     6.230 r  dbg_hub/inst/BSCANID.u_xsdbm_id/SWITCH_N_EXT_BSCAN.u_bufg_icon_tck/O
    X2Y3 (CLOCK_ROOT)    net (fo=478, routed)         2.003     8.233    dbg_hub/inst/BSCANID.u_xsdbm_id/CORE_XSDB.UUT_MASTER/U_ICON_INTERFACE/U_CMD6_WR/U_WR_FIFO/SUBCORE_FIFO.xsdbm_v3_0_0_wrfifo_inst/inst_fifo_gen/gconvfifo.rf/grf.rf/gntv_or_sync_fifo.gcx.clkx/wr_clk
    SLICE_X80Y286        FDCE                                         r  dbg_hub/inst/BSCANID.u_xsdbm_id/CORE_XSDB.UUT_MASTER/U_ICON_INTERFACE/U_CMD6_WR/U_WR_FIFO/SUBCORE_FIFO.xsdbm_v3_0_0_wrfifo_inst/inst_fifo_gen/gconvfifo.rf/grf.rf/gntv_or_sync_fifo.gcx.clkx/gnxpm_cdc.wr_pntr_gc_reg[1]/C
  -------------------------------------------------------------------    -------------------
    SLICE_X80Y286        FDCE (Prop_HFF2_SLICEL_C_Q)
                                                      0.080     8.313 r  dbg_hub/inst/BSCANID.u_xsdbm_id/CORE_XSDB.UUT_MASTER/U_ICON_INTERFACE/U_CMD6_WR/U_WR_FIFO/SUBCORE_FIFO.xsdbm_v3_0_0_wrfifo_inst/inst_fifo_gen/gconvfifo.rf/grf.rf/gntv_or_sync_fifo.gcx.clkx/gnxpm_cdc.wr_pntr_gc_reg[1]/Q
                         net (fo=1, routed)           0.316     8.629    dbg_hub/inst/BSCANID.u_xsdbm_id/CORE_XSDB.UUT_MASTER/U_ICON_INTERFACE/U_CMD6_WR/U_WR_FIFO/SUBCORE_FIFO.xsdbm_v3_0_0_wrfifo_inst/inst_fifo_gen/gconvfifo.rf/grf.rf/gntv_or_sync_fifo.gcx.clkx/gnxpm_cdc.gsync_stage[1].rd_stg_inst/Q[1]
    SLICE_X79Y286        FDCE                                         r  dbg_hub/inst/BSCANID.u_xsdbm_id/CORE_XSDB.UUT_MASTER/U_ICON_INTERFACE/U_CMD6_WR/U_WR_FIFO/SUBCORE_FIFO.xsdbm_v3_0_0_wrfifo_inst/inst_fifo_gen/gconvfifo.rf/grf.rf/gntv_or_sync_fifo.gcx.clkx/gnxpm_cdc.gsync_stage[1].rd_stg_inst/Q_reg_reg[1]/D
  -------------------------------------------------------------------    -------------------

                         (clock clk_125mhz_mmcm_out rise edge)
                                                      0.000     0.000 r  
    H9                                                0.000     0.000 r  clk_125mhz_p (IN)
                         net (fo=0)                   0.079     0.079    clk_125mhz_ibufg_inst/I
    HPIOBDIFFINBUF_X1Y130
                         DIFFINBUF (Prop_DIFFINBUF_HPIOBDIFFINBUF_DIFF_IN_P_O)
                                                      0.558     0.637 r  clk_125mhz_ibufg_inst/DIFFINBUF_INST/O
                         net (fo=1, routed)           0.040     0.677    clk_125mhz_ibufg_inst/OUT
    H9                   IBUFCTRL (Prop_IBUFCTRL_HPIOB_M_I_O)
                                                      0.000     0.677 r  clk_125mhz_ibufg_inst/IBUFCTRL_INST/O
                         net (fo=1, routed)           0.333     1.010    clk_125mhz_ibufg
    MMCM_X1Y5            MMCME4_ADV (Prop_MMCM_CLKIN1_CLKOUT0)
                                                      0.630     1.640 r  clk_mmcm_inst/CLKOUT0
                         net (fo=1, routed)           0.214     1.854    clk_125mhz_mmcm_out
    BUFGCE_X1Y122        BUFGCE (Prop_BUFCE_BUFGCE_I_O)
                                                      0.024     1.878 r  clk_125mhz_bufg_inst/O
    X1Y2 (CLOCK_ROOT)    net (fo=3390, routed)        2.502     4.381    dbg_hub/inst/BSCANID.u_xsdbm_id/CORE_XSDB.UUT_MASTER/U_ICON_INTERFACE/U_CMD6_WR/U_WR_FIFO/SUBCORE_FIFO.xsdbm_v3_0_0_wrfifo_inst/inst_fifo_gen/gconvfifo.rf/grf.rf/gntv_or_sync_fifo.gcx.clkx/gnxpm_cdc.gsync_stage[1].rd_stg_inst/rd_clk
    SLICE_X79Y286        FDCE                                         r  dbg_hub/inst/BSCANID.u_xsdbm_id/CORE_XSDB.UUT_MASTER/U_ICON_INTERFACE/U_CMD6_WR/U_WR_FIFO/SUBCORE_FIFO.xsdbm_v3_0_0_wrfifo_inst/inst_fifo_gen/gconvfifo.rf/grf.rf/gntv_or_sync_fifo.gcx.clkx/gnxpm_cdc.gsync_stage[1].rd_stg_inst/Q_reg_reg[1]/C
                         clock pessimism              0.000     4.381    
    SLICE_X79Y286        FDCE (Setup_HFF2_SLICEM_C_D)
                                                      0.025     4.406    dbg_hub/inst/BSCANID.u_xsdbm_id/CORE_XSDB.UUT_MASTER/U_ICON_INTERFACE/U_CMD6_WR/U_WR_FIFO/SUBCORE_FIFO.xsdbm_v3_0_0_wrfifo_inst/inst_fifo_gen/gconvfifo.rf/grf.rf/gntv_or_sync_fifo.gcx.clkx/gnxpm_cdc.gsync_stage[1].rd_stg_inst/Q_reg_reg[1]
  -------------------------------------------------------------------
                         data arrival                           8.629    
                         clock arrival                          4.406    
  -------------------------------------------------------------------
                         relative delay                         4.223    

Reference path:
    Location             Delay type                Incr(ns)  Path(ns)    Netlist Resource(s)
  -------------------------------------------------------------------    -------------------
                         (clock dbg_hub/inst/BSCANID.u_xsdbm_id/SWITCH_N_EXT_BSCAN.bscan_inst/SERIES7_BSCAN.bscan_inst/INTERNAL_TCK rise edge)
                                                      0.000     0.000 r  
    CONFIG_SITE_X0Y0     BSCANE2                      0.000     0.000 r  dbg_hub/inst/BSCANID.u_xsdbm_id/SWITCH_N_EXT_BSCAN.bscan_inst/SERIES7_BSCAN.bscan_inst/INTERNAL_TCK
    CONFIG_SITE_X0Y0     BSCANE2 (Prop_BSCAN1_CONFIG_SITE_INTERNAL_TCK_TCK)
                                                      0.465     0.465 r  dbg_hub/inst/BSCANID.u_xsdbm_id/SWITCH_N_EXT_BSCAN.bscan_inst/SERIES7_BSCAN.bscan_inst/TCK
                         net (fo=1, routed)           1.303     1.768    dbg_hub/inst/BSCANID.u_xsdbm_id/tck_bs
    BUFGCE_X1Y4          BUFGCE (Prop_BUFCE_BUFGCE_I_O)
                                                      0.024     1.792 r  dbg_hub/inst/BSCANID.u_xsdbm_id/SWITCH_N_EXT_BSCAN.u_bufg_icon_tck/O
    X2Y3 (CLOCK_ROOT)    net (fo=478, routed)         1.782     3.574    dbg_hub/inst/BSCANID.u_xsdbm_id/CORE_XSDB.UUT_MASTER/U_ICON_INTERFACE/U_CMD6_WR/U_WR_FIFO/SUBCORE_FIFO.xsdbm_v3_0_0_wrfifo_inst/inst_fifo_gen/gconvfifo.rf/grf.rf/gntv_or_sync_fifo.gcx.clkx/wr_clk
    SLICE_X80Y286        FDCE                                         r  dbg_hub/inst/BSCANID.u_xsdbm_id/CORE_XSDB.UUT_MASTER/U_ICON_INTERFACE/U_CMD6_WR/U_WR_FIFO/SUBCORE_FIFO.xsdbm_v3_0_0_wrfifo_inst/inst_fifo_gen/gconvfifo.rf/grf.rf/gntv_or_sync_fifo.gcx.clkx/gnxpm_cdc.wr_pntr_gc_reg[0]/C
  -------------------------------------------------------------------    -------------------
    SLICE_X80Y286        FDCE (Prop_HFF_SLICEL_C_Q)
                                                      0.058     3.632 r  dbg_hub/inst/BSCANID.u_xsdbm_id/CORE_XSDB.UUT_MASTER/U_ICON_INTERFACE/U_CMD6_WR/U_WR_FIFO/SUBCORE_FIFO.xsdbm_v3_0_0_wrfifo_inst/inst_fifo_gen/gconvfifo.rf/grf.rf/gntv_or_sync_fifo.gcx.clkx/gnxpm_cdc.wr_pntr_gc_reg[0]/Q
                         net (fo=1, routed)           0.107     3.739    dbg_hub/inst/BSCANID.u_xsdbm_id/CORE_XSDB.UUT_MASTER/U_ICON_INTERFACE/U_CMD6_WR/U_WR_FIFO/SUBCORE_FIFO.xsdbm_v3_0_0_wrfifo_inst/inst_fifo_gen/gconvfifo.rf/grf.rf/gntv_or_sync_fifo.gcx.clkx/gnxpm_cdc.gsync_stage[1].rd_stg_inst/Q[0]
    SLICE_X79Y286        FDCE                                         r  dbg_hub/inst/BSCANID.u_xsdbm_id/CORE_XSDB.UUT_MASTER/U_ICON_INTERFACE/U_CMD6_WR/U_WR_FIFO/SUBCORE_FIFO.xsdbm_v3_0_0_wrfifo_inst/inst_fifo_gen/gconvfifo.rf/grf.rf/gntv_or_sync_fifo.gcx.clkx/gnxpm_cdc.gsync_stage[1].rd_stg_inst/Q_reg_reg[0]/D
  -------------------------------------------------------------------    -------------------

                         (clock clk_125mhz_mmcm_out rise edge)
                                                      0.000     0.000 r  
    H9                                                0.000     0.000 r  clk_125mhz_p (IN)
                         net (fo=0)                   0.100     0.100    clk_125mhz_ibufg_inst/I
    HPIOBDIFFINBUF_X1Y130
                         DIFFINBUF (Prop_DIFFINBUF_HPIOBDIFFINBUF_DIFF_IN_P_O)
                                                      0.669     0.769 r  clk_125mhz_ibufg_inst/DIFFINBUF_INST/O
                         net (fo=1, routed)           0.050     0.819    clk_125mhz_ibufg_inst/OUT
    H9                   IBUFCTRL (Prop_IBUFCTRL_HPIOB_M_I_O)
                                                      0.000     0.819 r  clk_125mhz_ibufg_inst/IBUFCTRL_INST/O
                         net (fo=1, routed)           0.384     1.203    clk_125mhz_ibufg
    MMCM_X1Y5            MMCME4_ADV (Prop_MMCM_CLKIN1_CLKOUT0)
                                                     -0.127     1.076 r  clk_mmcm_inst/CLKOUT0
                         net (fo=1, routed)           0.244     1.320    clk_125mhz_mmcm_out
    BUFGCE_X1Y122        BUFGCE (Prop_BUFCE_BUFGCE_I_O)
                                                      0.028     1.348 r  clk_125mhz_bufg_inst/O
    X1Y2 (CLOCK_ROOT)    net (fo=3390, routed)        2.806     4.154    dbg_hub/inst/BSCANID.u_xsdbm_id/CORE_XSDB.UUT_MASTER/U_ICON_INTERFACE/U_CMD6_WR/U_WR_FIFO/SUBCORE_FIFO.xsdbm_v3_0_0_wrfifo_inst/inst_fifo_gen/gconvfifo.rf/grf.rf/gntv_or_sync_fifo.gcx.clkx/gnxpm_cdc.gsync_stage[1].rd_stg_inst/rd_clk
    SLICE_X79Y286        FDCE                                         r  dbg_hub/inst/BSCANID.u_xsdbm_id/CORE_XSDB.UUT_MASTER/U_ICON_INTERFACE/U_CMD6_WR/U_WR_FIFO/SUBCORE_FIFO.xsdbm_v3_0_0_wrfifo_inst/inst_fifo_gen/gconvfifo.rf/grf.rf/gntv_or_sync_fifo.gcx.clkx/gnxpm_cdc.gsync_stage[1].rd_stg_inst/Q_reg_reg[0]/C
                         clock pessimism              0.000     4.154    
    SLICE_X79Y286        FDCE (Hold_BFF2_SLICEM_C_D)
                                                      0.062     4.216    dbg_hub/inst/BSCANID.u_xsdbm_id/CORE_XSDB.UUT_MASTER/U_ICON_INTERFACE/U_CMD6_WR/U_WR_FIFO/SUBCORE_FIFO.xsdbm_v3_0_0_wrfifo_inst/inst_fifo_gen/gconvfifo.rf/grf.rf/gntv_or_sync_fifo.gcx.clkx/gnxpm_cdc.gsync_stage[1].rd_stg_inst/Q_reg_reg[0]
  -------------------------------------------------------------------
                         data arrival                           3.739    
                         clock arrival                          4.216    
  -------------------------------------------------------------------
                         relative delay                        -0.477    



